// GENERATED by gen_unicode_tables.py from Unicode 16.0.0. Do not edit.
//
// Included by unicode_nfc_tests.cpp.

// Unicode's NormalizationTest.txt, NFC columns only.
// Cases by suite part: part0=90, part1=1868, part2=4227, part3=291, part4=1156, part5=90.
constexpr std::array<uint32_t, 46878> NFC_VECTOR_DATA{
  0x1E0A, 0x44, 0x307, 0x1E0A, 0x1E0C, 0x44, 0x323, 0x1E0C, 0x1E0A, 0x323, 0x1E0C, 0x307,
  0x1E0C, 0x307, 0x44, 0x323, 0x307, 0x1E0C, 0x307, 0x44, 0x307, 0x323, 0x1E0C, 0x307,
  0x1E0A, 0x31B, 0x44, 0x31B, 0x307, 0x1E0A, 0x31B, 0x1E0C, 0x31B, 0x44, 0x31B, 0x323,
  0x1E0C, 0x31B, 0x1E0A, 0x31B, 0x323, 0x1E0C, 0x31B, 0x307, 0x1E0C, 0x31B, 0x307, 0x44,
  0x31B, 0x323, 0x307, 0x1E0C, 0x31B, 0x307, 0x44, 0x31B, 0x307, 0x323, 0x1E0C, 0x31B,
  0x307, 0xC8, 0x45, 0x300, 0xC8, 0x112, 0x45, 0x304, 0x112, 0x1E14, 0x45, 0x304,
  0x300, 0x1E14, 0x112, 0x300, 0x1E14, 0x1E14, 0x304, 0x45, 0x304, 0x300, 0x304, 0x1E14,
  0x304, 0x45, 0x300, 0x304, 0xC8, 0x304, 0xC8, 0x304, 0x5B8, 0x5B9, 0x5B1, 0x591,
  0x5C3, 0x5B0, 0x5AC, 0x59F, 0x5B1, 0x5B8, 0x5B9, 0x591, 0x5C3, 0x5B0, 0x5AC, 0x59F,
  0x5B1, 0x5B8, 0x5B9, 0x591, 0x5C3, 0x5B0, 0x5AC, 0x59F, 0x592, 0x5B7, 0x5BC, 0x5A5,
  0x5B0, 0x5C0, 0x5C4, 0x5AD, 0x5B0, 0x5B7, 0x5BC, 0x5A5, 0x592, 0x5C0, 0x5AD, 0x5C4,
  0x5B0, 0x5B7, 0x5BC, 0x5A5, 0x592, 0x5C0, 0x5AD, 0x5C4, 0x1100, 0xAC00, 0x11A8, 0x1100,
  0xAC01, 0x1100, 0xAC01, 0x1100, 0x1100, 0x1161, 0x11A8, 0x1100, 0xAC01, 0x1100, 0xAC00, 0x11A8,
  0x11A8, 0x1100, 0xAC01, 0x11A8, 0x1100, 0xAC01, 0x11A8, 0x1100, 0x1100, 0x1161, 0x11A8, 0x11A8,
  0x1100, 0xAC01, 0x11A8, 0x1C4, 0x323, 0x44, 0x1E92, 0x30C, 0x44, 0x5A, 0x323, 0x30C,
  0x44, 0x1E92, 0x30C, 0x1C5, 0x323, 0x44, 0x1E93, 0x30C, 0x44, 0x7A, 0x323, 0x30C,
  0x44, 0x1E93, 0x30C, 0x1C6, 0x323, 0x64, 0x1E93, 0x30C, 0x64, 0x7A, 0x323, 0x30C,
  0x64, 0x1E93, 0x30C, 0xDDD, 0x334, 0xDD9, 0xDCF, 0x334, 0xDCA, 0xDDD, 0x334, 0x3304,
  0x334, 0x30A4, 0x30CB, 0x30F3, 0x30B0, 0x334, 0x30A4, 0x30CB, 0x30F3, 0x30AF, 0x334, 0x3099,
  0x30A4, 0x30CB, 0x30F3, 0x30B0, 0x334, 0x3307, 0x334, 0x30A8, 0x30B9, 0x30AF, 0x30FC, 0x30C9,
  0x334, 0x30A8, 0x30B9, 0x30AF, 0x30FC, 0x30C8, 0x334, 0x3099, 0x30A8, 0x30B9, 0x30AF, 0x30FC,
  0x30C9, 0x334, 0x3310, 0x334, 0x30AE, 0x30AC, 0x334, 0x30AD, 0x3099, 0x30AB, 0x334, 0x3099,
  0x30AE, 0x30AC, 0x334, 0x331E, 0x334, 0x30B3, 0x30FC, 0x30DD, 0x334, 0x30B3, 0x30FC, 0x30DB,
  0x334, 0x309A, 0x30B3, 0x30FC, 0x30DD, 0x334, 0x3321, 0x334, 0x30B7, 0x30EA, 0x30F3, 0x30B0,
  0x334, 0x30B7, 0x30EA, 0x30F3, 0x30AF, 0x334, 0x3099, 0x30B7, 0x30EA, 0x30F3, 0x30B0, 0x334,
  0x3332, 0x334, 0x30D5, 0x30A1, 0x30E9, 0x30C3, 0x30C9, 0x334, 0x30D5, 0x30A1, 0x30E9, 0x30C3,
  0x30C8, 0x334, 0x3099, 0x30D5, 0x30A1, 0x30E9, 0x30C3, 0x30C9, 0x334, 0x333B, 0x334, 0x30DA,
  0x30FC, 0x30B8, 0x334, 0x30D8, 0x309A, 0x30FC, 0x30B7, 0x334, 0x3099, 0x30DA, 0x30FC, 0x30B8,
  0x334, 0x3340, 0x334, 0x30DD, 0x30F3, 0x30C9, 0x334, 0x30DB, 0x309A, 0x30F3, 0x30C8, 0x334,
  0x3099, 0x30DD, 0x30F3, 0x30C9, 0x334, 0x334B, 0x334, 0x30E1, 0x30AC, 0x334, 0x30E1, 0x30AB,
  0x334, 0x3099, 0x30E1, 0x30AC, 0x334, 0x334E, 0x334, 0x30E4, 0x30FC, 0x30C9, 0x334, 0x30E4,
  0x30FC, 0x30C8, 0x334, 0x3099, 0x30E4, 0x30FC, 0x30C9, 0x334, 0xFEF5, 0x656, 0x644, 0x622,
  0x656, 0x644, 0x627, 0x656, 0x653, 0x644, 0x622, 0x656, 0xFEF6, 0x656, 0xFEF7, 0x656,
  0x644, 0x623, 0x656, 0x644, 0x627, 0x656, 0x654, 0x644, 0x623, 0x656, 0xFEF8, 0x656,
  0xFEF9, 0x334, 0x644, 0x625, 0x334, 0x644, 0x627, 0x334, 0x655, 0x644, 0x625, 0x334,
  0xFEFA, 0x334, 0xB3, 0xBC, 0xC3, 0x41, 0x303, 0xC3, 0xCA, 0x45, 0x302, 0xCA,
  0xD1, 0x4E, 0x303, 0xD1, 0xD9, 0x55, 0x300, 0xD9, 0xE1, 0x61, 0x301, 0xE1,
  0xE8, 0x65, 0x300, 0xE8, 0xEE, 0x69, 0x302, 0xEE, 0xF5, 0x6F, 0x303, 0xF5,
  0xFD, 0x79, 0x301, 0xFD, 0x104, 0x41, 0x328, 0x104, 0x10A, 0x43, 0x307, 0x10A,
  0x118, 0x45, 0x328, 0x118, 0x11E, 0x47, 0x306, 0x11E, 0x124, 0x48, 0x302, 0x124,
  0x12C, 0x49, 0x306, 0x12C, 0x133, 0x13A, 0x6C, 0x301, 0x13A, 0x140, 0x148, 0x6E,
  0x30C, 0x148, 0x150, 0x4F, 0x30B, 0x150, 0x158, 0x52, 0x30C, 0x158, 0x15E, 0x53,
  0x327, 0x15E, 0x164, 0x54, 0x30C, 0x164, 0x16C, 0x55, 0x306, 0x16C, 0x172, 0x55,
  0x328, 0x172, 0x178, 0x59, 0x308, 0x178, 0x17E, 0x7A, 0x30C, 0x17E, 0x1C4, 0x1CA,
  0x1D0, 0x69, 0x30C, 0x1D0, 0x1D6, 0x75, 0x308, 0x304, 0x1D6, 0x1DC, 0x75, 0x308,
  0x300, 0x1DC, 0x1E3, 0xE6, 0x304, 0x1E3, 0x1EB, 0x6F, 0x328, 0x1EB, 0x1F1, 0x1F9,
  0x6E, 0x300, 0x1F9, 0x1FF, 0xF8, 0x301, 0x1FF, 0x205, 0x65, 0x30F, 0x205, 0x20B,
  0x69, 0x311, 0x20B, 0x211, 0x72, 0x30F, 0x211, 0x217, 0x75, 0x311, 0x217, 0x21F,
  0x68, 0x30C, 0x21F, 0x22B, 0x6F, 0x308, 0x304, 0x22B, 0x231, 0x6F, 0x307, 0x304,
  0x231, 0x2B3, 0x2D8, 0x2E0, 0x341, 0x301, 0x301, 0x384, 0x38A, 0x399, 0x301, 0x38A,
  0x3AB, 0x3A5, 0x308, 0x3AB, 0x3CA, 0x3B9, 0x308, 0x3CA, 0x3D1, 0x3F0, 0x400, 0x415,
  0x300, 0x400, 0x40E, 0x423, 0x306, 0x40E, 0x457, 0x456, 0x308, 0x457, 0x4C1, 0x416,
  0x306, 0x4C1, 0x4D6, 0x415, 0x306, 0x4D6, 0x4DE, 0x417, 0x308, 0x4DE, 0x4E6, 0x41E,
  0x308, 0x4E6, 0x4EE, 0x423, 0x304, 0x4EE, 0x4F4, 0x427, 0x308, 0x4F4, 0x623, 0x627,
  0x654, 0x623, 0x677, 0x931, 0x930, 0x93C, 0x931, 0x95C, 0x921, 0x93C, 0x921, 0x93C,
  0x9DC, 0x9A1, 0x9BC, 0x9A1, 0x9BC, 0xA5A, 0xA17, 0xA3C, 0xA17, 0xA3C, 0xB5C, 0xB21,
  0xB3C, 0xB21, 0xB3C, 0xC48, 0xC46, 0xC56, 0xC48, 0xD4A, 0xD46, 0xD3E, 0xD4A, 0xDDE,
  0xDD9, 0xDDF, 0xDDE, 0xF43, 0xF42, 0xFB7, 0xF42, 0xFB7, 0xF73, 0xF71, 0xF72, 0xF71,
  0xF72, 0xF81, 0xF71, 0xF80, 0xF71, 0xF80, 0xFB9, 0xF90, 0xFB5, 0xF90, 0xFB5, 0x1B0C,
  0x1B0B, 0x1B35, 0x1B0C, 0x1B41, 0x1B3F, 0x1B35, 0x1B41, 0x1D31, 0x1D37, 0x1D3E, 0x1D44, 0x1D4A,
  0x1D51, 0x1D57, 0x1D5D, 0x1D63, 0x1D69, 0x1D9E, 0x1DA4, 0x1DAA, 0x1DB0, 0x1DB6, 0x1DBC, 0x1E02,
  0x42, 0x307, 0x1E02, 0x1E08, 0x43, 0x327, 0x301, 0x1E08, 0x1E0E, 0x44, 0x331, 0x1E0E,
  0x1E1A, 0x45, 0x330, 0x1E1A, 0x1E20, 0x47, 0x304, 0x1E20, 0x1E26, 0x48, 0x308, 0x1E26,
  0x1E2C, 0x49, 0x330, 0x1E2C, 0x1E32, 0x4B, 0x323, 0x1E32, 0x1E38, 0x4C, 0x323, 0x304,
  0x1E38, 0x1E3E, 0x4D, 0x301, 0x1E3E, 0x1E44, 0x4E, 0x307, 0x1E44, 0x1E4A, 0x4E, 0x32D,
  0x1E4A, 0x1E50, 0x4F, 0x304, 0x300, 0x1E50, 0x1E56, 0x50, 0x307, 0x1E56, 0x1E5C, 0x52,
  0x323, 0x304, 0x1E5C, 0x1E62, 0x53, 0x323, 0x1E62, 0x1E68, 0x53, 0x323, 0x307, 0x1E68,
  0x1E6E, 0x54, 0x331, 0x1E6E, 0x1E74, 0x55, 0x330, 0x1E74, 0x1E7A, 0x55, 0x304, 0x308,
  0x1E7A, 0x1E80, 0x57, 0x300, 0x1E80, 0x1E86, 0x57, 0x307, 0x1E86, 0x1E8C, 0x58, 0x308,
  0x1E8C, 0x1E92, 0x5A, 0x323, 0x1E92, 0x1E98, 0x77, 0x30A, 0x1E98, 0x1EA2, 0x41, 0x309,
  0x1EA2, 0x1EA8, 0x41, 0x302, 0x309, 0x1EA8, 0x1EAE, 0x41, 0x306, 0x301, 0x1EAE, 0x1EB4,
  0x41, 0x306, 0x303, 0x1EB4, 0x1EBA, 0x45, 0x309, 0x1EBA, 0x1EC0, 0x45, 0x302, 0x300,
  0x1EC0, 0x1EC6, 0x45, 0x323, 0x302, 0x1EC6, 0x1ECC, 0x4F, 0x323, 0x1ECC, 0x1ED2, 0x4F,
  0x302, 0x300, 0x1ED2, 0x1ED8, 0x4F, 0x323, 0x302, 0x1ED8, 0x1EDE, 0x4F, 0x31B, 0x309,
  0x1EDE, 0x1EE4, 0x55, 0x323, 0x1EE4, 0x1EEA, 0x55, 0x31B, 0x300, 0x1EEA, 0x1EF0, 0x55,
  0x31B, 0x323, 0x1EF0, 0x1EF6, 0x59, 0x309, 0x1EF6, 0x1F02, 0x3B1, 0x313, 0x300, 0x1F02,
  0x1F08, 0x391, 0x313, 0x1F08, 0x1F0E, 0x391, 0x313, 0x342, 0x1F0E, 0x1F14, 0x3B5, 0x313,
  0x301, 0x1F14, 0x1F1C, 0x395, 0x313, 0x301, 0x1F1C, 0x1F24, 0x3B7, 0x313, 0x301, 0x1F24,
  0x1F2A, 0x397, 0x313, 0x300, 0x1F2A, 0x1F30, 0x3B9, 0x313, 0x1F30, 0x1F36, 0x3B9, 0x313,
  0x342, 0x1F36, 0x1F3C, 0x399, 0x313, 0x301, 0x1F3C, 0x1F42, 0x3BF, 0x313, 0x300, 0x1F42,
  0x1F4A, 0x39F, 0x313, 0x300, 0x1F4A, 0x1F52, 0x3C5, 0x313, 0x300, 0x1F52, 0x1F59, 0x3A5,
  0x314, 0x1F59, 0x1F62, 0x3C9, 0x313, 0x300, 0x1F62, 0x1F68, 0x3A9, 0x313, 0x1F68, 0x1F6E,
  0x3A9, 0x313, 0x342, 0x1F6E, 0x1F74, 0x3B7, 0x300, 0x1F74, 0x1F7A, 0x3C5, 0x300, 0x1F7A,
  0x1F82, 0x3B1, 0x313, 0x300, 0x345, 0x1F82, 0x1F88, 0x391, 0x313, 0x345, 0x1F88, 0x1F8E,
  0x391, 0x313, 0x342, 0x345, 0x1F8E, 0x1F94, 0x3B7, 0x313, 0x301, 0x345, 0x1F94, 0x1F9A,
  0x397, 0x313, 0x300, 0x345, 0x1F9A, 0x1FA0, 0x3C9, 0x313, 0x345, 0x1FA0, 0x1FA6, 0x3C9,
  0x313, 0x342, 0x345, 0x1FA6, 0x1FAC, 0x3A9, 0x313, 0x301, 0x345, 0x1FAC, 0x1FB2, 0x3B1,
  0x300, 0x345, 0x1FB2, 0x1FB9, 0x391, 0x304, 0x1FB9, 0x1FBF, 0x1FC6, 0x3B7, 0x342, 0x1FC6,
  0x1FCC, 0x397, 0x345, 0x1FCC, 0x1FD2, 0x3B9, 0x308, 0x300, 0x1FD2, 0x1FDA, 0x399, 0x300,
  0x1FDA, 0x1FE1, 0x3C5, 0x304, 0x1FE1, 0x1FE7, 0x3C5, 0x308, 0x342, 0x1FE7, 0x1FED, 0xA8,
  0x300, 0x1FED, 0x1FF6, 0x3C9, 0x342, 0x1FF6, 0x1FFC, 0x3A9, 0x345, 0x1FFC, 0x2003, 0x2009,
  0x2026, 0x203C, 0x205F, 0x2077, 0x207D, 0x2083, 0x2089, 0x2090, 0x2096, 0x209C, 0x2105, 0x210C,
  0x2112, 0x211B, 0x2124, 0x212D, 0x2135, 0x213C, 0x2146, 0x2152, 0x2158, 0x215E, 0x2164, 0x216A,
  0x2170, 0x2176, 0x217C, 0x219B, 0x2192, 0x338, 0x219B, 0x2209, 0x2208, 0x338, 0x2209, 0x222F,
  0x2260, 0x3D, 0x338, 0x2260, 0x2271, 0x2265, 0x338, 0x2271, 0x2281, 0x227B, 0x338, 0x2281,
  0x22AD, 0x22A8, 0x338, 0x22AD, 0x22E3, 0x2292, 0x338, 0x22E3, 0x232A, 0x3009, 0x3009, 0x2465,
  0x246B, 0x2471, 0x2477, 0x247D, 0x2483, 0x2489, 0x248F, 0x2495, 0x249B, 0x24A1, 0x24A7, 0x24AD,
  0x24B3, 0x24B9, 0x24BF, 0x24C5, 0x24CB, 0x24D1, 0x24D7, 0x24DD, 0x24E3, 0x24E9, 0x2ADC, 0x2ADD,
  0x338, 0x2ADD, 0x338, 0x2F00, 0x2F06, 0x2F0C, 0x2F12, 0x2F18, 0x2F1E, 0x2F24, 0x2F2A, 0x2F30,
  0x2F36, 0x2F3C, 0x2F42, 0x2F48, 0x2F4E, 0x2F54, 0x2F5A, 0x2F60, 0x2F66, 0x2F6C, 0x2F72, 0x2F78,
  0x2F7E, 0x2F84, 0x2F8A, 0x2F90, 0x2F96, 0x2F9C, 0x2FA2, 0x2FA8, 0x2FAE, 0x2FB4, 0x2FBA, 0x2FC0,
  0x2FC6, 0x2FCC, 0x2FD2, 0x3038, 0x3052, 0x3051, 0x3099, 0x3052, 0x305E, 0x305D, 0x3099, 0x305E,
  0x3070, 0x306F, 0x3099, 0x3070, 0x3079, 0x3078, 0x3099, 0x3079, 0x309C, 0x30B2, 0x30B1, 0x3099,
  0x30B2, 0x30BE, 0x30BD, 0x3099, 0x30BE, 0x30D0, 0x30CF, 0x3099, 0x30D0, 0x30D9, 0x30D8, 0x3099,
  0x30D9, 0x30F8, 0x30F0, 0x3099, 0x30F8, 0x3132, 0x3138, 0x313E, 0x3144, 0x314A, 0x3150, 0x3156,
  0x315C, 0x3162, 0x3168, 0x316E, 0x3174, 0x317A, 0x3180, 0x3186, 0x318C, 0x3195, 0x319B, 0x3201,
  0x3207, 0x320D, 0x3213, 0x3219, 0x3220, 0x3226, 0x322C, 0x3232, 0x3238, 0x323E, 0x3244, 0x3252,
  0x3258, 0x325E, 0x3264, 0x326A, 0x3270, 0x3276, 0x327C, 0x3283, 0x3289, 0x328F, 0x3295, 0x329B,
  0x32A1, 0x32A7, 0x32AD, 0x32B3, 0x32B9, 0x32BF, 0x32C5, 0x32CB, 0x32D1, 0x32D7, 0x32DD, 0x32E3,
  0x32E9, 0x32EF, 0x32F5, 0x32FB, 0x3301, 0x3307, 0x330D, 0x3313, 0x3319, 0x331F, 0x3325, 0x332B,
  0x3331, 0x3337, 0x333D, 0x3343, 0x3349, 0x334F, 0x3355, 0x335B, 0x3361, 0x3367, 0x336D, 0x3373,
  0x3379, 0x337F, 0x3385, 0x338B, 0x3391, 0x3397, 0x339D, 0x33A3, 0x33A9, 0x33AF, 0x33B5, 0x33BB,
  0x33C1, 0x33C7, 0x33CD, 0x33D3, 0x33D9, 0x33DF, 0x33E5, 0x33EB, 0x33F1, 0x33F7, 0x33FD, 0xA7F2,
  0xAB5D, 0xAC28, 0x1100, 0x1162, 0x11B3, 0xAC28, 0xAC51, 0x1100, 0x1163, 0x11C0, 0xAC51, 0xAC7A,
  0x1100, 0x1165, 0x11B1, 0xAC7A, 0xACA3, 0x1100, 0x1166, 0x11BE, 0xACA3, 0xACCC, 0x1100, 0x1168,
  0x11AF, 0xACCC, 0xACF5, 0x1100, 0x1169, 0x11BC, 0xACF5, 0xAD1E, 0x1100, 0x116B, 0x11AD, 0xAD1E,
  0xAD47, 0x1100, 0x116C, 0x11BA, 0xAD47, 0xAD70, 0x1100, 0x116E, 0x11AB, 0xAD70, 0xAD99, 0x1100,
  0x116F, 0x11B8, 0xAD99, 0xADC2, 0x1100, 0x1171, 0x11A9, 0xADC2, 0xADEB, 0x1100, 0x1172, 0x11B6,
  0xADEB, 0xAE14, 0x1100, 0x1174, 0xAE14, 0xAE3D, 0x1100, 0x1175, 0x11B4, 0xAE3D, 0xAE66, 0x1101,
  0x1161, 0x11C1, 0xAE66, 0xAE8F, 0x1101, 0x1163, 0x11B2, 0xAE8F, 0xAEB8, 0x1101, 0x1164, 0x11BF,
  0xAEB8, 0xAEE1, 0x1101, 0x1166, 0x11B0, 0xAEE1, 0xAF0A, 0x1101, 0x1167, 0x11BD, 0xAF0A, 0xAF33,
  0x1101, 0x1169, 0x11AE, 0xAF33, 0xAF5C, 0x1101, 0x116A, 0x11BB, 0xAF5C, 0xAF85, 0x1101, 0x116C,
  0x11AC, 0xAF85, 0xAFAE, 0x1101, 0x116D, 0x11B9, 0xAFAE, 0xAFD7, 0x1101, 0x116F, 0x11AA, 0xAFD7,
  0xB000, 0x1101, 0x1170, 0x11B7, 0xB000, 0xB029, 0x1101, 0x1172, 0x11A8, 0xB029, 0xB052, 0x1101,
  0x1173, 0x11B5, 0xB052, 0xB07B, 0x1101, 0x1174, 0x11C2, 0xB07B, 0xB0A4, 0x1102, 0x1161, 0x11B3,
  0xB0A4, 0xB0CD, 0x1102, 0x1162, 0x11C0, 0xB0CD, 0xB0F6, 0x1102, 0x1164, 0x11B1, 0xB0F6, 0xB11F,
  0x1102, 0x1165, 0x11BE, 0xB11F, 0xB148, 0x1102, 0x1167, 0x11AF, 0xB148, 0xB171, 0x1102, 0x1168,
  0x11BC, 0xB171, 0xB19A, 0x1102, 0x116A, 0x11AD, 0xB19A, 0xB1C3, 0x1102, 0x116B, 0x11BA, 0xB1C3,
  0xB1EC, 0x1102, 0x116D, 0x11AB, 0xB1EC, 0xB215, 0x1102, 0x116E, 0x11B8, 0xB215, 0xB23E, 0x1102,
  0x1170, 0x11A9, 0xB23E, 0xB267, 0x1102, 0x1171, 0x11B6, 0xB267, 0xB290, 0x1102, 0x1173, 0xB290,
  0xB2B9, 0x1102, 0x1174, 0x11B4, 0xB2B9, 0xB2E2, 0x1102, 0x1175, 0x11C1, 0xB2E2, 0xB30B, 0x1103,
  0x1162, 0x11B2, 0xB30B, 0xB334, 0x1103, 0x1163, 0x11BF, 0xB334, 0xB35D, 0x1103, 0x1165, 0x11B0,
  0xB35D, 0xB386, 0x1103, 0x1166, 0x11BD, 0xB386, 0xB3AF, 0x1103, 0x1168, 0x11AE, 0xB3AF, 0xB3D8,
  0x1103, 0x1169, 0x11BB, 0xB3D8, 0xB401, 0x1103, 0x116B, 0x11AC, 0xB401, 0xB42A, 0x1103, 0x116C,
  0x11B9, 0xB42A, 0xB453, 0x1103, 0x116E, 0x11AA, 0xB453, 0xB47C, 0x1103, 0x116F, 0x11B7, 0xB47C,
  0xB4A5, 0x1103, 0x1171, 0x11A8, 0xB4A5, 0xB4CE, 0x1103, 0x1172, 0x11B5, 0xB4CE, 0xB4F7, 0x1103,
  0x1173, 0x11C2, 0xB4F7, 0xB520, 0x1103, 0x1175, 0x11B3, 0xB520, 0xB549, 0x1104, 0x1161, 0x11C0,
  0xB549, 0xB572, 0x1104, 0x1163, 0x11B1, 0xB572, 0xB59B, 0x1104, 0x1164, 0x11BE, 0xB59B, 0xB5C4,
  0x1104, 0x1166, 0x11AF, 0xB5C4, 0xB5ED, 0x1104, 0x1167, 0x11BC, 0xB5ED, 0xB616, 0x1104, 0x1169,
  0x11AD, 0xB616, 0xB63F, 0x1104, 0x116A, 0x11BA, 0xB63F, 0xB668, 0x1104, 0x116C, 0x11AB, 0xB668,
  0xB691, 0x1104, 0x116D, 0x11B8, 0xB691, 0xB6BA, 0x1104, 0x116F, 0x11A9, 0xB6BA, 0xB6E3, 0x1104,
  0x1170, 0x11B6, 0xB6E3, 0xB70C, 0x1104, 0x1172, 0xB70C, 0xB735, 0x1104, 0x1173, 0x11B4, 0xB735,
  0xB75E, 0x1104, 0x1174, 0x11C1, 0xB75E, 0xB787, 0x1105, 0x1161, 0x11B2, 0xB787, 0xB7B0, 0x1105,
  0x1162, 0x11BF, 0xB7B0, 0xB7D9, 0x1105, 0x1164, 0x11B0, 0xB7D9, 0xB802, 0x1105, 0x1165, 0x11BD,
  0xB802, 0xB82B, 0x1105, 0x1167, 0x11AE, 0xB82B, 0xB854, 0x1105, 0x1168, 0x11BB, 0xB854, 0xB87D,
  0x1105, 0x116A, 0x11AC, 0xB87D, 0xB8A6, 0x1105, 0x116B, 0x11B9, 0xB8A6, 0xB8CF, 0x1105, 0x116D,
  0x11AA, 0xB8CF, 0xB8F8, 0x1105, 0x116E, 0x11B7, 0xB8F8, 0xB921, 0x1105, 0x1170, 0x11A8, 0xB921,
  0xB94A, 0x1105, 0x1171, 0x11B5, 0xB94A, 0xB973, 0x1105, 0x1172, 0x11C2, 0xB973, 0xB99C, 0x1105,
  0x1174, 0x11B3, 0xB99C, 0xB9C5, 0x1105, 0x1175, 0x11C0, 0xB9C5, 0xB9EE, 0x1106, 0x1162, 0x11B1,
  0xB9EE, 0xBA17, 0x1106, 0x1163, 0x11BE, 0xBA17, 0xBA40, 0x1106, 0x1165, 0x11AF, 0xBA40, 0xBA69,
  0x1106, 0x1166, 0x11BC, 0xBA69, 0xBA92, 0x1106, 0x1168, 0x11AD, 0xBA92, 0xBABB, 0x1106, 0x1169,
  0x11BA, 0xBABB, 0xBAE4, 0x1106, 0x116B, 0x11AB, 0xBAE4, 0xBB0D, 0x1106, 0x116C, 0x11B8, 0xBB0D,
  0xBB36, 0x1106, 0x116E, 0x11A9, 0xBB36, 0xBB5F, 0x1106, 0x116F, 0x11B6, 0xBB5F, 0xBB88, 0x1106,
  0x1171, 0xBB88, 0xBBB1, 0x1106, 0x1172, 0x11B4, 0xBBB1, 0xBBDA, 0x1106, 0x1173, 0x11C1, 0xBBDA,
  0xBC03, 0x1106, 0x1175, 0x11B2, 0xBC03, 0xBC2C, 0x1107, 0x1161, 0x11BF, 0xBC2C, 0xBC55, 0x1107,
  0x1163, 0x11B0, 0xBC55, 0xBC7E, 0x1107, 0x1164, 0x11BD, 0xBC7E, 0xBCA7, 0x1107, 0x1166, 0x11AE,
  0xBCA7, 0xBCD0, 0x1107, 0x1167, 0x11BB, 0xBCD0, 0xBCF9, 0x1107, 0x1169, 0x11AC, 0xBCF9, 0xBD22,
  0x1107, 0x116A, 0x11B9, 0xBD22, 0xBD4B, 0x1107, 0x116C, 0x11AA, 0xBD4B, 0xBD74, 0x1107, 0x116D,
  0x11B7, 0xBD74, 0xBD9D, 0x1107, 0x116F, 0x11A8, 0xBD9D, 0xBDC6, 0x1107, 0x1170, 0x11B5, 0xBDC6,
  0xBDEF, 0x1107, 0x1171, 0x11C2, 0xBDEF, 0xBE18, 0x1107, 0x1173, 0x11B3, 0xBE18, 0xBE41, 0x1107,
  0x1174, 0x11C0, 0xBE41, 0xBE6A, 0x1108, 0x1161, 0x11B1, 0xBE6A, 0xBE93, 0x1108, 0x1162, 0x11BE,
  0xBE93, 0xBEBC, 0x1108, 0x1164, 0x11AF, 0xBEBC, 0xBEE5, 0x1108, 0x1165, 0x11BC, 0xBEE5, 0xBF0E,
  0x1108, 0x1167, 0x11AD, 0xBF0E, 0xBF37, 0x1108, 0x1168, 0x11BA, 0xBF37, 0xBF60, 0x1108, 0x116A,
  0x11AB, 0xBF60, 0xBF89, 0x1108, 0x116B, 0x11B8, 0xBF89, 0xBFB2, 0x1108, 0x116D, 0x11A9, 0xBFB2,
  0xBFDB, 0x1108, 0x116E, 0x11B6, 0xBFDB, 0xC004, 0x1108, 0x1170, 0xC004, 0xC02D, 0x1108, 0x1171,
  0x11B4, 0xC02D, 0xC056, 0x1108, 0x1172, 0x11C1, 0xC056, 0xC07F, 0x1108, 0x1174, 0x11B2, 0xC07F,
  0xC0A8, 0x1108, 0x1175, 0x11BF, 0xC0A8, 0xC0D1, 0x1109, 0x1162, 0x11B0, 0xC0D1, 0xC0FA, 0x1109,
  0x1163, 0x11BD, 0xC0FA, 0xC123, 0x1109, 0x1165, 0x11AE, 0xC123, 0xC14C, 0x1109, 0x1166, 0x11BB,
  0xC14C, 0xC175, 0x1109, 0x1168, 0x11AC, 0xC175, 0xC19E, 0x1109, 0x1169, 0x11B9, 0xC19E, 0xC1C7,
  0x1109, 0x116B, 0x11AA, 0xC1C7, 0xC1F0, 0x1109, 0x116C, 0x11B7, 0xC1F0, 0xC219, 0x1109, 0x116E,
  0x11A8, 0xC219, 0xC242, 0x1109, 0x116F, 0x11B5, 0xC242, 0xC26B, 0x1109, 0x1170, 0x11C2, 0xC26B,
  0xC294, 0x1109, 0x1172, 0x11B3, 0xC294, 0xC2BD, 0x1109, 0x1173, 0x11C0, 0xC2BD, 0xC2E6, 0x1109,
  0x1175, 0x11B1, 0xC2E6, 0xC30F, 0x110A, 0x1161, 0x11BE, 0xC30F, 0xC338, 0x110A, 0x1163, 0x11AF,
  0xC338, 0xC361, 0x110A, 0x1164, 0x11BC, 0xC361, 0xC38A, 0x110A, 0x1166, 0x11AD, 0xC38A, 0xC3B3,
  0x110A, 0x1167, 0x11BA, 0xC3B3, 0xC3DC, 0x110A, 0x1169, 0x11AB, 0xC3DC, 0xC405, 0x110A, 0x116A,
  0x11B8, 0xC405, 0xC42E, 0x110A, 0x116C, 0x11A9, 0xC42E, 0xC457, 0x110A, 0x116D, 0x11B6, 0xC457,
  0xC480, 0x110A, 0x116F, 0xC480, 0xC4A9, 0x110A, 0x1170, 0x11B4, 0xC4A9, 0xC4D2, 0x110A, 0x1171,
  0x11C1, 0xC4D2, 0xC4FB, 0x110A, 0x1173, 0x11B2, 0xC4FB, 0xC524, 0x110A, 0x1174, 0x11BF, 0xC524,
  0xC54D, 0x110B, 0x1161, 0x11B0, 0xC54D, 0xC576, 0x110B, 0x1162, 0x11BD, 0xC576, 0xC59F, 0x110B,
  0x1164, 0x11AE, 0xC59F, 0xC5C8, 0x110B, 0x1165, 0x11BB, 0xC5C8, 0xC5F1, 0x110B, 0x1167, 0x11AC,
  0xC5F1, 0xC61A, 0x110B, 0x1168, 0x11B9, 0xC61A, 0xC643, 0x110B, 0x116A, 0x11AA, 0xC643, 0xC66C,
  0x110B, 0x116B, 0x11B7, 0xC66C, 0xC695, 0x110B, 0x116D, 0x11A8, 0xC695, 0xC6BE, 0x110B, 0x116E,
  0x11B5, 0xC6BE, 0xC6E7, 0x110B, 0x116F, 0x11C2, 0xC6E7, 0xC710, 0x110B, 0x1171, 0x11B3, 0xC710,
  0xC739, 0x110B, 0x1172, 0x11C0, 0xC739, 0xC762, 0x110B, 0x1174, 0x11B1, 0xC762, 0xC78B, 0x110B,
  0x1175, 0x11BE, 0xC78B, 0xC7B4, 0x110C, 0x1162, 0x11AF, 0xC7B4, 0xC7DD, 0x110C, 0x1163, 0x11BC,
  0xC7DD, 0xC806, 0x110C, 0x1165, 0x11AD, 0xC806, 0xC82F, 0x110C, 0x1166, 0x11BA, 0xC82F, 0xC858,
  0x110C, 0x1168, 0x11AB, 0xC858, 0xC881, 0x110C, 0x1169, 0x11B8, 0xC881, 0xC8AA, 0x110C, 0x116B,
  0x11A9, 0xC8AA, 0xC8D3, 0x110C, 0x116C, 0x11B6, 0xC8D3, 0xC8FC, 0x110C, 0x116E, 0xC8FC, 0xC925,
  0x110C, 0x116F, 0x11B4, 0xC925, 0xC94E, 0x110C, 0x1170, 0x11C1, 0xC94E, 0xC977, 0x110C, 0x1172,
  0x11B2, 0xC977, 0xC9A0, 0x110C, 0x1173, 0x11BF, 0xC9A0, 0xC9C9, 0x110C, 0x1175, 0x11B0, 0xC9C9,
  0xC9F2, 0x110D, 0x1161, 0x11BD, 0xC9F2, 0xCA1B, 0x110D, 0x1163, 0x11AE, 0xCA1B, 0xCA44, 0x110D,
  0x1164, 0x11BB, 0xCA44, 0xCA6D, 0x110D, 0x1166, 0x11AC, 0xCA6D, 0xCA96, 0x110D, 0x1167, 0x11B9,
  0xCA96, 0xCABF, 0x110D, 0x1169, 0x11AA, 0xCABF, 0xCAE8, 0x110D, 0x116A, 0x11B7, 0xCAE8, 0xCB11,
  0x110D, 0x116C, 0x11A8, 0xCB11, 0xCB3A, 0x110D, 0x116D, 0x11B5, 0xCB3A, 0xCB63, 0x110D, 0x116E,
  0x11C2, 0xCB63, 0xCB8C, 0x110D, 0x1170, 0x11B3, 0xCB8C, 0xCBB5, 0x110D, 0x1171, 0x11C0, 0xCBB5,
  0xCBDE, 0x110D, 0x1173, 0x11B1, 0xCBDE, 0xCC07, 0x110D, 0x1174, 0x11BE, 0xCC07, 0xCC30, 0x110E,
  0x1161, 0x11AF, 0xCC30, 0xCC59, 0x110E, 0x1162, 0x11BC, 0xCC59, 0xCC82, 0x110E, 0x1164, 0x11AD,
  0xCC82, 0xCCAB, 0x110E, 0x1165, 0x11BA, 0xCCAB, 0xCCD4, 0x110E, 0x1167, 0x11AB, 0xCCD4, 0xCCFD,
  0x110E, 0x1168, 0x11B8, 0xCCFD, 0xCD26, 0x110E, 0x116A, 0x11A9, 0xCD26, 0xCD4F, 0x110E, 0x116B,
  0x11B6, 0xCD4F, 0xCD78, 0x110E, 0x116D, 0xCD78, 0xCDA1, 0x110E, 0x116E, 0x11B4, 0xCDA1, 0xCDCA,
  0x110E, 0x116F, 0x11C1, 0xCDCA, 0xCDF3, 0x110E, 0x1171, 0x11B2, 0xCDF3, 0xCE1C, 0x110E, 0x1172,
  0x11BF, 0xCE1C, 0xCE45, 0x110E, 0x1174, 0x11B0, 0xCE45, 0xCE6E, 0x110E, 0x1175, 0x11BD, 0xCE6E,
  0xCE97, 0x110F, 0x1162, 0x11AE, 0xCE97, 0xCEC0, 0x110F, 0x1163, 0x11BB, 0xCEC0, 0xCEE9, 0x110F,
  0x1165, 0x11AC, 0xCEE9, 0xCF12, 0x110F, 0x1166, 0x11B9, 0xCF12, 0xCF3B, 0x110F, 0x1168, 0x11AA,
  0xCF3B, 0xCF64, 0x110F, 0x1169, 0x11B7, 0xCF64, 0xCF8D, 0x110F, 0x116B, 0x11A8, 0xCF8D, 0xCFB6,
  0x110F, 0x116C, 0x11B5, 0xCFB6, 0xCFDF, 0x110F, 0x116D, 0x11C2, 0xCFDF, 0xD008, 0x110F, 0x116F,
  0x11B3, 0xD008, 0xD031, 0x110F, 0x1170, 0x11C0, 0xD031, 0xD05A, 0x110F, 0x1172, 0x11B1, 0xD05A,
  0xD083, 0x110F, 0x1173, 0x11BE, 0xD083, 0xD0AC, 0x110F, 0x1175, 0x11AF, 0xD0AC, 0xD0D5, 0x1110,
  0x1161, 0x11BC, 0xD0D5, 0xD0FE, 0x1110, 0x1163, 0x11AD, 0xD0FE, 0xD127, 0x1110, 0x1164, 0x11BA,
  0xD127, 0xD150, 0x1110, 0x1166, 0x11AB, 0xD150, 0xD179, 0x1110, 0x1167, 0x11B8, 0xD179, 0xD1A2,
  0x1110, 0x1169, 0x11A9, 0xD1A2, 0xD1CB, 0x1110, 0x116A, 0x11B6, 0xD1CB, 0xD1F4, 0x1110, 0x116C,
  0xD1F4, 0xD21D, 0x1110, 0x116D, 0x11B4, 0xD21D, 0xD246, 0x1110, 0x116E, 0x11C1, 0xD246, 0xD26F,
  0x1110, 0x1170, 0x11B2, 0xD26F, 0xD298, 0x1110, 0x1171, 0x11BF, 0xD298, 0xD2C1, 0x1110, 0x1173,
  0x11B0, 0xD2C1, 0xD2EA, 0x1110, 0x1174, 0x11BD, 0xD2EA, 0xD313, 0x1111, 0x1161, 0x11AE, 0xD313,
  0xD33C, 0x1111, 0x1162, 0x11BB, 0xD33C, 0xD365, 0x1111, 0x1164, 0x11AC, 0xD365, 0xD38E, 0x1111,
  0x1165, 0x11B9, 0xD38E, 0xD3B7, 0x1111, 0x1167, 0x11AA, 0xD3B7, 0xD3E0, 0x1111, 0x1168, 0x11B7,
  0xD3E0, 0xD409, 0x1111, 0x116A, 0x11A8, 0xD409, 0xD432, 0x1111, 0x116B, 0x11B5, 0xD432, 0xD45B,
  0x1111, 0x116C, 0x11C2, 0xD45B, 0xD484, 0x1111, 0x116E, 0x11B3, 0xD484, 0xD4AD, 0x1111, 0x116F,
  0x11C0, 0xD4AD, 0xD4D6, 0x1111, 0x1171, 0x11B1, 0xD4D6, 0xD4FF, 0x1111, 0x1172, 0x11BE, 0xD4FF,
  0xD528, 0x1111, 0x1174, 0x11AF, 0xD528, 0xD551, 0x1111, 0x1175, 0x11BC, 0xD551, 0xD57A, 0x1112,
  0x1162, 0x11AD, 0xD57A, 0xD5A3, 0x1112, 0x1163, 0x11BA, 0xD5A3, 0xD5CC, 0x1112, 0x1165, 0x11AB,
  0xD5CC, 0xD5F5, 0x1112, 0x1166, 0x11B8, 0xD5F5, 0xD61E, 0x1112, 0x1168, 0x11A9, 0xD61E, 0xD647,
  0x1112, 0x1169, 0x11B6, 0xD647, 0xD670, 0x1112, 0x116B, 0xD670, 0xD699, 0x1112, 0x116C, 0x11B4,
  0xD699, 0xD6C2, 0x1112, 0x116D, 0x11C1, 0xD6C2, 0xD6EB, 0x1112, 0x116F, 0x11B2, 0xD6EB, 0xD714,
  0x1112, 0x1170, 0x11BF, 0xD714, 0xD73D, 0x1112, 0x1172, 0x11B0, 0xD73D, 0xD766, 0x1112, 0x1173,
  0x11BD, 0xD766, 0xD78F, 0x1112, 0x1175, 0x11AE, 0xD78F, 0xF902, 0x8ECA, 0x8ECA, 0xF908, 0x9F9C,
  0x9F9C, 0xF90E, 0x7669, 0x7669, 0xF914, 0x6A02, 0x6A02, 0xF91A, 0x99F1, 0x99F1, 0xF920, 0x9E1E,
  0x9E1E, 0xF926, 0x81D8, 0x81D8, 0xF92C, 0x90CE, 0x90CE, 0xF932, 0x7210, 0x7210, 0xF938, 0x9732,
  0x9732, 0xF93E, 0x83C9, 0x83C9, 0xF944, 0x7C60, 0x7C60, 0xF94A, 0x58D8, 0x58D8, 0xF950, 0x7E37,
  0x7E37, 0xF956, 0x7A1C, 0x7A1C, 0xF95C, 0x6A02, 0xF962, 0x7570, 0x7570, 0xF968, 0x6CCC, 0x6CCC,
  0xF96E, 0x8449, 0x8449, 0xF974, 0x82E5, 0x82E5, 0xF97A, 0x6881, 0x6881, 0xF980, 0x5442, 0x5442,
  0xF986, 0x95AD, 0x95AD, 0xF98C, 0x6B77, 0x6B77, 0xF992, 0x6F23, 0x6F23, 0xF998, 0x8F26, 0x8F26,
  0xF99E, 0x54BD, 0x54BD, 0xF9A4, 0x637B, 0x637B, 0xF9AA, 0x5BE7, 0x5BE7, 0xF9B0, 0x8046, 0x8046,
  0xF9B6, 0x79AE, 0x79AE, 0xF9BC, 0x5BEE, 0x5BEE, 0xF9C2, 0x84FC, 0x84FC, 0xF9C8, 0x677B, 0x677B,
  0xF9CE, 0x786B, 0x786B, 0xF9D4, 0x502B, 0x502B, 0xF9DA, 0x6817, 0x6817, 0xF9E0, 0x6613, 0x6613,
  0xF9E6, 0x7F79, 0x7F79, 0xF9EC, 0x6EBA, 0x6EBA, 0xF9F2, 0x9C57, 0x9C57, 0xF9F8, 0x7B20, 0x7B20,
  0xF9FE, 0x8336, 0x8336, 0xFA04, 0x5B85, 0x5B85, 0xFA0A, 0x898B, 0x898B, 0xFA15, 0x51DE, 0x51DE,
  0xFA1B, 0x798F, 0x798F, 0xFA25, 0x9038, 0x9038, 0xFA2E, 0x90DE, 0x90DE, 0xFA34, 0x52E4, 0x52E4,
  0xFA3A, 0x58A8, 0x58A8, 0xFA40, 0x61F2, 0x61F2, 0xFA46, 0x6E1A, 0x6E1A, 0xFA4C, 0x793E, 0x793E,
  0xFA52, 0x798D, 0x798D, 0xFA58, 0x7E09, 0x7E09, 0xFA5E, 0x8279, 0x8279, 0xFA64, 0x8CD3, 0x8CD3,
  0xFA6A, 0x983B, 0x983B, 0xFA72, 0x5168, 0x5168, 0xFA78, 0x559D, 0x559D, 0xFA7E, 0x5944, 0x5944,
  0xFA84, 0x5F69, 0x5F69, 0xFA8A, 0x6160, 0x6160, 0xFA90, 0x6556, 0x6556, 0xFA96, 0x6BBA, 0x6BBA,
  0xFA9C, 0x716E, 0x716E, 0xFAA2, 0x7506, 0x7506, 0xFAA8, 0x76F4, 0x76F4, 0xFAAE, 0x7C7B, 0x7C7B,
  0xFAB4, 0x83EF, 0x83EF, 0xFABA, 0x8AF8, 0x8AF8, 0xFAC0, 0x8B8A, 0x8B8A, 0xFAC6, 0x967C, 0x967C,
  0xFACC, 0x983B, 0xFAD2, 0x3B9D, 0x3B9D, 0xFAD8, 0x9F43, 0x9F43, 0xFB04, 0xFB16, 0xFB22, 0xFB28,
  0xFB2E, 0x5D0, 0x5B7, 0x5D0, 0x5B7, 0xFB34, 0x5D4, 0x5BC, 0x5D4, 0x5BC, 0xFB3B, 0x5DB,
  0x5BC, 0x5DB, 0x5BC, 0xFB44, 0x5E4, 0x5BC, 0x5E4, 0x5BC, 0xFB4B, 0x5D5, 0x5B9, 0x5D5,
  0x5B9, 0xFB51, 0xFB57, 0xFB5D, 0xFB63, 0xFB69, 0xFB6F, 0xFB75, 0xFB7B, 0xFB81, 0xFB87, 0xFB8D,
  0xFB93, 0xFB99, 0xFB9F, 0xFBA5, 0xFBAB, 0xFBB1, 0xFBD8, 0xFBDE, 0xFBE4, 0xFBEA, 0xFBF0, 0xFBF6,
  0xFBFC, 0xFC02, 0xFC08, 0xFC0E, 0xFC14, 0xFC1A, 0xFC20, 0xFC26, 0xFC2C, 0xFC32, 0xFC38, 0xFC3E,
  0xFC44, 0xFC4A, 0xFC50, 0xFC56, 0xFC5C, 0xFC62, 0xFC68, 0xFC6E, 0xFC74, 0xFC7A, 0xFC80, 0xFC86,
  0xFC8C, 0xFC92, 0xFC98, 0xFC9E, 0xFCA4, 0xFCAA, 0xFCB0, 0xFCB6, 0xFCBC, 0xFCC2, 0xFCC8, 0xFCCE,
  0xFCD4, 0xFCDA, 0xFCE0, 0xFCE6, 0xFCEC, 0xFCF2, 0xFCF8, 0xFCFE, 0xFD04, 0xFD0A, 0xFD10, 0xFD16,
  0xFD1C, 0xFD22, 0xFD28, 0xFD2E, 0xFD34, 0xFD3A, 0xFD52, 0xFD58, 0xFD5E, 0xFD64, 0xFD6A, 0xFD70,
  0xFD76, 0xFD7C, 0xFD82, 0xFD88, 0xFD8E, 0xFD96, 0xFD9C, 0xFDA2, 0xFDA8, 0xFDAE, 0xFDB4, 0xFDBA,
  0xFDC0, 0xFDC6, 0xFDF4, 0xFDFA, 0xFE13, 0xFE19, 0xFE35, 0xFE3B, 0xFE41, 0xFE49, 0xFE4F, 0xFE56,
  0xFE5C, 0xFE62, 0xFE69, 0xFE74, 0xFE7B, 0xFE81, 0xFE87, 0xFE8D, 0xFE93, 0xFE99, 0xFE9F, 0xFEA5,
  0xFEAB, 0xFEB1, 0xFEB7, 0xFEBD, 0xFEC3, 0xFEC9, 0xFECF, 0xFED5, 0xFEDB, 0xFEE1, 0xFEE7, 0xFEED,
  0xFEF3, 0xFEF9, 0xFF03, 0xFF09, 0xFF0F, 0xFF15, 0xFF1B, 0xFF21, 0xFF27, 0xFF2D, 0xFF33, 0xFF39,
  0xFF3F, 0xFF45, 0xFF4B, 0xFF51, 0xFF57, 0xFF5D, 0xFF63, 0xFF69, 0xFF6F, 0xFF75, 0xFF7B, 0xFF81,
  0xFF87, 0xFF8D, 0xFF93, 0xFF99, 0xFF9F, 0xFFA5, 0xFFAB, 0xFFB1, 0xFFB7, 0xFFBD, 0xFFC6, 0xFFCE,
  0xFFD6, 0xFFE1, 0xFFE8, 0xFFEE, 0x10784, 0x1078B, 0x10791, 0x10797, 0x1079D, 0x107A3, 0x107A9, 0x107AF,
  0x107B6, 0x1109C, 0x1109B, 0x110BA, 0x1109C, 0x11383, 0x11382, 0x113C9, 0x11383, 0x113C8, 0x113C2, 0x113C9,
  0x113C8, 0x11938, 0x11935, 0x11930, 0x11938, 0x16126, 0x1611E, 0x1611E, 0x1611F, 0x16126, 0x1CCD6, 0x1CCDC,
  0x1CCE2, 0x1CCE8, 0x1CCEE, 0x1CCF4, 0x1D15E, 0x1D157, 0x1D165, 0x1D157, 0x1D165, 0x1D164, 0x1D158, 0x1D165,
  0x1D172, 0x1D158, 0x1D165, 0x1D172, 0x1D1C0, 0x1D1BA, 0x1D165, 0x1D16F, 0x1D1BA, 0x1D165, 0x1D16F, 0x1D405,
  0x1D40B, 0x1D411, 0x1D417, 0x1D41D, 0x1D423, 0x1D429, 0x1D42F, 0x1D435, 0x1D43B, 0x1D441, 0x1D447, 0x1D44D,
  0x1D453, 0x1D45A, 0x1D460, 0x1D466, 0x1D46C, 0x1D472, 0x1D478, 0x1D47E, 0x1D484, 0x1D48A, 0x1D490, 0x1D496,
  0x1D49C, 0x1D4A9, 0x1D4B0, 0x1D4B6, 0x1D4BE, 0x1D4C5, 0x1D4CB, 0x1D4D1, 0x1D4D7, 0x1D4DD, 0x1D4E3, 0x1D4E9,
  0x1D4EF, 0x1D4F5, 0x1D4FB, 0x1D501, 0x1D508, 0x1D510, 0x1D517, 0x1D51E, 0x1D524, 0x1D52A, 0x1D530, 0x1D536,
  0x1D53D, 0x1D544, 0x1D54E, 0x1D555, 0x1D55B, 0x1D561, 0x1D567, 0x1D56D, 0x1D573, 0x1D579, 0x1D57F, 0x1D585,
  0x1D58B, 0x1D591, 0x1D597, 0x1D59D, 0x1D5A3, 0x1D5A9, 0x1D5AF, 0x1D5B5, 0x1D5BB, 0x1D5C1, 0x1D5C7, 0x1D5CD,
  0x1D5D3, 0x1D5D9, 0x1D5DF, 0x1D5E5, 0x1D5EB, 0x1D5F1, 0x1D5F7, 0x1D5FD, 0x1D603, 0x1D609, 0x1D60F, 0x1D615,
  0x1D61B, 0x1D621, 0x1D627, 0x1D62D, 0x1D633, 0x1D639, 0x1D63F, 0x1D645, 0x1D64B, 0x1D651, 0x1D657, 0x1D65D,
  0x1D663, 0x1D669, 0x1D66F, 0x1D675, 0x1D67B, 0x1D681, 0x1D687, 0x1D68D, 0x1D693, 0x1D699, 0x1D69F, 0x1D6A5,
  0x1D6AD, 0x1D6B3, 0x1D6B9, 0x1D6BF, 0x1D6C5, 0x1D6CB, 0x1D6D1, 0x1D6D7, 0x1D6DD, 0x1D6E3, 0x1D6E9, 0x1D6EF,
  0x1D6F5, 0x1D6FB, 0x1D701, 0x1D707, 0x1D70D, 0x1D713, 0x1D719, 0x1D71F, 0x1D725, 0x1D72B, 0x1D731, 0x1D737,
  0x1D73D, 0x1D743, 0x1D749, 0x1D74F, 0x1D755, 0x1D75B, 0x1D761, 0x1D767, 0x1D76D, 0x1D773, 0x1D779, 0x1D77F,
  0x1D785, 0x1D78B, 0x1D791, 0x1D797, 0x1D79D, 0x1D7A3, 0x1D7A9, 0x1D7AF, 0x1D7B5, 0x1D7BB, 0x1D7C1, 0x1D7C7,
  0x1D7CF, 0x1D7D5, 0x1D7DB, 0x1D7E1, 0x1D7E7, 0x1D7ED, 0x1D7F3, 0x1D7F9, 0x1D7FF, 0x1E035, 0x1E03B, 0x1E041,
  0x1E047, 0x1E04D, 0x1E053, 0x1E059, 0x1E05F, 0x1E065, 0x1E06B, 0x1EE03, 0x1EE0A, 0x1EE10, 0x1EE16, 0x1EE1C,
  0x1EE24, 0x1EE2D, 0x1EE34, 0x1EE42, 0x1EE4F, 0x1EE5B, 0x1EE67, 0x1EE6E, 0x1EE75, 0x1EE7C, 0x1EE84, 0x1EE8B,
  0x1EE91, 0x1EE97, 0x1EEA2, 0x1EEA9, 0x1EEB0, 0x1EEB6, 0x1F100, 0x1F106, 0x1F111, 0x1F117, 0x1F11D, 0x1F123,
  0x1F129, 0x1F130, 0x1F136, 0x1F13C, 0x1F142, 0x1F148, 0x1F14E, 0x1F200, 0x1F213, 0x1F219, 0x1F21F, 0x1F225,
  0x1F22B, 0x1F231, 0x1F237, 0x1F241, 0x1F247, 0x1FBF2, 0x1FBF8, 0x2F804, 0x4F60, 0x4F60, 0x2F80A, 0x50E7,
  0x50E7, 0x2F810, 0x5164, 0x5164, 0x2F816, 0x2054B, 0x2054B, 0x2F81C, 0x291DF, 0x291DF, 0x2F822, 0x5272,
  0x5272, 0x2F828, 0x52FA, 0x52FA, 0x2F82E, 0x535A, 0x535A, 0x2F834, 0x20A2C, 0x20A2C, 0x2F83A, 0x53F1,
  0x53F1, 0x2F840, 0x54A2, 0x54A2, 0x2F846, 0x5584, 0x5584, 0x2F84C, 0x5606, 0x5606, 0x2F852, 0x57CE,
  0x57CE, 0x2F858, 0x58AC, 0x58AC, 0x2F85E, 0x5922, 0x5922, 0x2F864, 0x5A27, 0x5A27, 0x2F86A, 0x5B3E,
  0x5B3E, 0x2F870, 0x5BF3, 0x5BF3, 0x2F876, 0x3781, 0x3781, 0x2F87C, 0x5D43, 0x5D43, 0x2F882, 0x5DE2,
  0x5DE2, 0x2F888, 0x3862, 0x3862, 0x2F88E, 0x5ECA, 0x5ECA, 0x2F894, 0x5F22, 0x5F22, 0x2F89A, 0x5F6B,
  0x5F6B, 0x2F8A0, 0x6081, 0x6081, 0x2F8A6, 0x6148, 0x6148, 0x2F8AC, 0x61B2, 0x61B2, 0x2F8B2, 0x6210,
  0x6210, 0x2F8B8, 0x22B0C, 0x22B0C, 0x2F8BE, 0x22BF1, 0x22BF1, 0x2F8C4, 0x647E, 0x647E, 0x2F8CA, 0x2300A,
  0x2300A, 0x2F8D0, 0x3B08, 0x3B08, 0x2F8D6, 0x80AD, 0x80AD, 0x2F8DC, 0x6753, 0x6753, 0x2F8E2, 0x6885,
  0x6885, 0x2F8E8, 0x6942, 0x6942, 0x2F8EE, 0x3C18, 0x3C18, 0x2F8F4, 0x6B9F, 0x6B9F, 0x2F8FA, 0x6C4E,
  0x6C4E, 0x2F900, 0x6D3E, 0x6D3E, 0x2F906, 0x23D1E, 0x23D1E, 0x2F90C, 0x6EC7, 0x6EC7, 0x2F912, 0x6FC6,
  0x6FC6, 0x2F918, 0x707D, 0x707D, 0x2F91E, 0x719C, 0x719C, 0x2F924, 0x7280, 0x7280, 0x2F92A, 0x3EAC,
  0x3EAC, 0x2F930, 0x7471, 0x7471, 0x2F936, 0x753E, 0x753E, 0x2F93C, 0x24FB8, 0x24FB8, 0x2F942, 0x250F2,
  0x250F2, 0x2F948, 0x774A, 0x774A, 0x2F94E, 0x784E, 0x784E, 0x2F954, 0x2569A, 0x2569A, 0x2F95A, 0x7A4A,
  0x7A4A, 0x2F960, 0x4202, 0x4202, 0x2F966, 0x7CD2, 0x7CD2, 0x2F96C, 0x7D63, 0x7D63, 0x2F972, 0x26228,
  0x26228, 0x2F978, 0x7F95, 0x7F95, 0x2F97E, 0x265A8, 0x265A8, 0x2F984, 0x440B, 0x440B, 0x2F98A, 0x2339C,
  0x2339C, 0x2F990, 0x828B, 0x828B, 0x2F996, 0x82E6, 0x82E6, 0x2F99C, 0x8323, 0x8323, 0x2F9A2, 0x83CC,
  0x83CC, 0x2F9A8, 0x84F1, 0x84F1, 0x2F9AE, 0x455D, 0x455D, 0x2F9B4, 0x865C, 0x865C, 0x2F9BA, 0x86E2,
  0x86E2, 0x2F9C0, 0x87E1, 0x87E1, 0x2F9C6, 0x88D7, 0x88D7, 0x2F9CC, 0x27966, 0x27966, 0x2F9D2, 0x8C55,
  0x8C55, 0x2F9D8, 0x27F2F, 0x27F2F, 0x2F9DE, 0x8ED4, 0x8ED4, 0x2F9E4, 0x9111, 0x9111, 0x2F9EA, 0x927C,
  0x927C, 0x2F9F0, 0x95B7, 0x95B7, 0x2F9F6, 0x29145, 0x29145, 0x2F9FC, 0x4AB2, 0x4AB2, 0x2FA02, 0x98E2,
  0x98E2, 0x2FA08, 0x4BCE, 0x4BCE, 0x2FA0E, 0x4CED, 0x4CED, 0x2FA14, 0x2A291, 0x2A291, 0x2FA1A, 0x9F0F,
  0x9F0F, 0x61, 0x315, 0x300, 0x5AE, 0x300, 0x62, 0xE0, 0x5AE, 0x300, 0x315, 0x62,
  0xE0, 0x5AE, 0x300, 0x315, 0x62, 0x61, 0x5AE, 0x300, 0x300, 0x315, 0x62, 0xE0,
  0x5AE, 0x300, 0x315, 0x62, 0x61, 0x300, 0x315, 0x300, 0x5AE, 0x62, 0xE0, 0x5AE,
  0x300, 0x315, 0x62, 0x61, 0x315, 0x300, 0x5AE, 0x301, 0x62, 0xE0, 0x5AE, 0x301,
  0x315, 0x62, 0xE0, 0x5AE, 0x301, 0x315, 0x62, 0x61, 0x5AE, 0x300, 0x301, 0x315,
  0x62, 0xE0, 0x5AE, 0x301, 0x315, 0x62, 0x61, 0x301, 0x315, 0x300, 0x5AE, 0x62,
  0xE1, 0x5AE, 0x300, 0x315, 0x62, 0xE1, 0x5AE, 0x300, 0x315, 0x62, 0x61, 0x5AE,
  0x301, 0x300, 0x315, 0x62, 0xE1, 0x5AE, 0x300, 0x315, 0x62, 0x61, 0x315, 0x300,
  0x5AE, 0x302, 0x62, 0xE0, 0x5AE, 0x302, 0x315, 0x62, 0xE0, 0x5AE, 0x302, 0x315,
  0x62, 0x61, 0x5AE, 0x300, 0x302, 0x315, 0x62, 0xE0, 0x5AE, 0x302, 0x315, 0x62,
  0x61, 0x302, 0x315, 0x300, 0x5AE, 0x62, 0x1EA7, 0x5AE, 0x315, 0x62, 0x1EA7, 0x5AE,
  0x315, 0x62, 0x61, 0x5AE, 0x302, 0x300, 0x315, 0x62, 0x1EA7, 0x5AE, 0x315, 0x62,
  0x61, 0x315, 0x300, 0x5AE, 0x303, 0x62, 0xE0, 0x5AE, 0x303, 0x315, 0x62, 0xE0,
  0x5AE, 0x303, 0x315, 0x62, 0x61, 0x5AE, 0x300, 0x303, 0x315, 0x62, 0xE0, 0x5AE,
  0x303, 0x315, 0x62, 0x61, 0x303, 0x315, 0x300, 0x5AE, 0x62, 0xE3, 0x5AE, 0x300,
  0x315, 0x62, 0xE3, 0x5AE, 0x300, 0x315, 0x62, 0x61, 0x5AE, 0x303, 0x300, 0x315,
  0x62, 0xE3, 0x5AE, 0x300, 0x315, 0x62, 0x61, 0x315, 0x300, 0x5AE, 0x304, 0x62,
  0xE0, 0x5AE, 0x304, 0x315, 0x62, 0xE0, 0x5AE, 0x304, 0x315, 0x62, 0x61, 0x5AE,
  0x300, 0x304, 0x315, 0x62, 0xE0, 0x5AE, 0x304, 0x315, 0x62, 0x61, 0x304, 0x315,
  0x300, 0x5AE, 0x62, 0x101, 0x5AE, 0x300, 0x315, 0x62, 0x101, 0x5AE, 0x300, 0x315,
  0x62, 0x61, 0x5AE, 0x304, 0x300, 0x315, 0x62, 0x101, 0x5AE, 0x300, 0x315, 0x62,
  0x61, 0x315, 0x300, 0x5AE, 0x305, 0x62, 0xE0, 0x5AE, 0x305, 0x315, 0x62, 0xE0,
  0x5AE, 0x305, 0x315, 0x62, 0x61, 0x5AE, 0x300, 0x305, 0x315, 0x62, 0xE0, 0x5AE,
  0x305, 0x315, 0x62, 0x61, 0x305, 0x315, 0x300, 0x5AE, 0x62, 0x61, 0x5AE, 0x305,
  0x300, 0x315, 0x62, 0x61, 0x5AE, 0x305, 0x300, 0x315, 0x62, 0x61, 0x315, 0x300,
  0x5AE, 0x306, 0x62, 0xE0, 0x5AE, 0x306, 0x315, 0x62, 0xE0, 0x5AE, 0x306, 0x315,
  0x62, 0x61, 0x5AE, 0x300, 0x306, 0x315, 0x62, 0xE0, 0x5AE, 0x306, 0x315, 0x62,
  0x61, 0x306, 0x315, 0x300, 0x5AE, 0x62, 0x1EB1, 0x5AE, 0x315, 0x62, 0x1EB1, 0x5AE,
  0x315, 0x62, 0x61, 0x5AE, 0x306, 0x300, 0x315, 0x62, 0x1EB1, 0x5AE, 0x315, 0x62,
  0x61, 0x315, 0x300, 0x5AE, 0x307, 0x62, 0xE0, 0x5AE, 0x307, 0x315, 0x62, 0xE0,
  0x5AE, 0x307, 0x315, 0x62, 0x61, 0x5AE, 0x300, 0x307, 0x315, 0x62, 0xE0, 0x5AE,
  0x307, 0x315, 0x62, 0x61, 0x307, 0x315, 0x300, 0x5AE, 0x62, 0x227, 0x5AE, 0x300,
  0x315, 0x62, 0x227, 0x5AE, 0x300, 0x315, 0x62, 0x61, 0x5AE, 0x307, 0x300, 0x315,
  0x62, 0x227, 0x5AE, 0x300, 0x315, 0x62, 0x61, 0x315, 0x300, 0x5AE, 0x308, 0x62,
  0xE0, 0x5AE, 0x308, 0x315, 0x62, 0xE0, 0x5AE, 0x308, 0x315, 0x62, 0x61, 0x5AE,
  0x300, 0x308, 0x315, 0x62, 0xE0, 0x5AE, 0x308, 0x315, 0x62, 0x61, 0x308, 0x315,
  0x300, 0x5AE, 0x62, 0xE4, 0x5AE, 0x300, 0x315, 0x62, 0xE4, 0x5AE, 0x300, 0x315,
  0x62, 0x61, 0x5AE, 0x308, 0x300, 0x315, 0x62, 0xE4, 0x5AE, 0x300, 0x315, 0x62,
  0x61, 0x315, 0x300, 0x5AE, 0x309, 0x62, 0xE0, 0x5AE, 0x309, 0x315, 0x62, 0xE0,
  0x5AE, 0x309, 0x315, 0x62, 0x61, 0x5AE, 0x300, 0x309, 0x315, 0x62, 0xE0, 0x5AE,
  0x309, 0x315, 0x62, 0x61, 0x309, 0x315, 0x300, 0x5AE, 0x62, 0x1EA3, 0x5AE, 0x300,
  0x315, 0x62, 0x1EA3, 0x5AE, 0x300, 0x315, 0x62, 0x61, 0x5AE, 0x309, 0x300, 0x315,
  0x62, 0x1EA3, 0x5AE, 0x300, 0x315, 0x62, 0x61, 0x315, 0x300, 0x5AE, 0x30A, 0x62,
  0xE0, 0x5AE, 0x30A, 0x315, 0x62, 0xE0, 0x5AE, 0x30A, 0x315, 0x62, 0x61, 0x5AE,
  0x300, 0x30A, 0x315, 0x62, 0xE0, 0x5AE, 0x30A, 0x315, 0x62, 0x61, 0x30A, 0x315,
  0x300, 0x5AE, 0x62, 0xE5, 0x5AE, 0x300, 0x315, 0x62, 0xE5, 0x5AE, 0x300, 0x315,
  0x62, 0x61, 0x5AE, 0x30A, 0x300, 0x315, 0x62, 0xE5, 0x5AE, 0x300, 0x315, 0x62,
  0x61, 0x315, 0x300, 0x5AE, 0x30B, 0x62, 0xE0, 0x5AE, 0x30B, 0x315, 0x62, 0xE0,
  0x5AE, 0x30B, 0x315, 0x62, 0x61, 0x5AE, 0x300, 0x30B, 0x315, 0x62, 0xE0, 0x5AE,
  0x30B, 0x315, 0x62, 0x61, 0x30B, 0x315, 0x300, 0x5AE, 0x62, 0x61, 0x5AE, 0x30B,
  0x300, 0x315, 0x62, 0x61, 0x5AE, 0x30B, 0x300, 0x315, 0x62, 0x61, 0x315, 0x300,
  0x5AE, 0x30C, 0x62, 0xE0, 0x5AE, 0x30C, 0x315, 0x62, 0xE0, 0x5AE, 0x30C, 0x315,
  0x62, 0x61, 0x5AE, 0x300, 0x30C, 0x315, 0x62, 0xE0, 0x5AE, 0x30C, 0x315, 0x62,
  0x61, 0x30C, 0x315, 0x300, 0x5AE, 0x62, 0x1CE, 0x5AE, 0x300, 0x315, 0x62, 0x1CE,
  0x5AE, 0x300, 0x315, 0x62, 0x61, 0x5AE, 0x30C, 0x300, 0x315, 0x62, 0x1CE, 0x5AE,
  0x300, 0x315, 0x62, 0x61, 0x315, 0x300, 0x5AE, 0x30D, 0x62, 0xE0, 0x5AE, 0x30D,
  0x315, 0x62, 0xE0, 0x5AE, 0x30D, 0x315, 0x62, 0x61, 0x5AE, 0x300, 0x30D, 0x315,
  0x62, 0xE0, 0x5AE, 0x30D, 0x315, 0x62, 0x61, 0x30D, 0x315, 0x300, 0x5AE, 0x62,
  0x61, 0x5AE, 0x30D, 0x300, 0x315, 0x62, 0x61, 0x5AE, 0x30D, 0x300, 0x315, 0x62,
  0x61, 0x315, 0x300, 0x5AE, 0x30E, 0x62, 0xE0, 0x5AE, 0x30E, 0x315, 0x62, 0xE0,
  0x5AE, 0x30E, 0x315, 0x62, 0x61, 0x5AE, 0x300, 0x30E, 0x315, 0x62, 0xE0, 0x5AE,
  0x30E, 0x315, 0x62, 0x61, 0x30E, 0x315, 0x300, 0x5AE, 0x62, 0x61, 0x5AE, 0x30E,
  0x300, 0x315, 0x62, 0x61, 0x5AE, 0x30E, 0x300, 0x315, 0x62, 0x61, 0x315, 0x300,
  0x5AE, 0x30F, 0x62, 0xE0, 0x5AE, 0x30F, 0x315, 0x62, 0xE0, 0x5AE, 0x30F, 0x315,
  0x62, 0x61, 0x5AE, 0x300, 0x30F, 0x315, 0x62, 0xE0, 0x5AE, 0x30F, 0x315, 0x62,
  0x61, 0x30F, 0x315, 0x300, 0x5AE, 0x62, 0x201, 0x5AE, 0x300, 0x315, 0x62, 0x201,
  0x5AE, 0x300, 0x315, 0x62, 0x61, 0x5AE, 0x30F, 0x300, 0x315, 0x62, 0x201, 0x5AE,
  0x300, 0x315, 0x62, 0x61, 0x315, 0x300, 0x5AE, 0x310, 0x62, 0xE0, 0x5AE, 0x310,
  0x315, 0x62, 0xE0, 0x5AE, 0x310, 0x315, 0x62, 0x61, 0x5AE, 0x300, 0x310, 0x315,
  0x62, 0xE0, 0x5AE, 0x310, 0x315, 0x62, 0x61, 0x310, 0x315, 0x300, 0x5AE, 0x62,
  0x61, 0x5AE, 0x310, 0x300, 0x315, 0x62, 0x61, 0x5AE, 0x310, 0x300, 0x315, 0x62,
  0x61, 0x315, 0x300, 0x5AE, 0x311, 0x62, 0xE0, 0x5AE, 0x311, 0x315, 0x62, 0xE0,
  0x5AE, 0x311, 0x315, 0x62, 0x61, 0x5AE, 0x300, 0x311, 0x315, 0x62, 0xE0, 0x5AE,
  0x311, 0x315, 0x62, 0x61, 0x311, 0x315, 0x300, 0x5AE, 0x62, 0x203, 0x5AE, 0x300,
  0x315, 0x62, 0x203, 0x5AE, 0x300, 0x315, 0x62, 0x61, 0x5AE, 0x311, 0x300, 0x315,
  0x62, 0x203, 0x5AE, 0x300, 0x315, 0x62, 0x61, 0x315, 0x300, 0x5AE, 0x312, 0x62,
  0xE0, 0x5AE, 0x312, 0x315, 0x62, 0xE0, 0x5AE, 0x312, 0x315, 0x62, 0x61, 0x5AE,
  0x300, 0x312, 0x315, 0x62, 0xE0, 0x5AE, 0x312, 0x315, 0x62, 0x61, 0x312, 0x315,
  0x300, 0x5AE, 0x62, 0x61, 0x5AE, 0x312, 0x300, 0x315, 0x62, 0x61, 0x5AE, 0x312,
  0x300, 0x315, 0x62, 0x61, 0x315, 0x300, 0x5AE, 0x313, 0x62, 0xE0, 0x5AE, 0x313,
  0x315, 0x62, 0xE0, 0x5AE, 0x313, 0x315, 0x62, 0x61, 0x5AE, 0x300, 0x313, 0x315,
  0x62, 0xE0, 0x5AE, 0x313, 0x315, 0x62, 0x61, 0x313, 0x315, 0x300, 0x5AE, 0x62,
  0x61, 0x5AE, 0x313, 0x300, 0x315, 0x62, 0x61, 0x5AE, 0x313, 0x300, 0x315, 0x62,
  0x61, 0x315, 0x300, 0x5AE, 0x314, 0x62, 0xE0, 0x5AE, 0x314, 0x315, 0x62, 0xE0,
  0x5AE, 0x314, 0x315, 0x62, 0x61, 0x5AE, 0x300, 0x314, 0x315, 0x62, 0xE0, 0x5AE,
  0x314, 0x315, 0x62, 0x61, 0x314, 0x315, 0x300, 0x5AE, 0x62, 0x61, 0x5AE, 0x314,
  0x300, 0x315, 0x62, 0x61, 0x5AE, 0x314, 0x300, 0x315, 0x62, 0x61, 0x35C, 0x315,
  0x300, 0x315, 0x62, 0xE0, 0x315, 0x315, 0x35C, 0x62, 0xE0, 0x315, 0x315, 0x35C,
  0x62, 0x61, 0x300, 0x315, 0x315, 0x35C, 0x62, 0xE0, 0x315, 0x315, 0x35C, 0x62,
  0x61, 0x315, 0x35C, 0x315, 0x300, 0x62, 0xE0, 0x315, 0x315, 0x35C, 0x62, 0x61,
  0x59A, 0x316, 0x1DFA, 0x316, 0x62, 0x61, 0x1DFA, 0x316, 0x316, 0x59A, 0x62, 0x61,
  0x1DFA, 0x316, 0x316, 0x59A, 0x62, 0x61, 0x316, 0x59A, 0x316, 0x1DFA, 0x62, 0x61,
  0x1DFA, 0x316, 0x316, 0x59A, 0x62, 0x61, 0x59A, 0x316, 0x1DFA, 0x317, 0x62, 0x61,
  0x1DFA, 0x316, 0x317, 0x59A, 0x62, 0x61, 0x1DFA, 0x316, 0x317, 0x59A, 0x62, 0x61,
  0x317, 0x59A, 0x316, 0x1DFA, 0x62, 0x61, 0x1DFA, 0x317, 0x316, 0x59A, 0x62, 0x61,
  0x1DFA, 0x317, 0x316, 0x59A, 0x62, 0x61, 0x59A, 0x316, 0x1DFA, 0x318, 0x62, 0x61,
  0x1DFA, 0x316, 0x318, 0x59A, 0x62, 0x61, 0x1DFA, 0x316, 0x318, 0x59A, 0x62, 0x61,
  0x318, 0x59A, 0x316, 0x1DFA, 0x62, 0x61, 0x1DFA, 0x318, 0x316, 0x59A, 0x62, 0x61,
  0x1DFA, 0x318, 0x316, 0x59A, 0x62, 0x61, 0x59A, 0x316, 0x1DFA, 0x319, 0x62, 0x61,
  0x1DFA, 0x316, 0x319, 0x59A, 0x62, 0x61, 0x1DFA, 0x316, 0x319, 0x59A, 0x62, 0x61,
  0x319, 0x59A, 0x316, 0x1DFA, 0x62, 0x61, 0x1DFA, 0x319, 0x316, 0x59A, 0x62, 0x61,
  0x1DFA, 0x319, 0x316, 0x59A, 0x62, 0x61, 0x35C, 0x315, 0x300, 0x31A, 0x62, 0xE0,
  0x315, 0x31A, 0x35C, 0x62, 0xE0, 0x315, 0x31A, 0x35C, 0x62, 0x61, 0x300, 0x315,
  0x31A, 0x35C, 0x62, 0xE0, 0x315, 0x31A, 0x35C, 0x62, 0x61, 0x31A, 0x35C, 0x315,
  0x300, 0x62, 0xE0, 0x31A, 0x315, 0x35C, 0x62, 0xE0, 0x31A, 0x315, 0x35C, 0x62,
  0x61, 0x300, 0x31A, 0x315, 0x35C, 0x62, 0xE0, 0x31A, 0x315, 0x35C, 0x62, 0x61,
  0x1DFA, 0x31B, 0x1DCE, 0x31B, 0x62, 0x61, 0x1DCE, 0x31B, 0x31B, 0x1DFA, 0x62, 0x61,
  0x1DCE, 0x31B, 0x31B, 0x1DFA, 0x62, 0x61, 0x31B, 0x1DFA, 0x31B, 0x1DCE, 0x62, 0x61,
  0x1DCE, 0x31B, 0x31B, 0x1DFA, 0x62, 0x61, 0x59A, 0x316, 0x1DFA, 0x31C, 0x62, 0x61,
  0x1DFA, 0x316, 0x31C, 0x59A, 0x62, 0x61, 0x1DFA, 0x316, 0x31C, 0x59A, 0x62, 0x61,
  0x31C, 0x59A, 0x316, 0x1DFA, 0x62, 0x61, 0x1DFA, 0x31C, 0x316, 0x59A, 0x62, 0x61,
  0x1DFA, 0x31C, 0x316, 0x59A, 0x62, 0x61, 0x59A, 0x316, 0x1DFA, 0x31D, 0x62, 0x61,
  0x1DFA, 0x316, 0x31D, 0x59A, 0x62, 0x61, 0x1DFA, 0x316, 0x31D, 0x59A, 0x62, 0x61,
  0x31D, 0x59A, 0x316, 0x1DFA, 0x62, 0x61, 0x1DFA, 0x31D, 0x316, 0x59A, 0x62, 0x61,
  0x1DFA, 0x31D, 0x316, 0x59A, 0x62, 0x61, 0x59A, 0x316, 0x1DFA, 0x31E, 0x62, 0x61,
  0x1DFA, 0x316, 0x31E, 0x59A, 0x62, 0x61, 0x1DFA, 0x316, 0x31E, 0x59A, 0x62, 0x61,
  0x31E, 0x59A, 0x316, 0x1DFA, 0x62, 0x61, 0x1DFA, 0x31E, 0x316, 0x59A, 0x62, 0x61,
  0x1DFA, 0x31E, 0x316, 0x59A, 0x62, 0x61, 0x59A, 0x316, 0x1DFA, 0x31F, 0x62, 0x61,
  0x1DFA, 0x316, 0x31F, 0x59A, 0x62, 0x61, 0x1DFA, 0x316, 0x31F, 0x59A, 0x62, 0x61,
  0x31F, 0x59A, 0x316, 0x1DFA, 0x62, 0x61, 0x1DFA, 0x31F, 0x316, 0x59A, 0x62, 0x61,
  0x1DFA, 0x31F, 0x316, 0x59A, 0x62, 0x61, 0x59A, 0x316, 0x1DFA, 0x320, 0x62, 0x61,
  0x1DFA, 0x316, 0x320, 0x59A, 0x62, 0x61, 0x1DFA, 0x316, 0x320, 0x59A, 0x62, 0x61,
  0x320, 0x59A, 0x316, 0x1DFA, 0x62, 0x61, 0x1DFA, 0x320, 0x316, 0x59A, 0x62, 0x61,
  0x1DFA, 0x320, 0x316, 0x59A, 0x62, 0x61, 0x1DCE, 0x321, 0xF74, 0x321, 0x62, 0x61,
  0xF74, 0x321, 0x321, 0x1DCE, 0x62, 0x61, 0xF74, 0x321, 0x321, 0x1DCE, 0x62, 0x61,
  0x321, 0x1DCE, 0x321, 0xF74, 0x62, 0x61, 0xF74, 0x321, 0x321, 0x1DCE, 0x62, 0x61,
  0x1DCE, 0x321, 0xF74, 0x322, 0x62, 0x61, 0xF74, 0x321, 0x322, 0x1DCE, 0x62, 0x61,
  0xF74, 0x321, 0x322, 0x1DCE, 0x62, 0x61, 0x322, 0x1DCE, 0x321, 0xF74, 0x62, 0x61,
  0xF74, 0x322, 0x321, 0x1DCE, 0x62, 0x61, 0xF74, 0x322, 0x321, 0x1DCE, 0x62, 0x61,
  0x59A, 0x316, 0x1DFA, 0x323, 0x62, 0x61, 0x1DFA, 0x316, 0x323, 0x59A, 0x62, 0x61,
  0x1DFA, 0x316, 0x323, 0x59A, 0x62, 0x61, 0x323, 0x59A, 0x316, 0x1DFA, 0x62, 0x1EA1,
  0x1DFA, 0x316, 0x59A, 0x62, 0x1EA1, 0x1DFA, 0x316, 0x59A, 0x62, 0x61, 0x1DFA, 0x323,
  0x316, 0x59A, 0x62, 0x1EA1, 0x1DFA, 0x316, 0x59A, 0x62, 0x61, 0x59A, 0x316, 0x1DFA,
  0x324, 0x62, 0x61, 0x1DFA, 0x316, 0x324, 0x59A, 0x62, 0x61, 0x1DFA, 0x316, 0x324,
  0x59A, 0x62, 0x61, 0x324, 0x59A, 0x316, 0x1DFA, 0x62, 0x61, 0x1DFA, 0x324, 0x316,
  0x59A, 0x62, 0x61, 0x1DFA, 0x324, 0x316, 0x59A, 0x62, 0x61, 0x59A, 0x316, 0x1DFA,
  0x325, 0x62, 0x61, 0x1DFA, 0x316, 0x325, 0x59A, 0x62, 0x61, 0x1DFA, 0x316, 0x325,
  0x59A, 0x62, 0x61, 0x325, 0x59A, 0x316, 0x1DFA, 0x62, 0x1E01, 0x1DFA, 0x316, 0x59A,
  0x62, 0x1E01, 0x1DFA, 0x316, 0x59A, 0x62, 0x61, 0x1DFA, 0x325, 0x316, 0x59A, 0x62,
  0x1E01, 0x1DFA, 0x316, 0x59A, 0x62, 0x61, 0x59A, 0x316, 0x1DFA, 0x326, 0x62, 0x61,
  0x1DFA, 0x316, 0x326, 0x59A, 0x62, 0x61, 0x1DFA, 0x316, 0x326, 0x59A, 0x62, 0x61,
  0x326, 0x59A, 0x316, 0x1DFA, 0x62, 0x61, 0x1DFA, 0x326, 0x316, 0x59A, 0x62, 0x61,
  0x1DFA, 0x326, 0x316, 0x59A, 0x62, 0x61, 0x1DCE, 0x321, 0xF74, 0x327, 0x62, 0x61,
  0xF74, 0x321, 0x327, 0x1DCE, 0x62, 0x61, 0xF74, 0x321, 0x327, 0x1DCE, 0x62, 0x61,
  0x327, 0x1DCE, 0x321, 0xF74, 0x62, 0x61, 0xF74, 0x327, 0x321, 0x1DCE, 0x62, 0x61,
  0xF74, 0x327, 0x321, 0x1DCE, 0x62, 0x61, 0x1DCE, 0x321, 0xF74, 0x328, 0x62, 0x61,
  0xF74, 0x321, 0x328, 0x1DCE, 0x62, 0x61, 0xF74, 0x321, 0x328, 0x1DCE, 0x62, 0x61,
  0x328, 0x1DCE, 0x321, 0xF74, 0x62, 0x105, 0xF74, 0x321, 0x1DCE, 0x62, 0x105, 0xF74,
  0x321, 0x1DCE, 0x62, 0x61, 0xF74, 0x328, 0x321, 0x1DCE, 0x62, 0x105, 0xF74, 0x321,
  0x1DCE, 0x62, 0x61, 0x59A, 0x316, 0x1DFA, 0x329, 0x62, 0x61, 0x1DFA, 0x316, 0x329,
  0x59A, 0x62, 0x61, 0x1DFA, 0x316, 0x329, 0x59A, 0x62, 0x61, 0x329, 0x59A, 0x316,
  0x1DFA, 0x62, 0x61, 0x1DFA, 0x329, 0x316, 0x59A, 0x62, 0x61, 0x1DFA, 0x329, 0x316,
  0x59A, 0x62, 0x61, 0x59A, 0x316, 0x1DFA, 0x32A, 0x62, 0x61, 0x1DFA, 0x316, 0x32A,
  0x59A, 0x62, 0x61, 0x1DFA, 0x316, 0x32A, 0x59A, 0x62, 0x61, 0x32A, 0x59A, 0x316,
  0x1DFA, 0x62, 0x61, 0x1DFA, 0x32A, 0x316, 0x59A, 0x62, 0x61, 0x1DFA, 0x32A, 0x316,
  0x59A, 0x62, 0x61, 0x59A, 0x316, 0x1DFA, 0x32B, 0x62, 0x61, 0x1DFA, 0x316, 0x32B,
  0x59A, 0x62, 0x61, 0x1DFA, 0x316, 0x32B, 0x59A, 0x62, 0x61, 0x32B, 0x59A, 0x316,
  0x1DFA, 0x62, 0x61, 0x1DFA, 0x32B, 0x316, 0x59A, 0x62, 0x61, 0x1DFA, 0x32B, 0x316,
  0x59A, 0x62, 0x61, 0x59A, 0x316, 0x1DFA, 0x32C, 0x62, 0x61, 0x1DFA, 0x316, 0x32C,
  0x59A, 0x62, 0x61, 0x1DFA, 0x316, 0x32C, 0x59A, 0x62, 0x61, 0x32C, 0x59A, 0x316,
  0x1DFA, 0x62, 0x61, 0x1DFA, 0x32C, 0x316, 0x59A, 0x62, 0x61, 0x1DFA, 0x32C, 0x316,
  0x59A, 0x62, 0x61, 0x59A, 0x316, 0x1DFA, 0x32D, 0x62, 0x61, 0x1DFA, 0x316, 0x32D,
  0x59A, 0x62, 0x61, 0x1DFA, 0x316, 0x32D, 0x59A, 0x62, 0x61, 0x32D, 0x59A, 0x316,
  0x1DFA, 0x62, 0x61, 0x1DFA, 0x32D, 0x316, 0x59A, 0x62, 0x61, 0x1DFA, 0x32D, 0x316,
  0x59A, 0x62, 0x61, 0x59A, 0x316, 0x1DFA, 0x32E, 0x62, 0x61, 0x1DFA, 0x316, 0x32E,
  0x59A, 0x62, 0x61, 0x1DFA, 0x316, 0x32E, 0x59A, 0x62, 0x61, 0x32E, 0x59A, 0x316,
  0x1DFA, 0x62, 0x61, 0x1DFA, 0x32E, 0x316, 0x59A, 0x62, 0x61, 0x1DFA, 0x32E, 0x316,
  0x59A, 0x62, 0x61, 0x59A, 0x316, 0x1DFA, 0x32F, 0x62, 0x61, 0x1DFA, 0x316, 0x32F,
  0x59A, 0x62, 0x61, 0x1DFA, 0x316, 0x32F, 0x59A, 0x62, 0x61, 0x32F, 0x59A, 0x316,
  0x1DFA, 0x62, 0x61, 0x1DFA, 0x32F, 0x316, 0x59A, 0x62, 0x61, 0x1DFA, 0x32F, 0x316,
  0x59A, 0x62, 0x61, 0x59A, 0x316, 0x1DFA, 0x330, 0x62, 0x61, 0x1DFA, 0x316, 0x330,
  0x59A, 0x62, 0x61, 0x1DFA, 0x316, 0x330, 0x59A, 0x62, 0x61, 0x330, 0x59A, 0x316,
  0x1DFA, 0x62, 0x61, 0x1DFA, 0x330, 0x316, 0x59A, 0x62, 0x61, 0x1DFA, 0x330, 0x316,
  0x59A, 0x62, 0x61, 0x59A, 0x316, 0x1DFA, 0x331, 0x62, 0x61, 0x1DFA, 0x316, 0x331,
  0x59A, 0x62, 0x61, 0x1DFA, 0x316, 0x331, 0x59A, 0x62, 0x61, 0x331, 0x59A, 0x316,
  0x1DFA, 0x62, 0x61, 0x1DFA, 0x331, 0x316, 0x59A, 0x62, 0x61, 0x1DFA, 0x331, 0x316,
  0x59A, 0x62, 0x61, 0x59A, 0x316, 0x1DFA, 0x332, 0x62, 0x61, 0x1DFA, 0x316, 0x332,
  0x59A, 0x62, 0x61, 0x1DFA, 0x316, 0x332, 0x59A, 0x62, 0x61, 0x332, 0x59A, 0x316,
  0x1DFA, 0x62, 0x61, 0x1DFA, 0x332, 0x316, 0x59A, 0x62, 0x61, 0x1DFA, 0x332, 0x316,
  0x59A, 0x62, 0x61, 0x59A, 0x316, 0x1DFA, 0x333, 0x62, 0x61, 0x1DFA, 0x316, 0x333,
  0x59A, 0x62, 0x61, 0x1DFA, 0x316, 0x333, 0x59A, 0x62, 0x61, 0x333, 0x59A, 0x316,
  0x1DFA, 0x62, 0x61, 0x1DFA, 0x333, 0x316, 0x59A, 0x62, 0x61, 0x1DFA, 0x333, 0x316,
  0x59A, 0x62, 0x61, 0x16FF0, 0x334, 0x334, 0x62, 0x61, 0x334, 0x334, 0x16FF0, 0x62,
  0x61, 0x334, 0x334, 0x16FF0, 0x62, 0x61, 0x334, 0x16FF0, 0x334, 0x62, 0x61, 0x334,
  0x334, 0x16FF0, 0x62, 0x61, 0x16FF0, 0x334, 0x335, 0x62, 0x61, 0x334, 0x335, 0x16FF0,
  0x62, 0x61, 0x334, 0x335, 0x16FF0, 0x62, 0x61, 0x335, 0x16FF0, 0x334, 0x62, 0x61,
  0x335, 0x334, 0x16FF0, 0x62, 0x61, 0x335, 0x334, 0x16FF0, 0x62, 0x61, 0x16FF0, 0x334,
  0x336, 0x62, 0x61, 0x334, 0x336, 0x16FF0, 0x62, 0x61, 0x334, 0x336, 0x16FF0, 0x62,
  0x61, 0x336, 0x16FF0, 0x334, 0x62, 0x61, 0x336, 0x334, 0x16FF0, 0x62, 0x61, 0x336,
  0x334, 0x16FF0, 0x62, 0x61, 0x16FF0, 0x334, 0x337, 0x62, 0x61, 0x334, 0x337, 0x16FF0,
  0x62, 0x61, 0x334, 0x337, 0x16FF0, 0x62, 0x61, 0x337, 0x16FF0, 0x334, 0x62, 0x61,
  0x337, 0x334, 0x16FF0, 0x62, 0x61, 0x337, 0x334, 0x16FF0, 0x62, 0x61, 0x16FF0, 0x334,
  0x338, 0x62, 0x61, 0x334, 0x338, 0x16FF0, 0x62, 0x61, 0x334, 0x338, 0x16FF0, 0x62,
  0x61, 0x338, 0x16FF0, 0x334, 0x62, 0x61, 0x338, 0x334, 0x16FF0, 0x62, 0x61, 0x338,
  0x334, 0x16FF0, 0x62, 0x61, 0x59A, 0x316, 0x1DFA, 0x339, 0x62, 0x61, 0x1DFA, 0x316,
  0x339, 0x59A, 0x62, 0x61, 0x1DFA, 0x316, 0x339, 0x59A, 0x62, 0x61, 0x339, 0x59A,
  0x316, 0x1DFA, 0x62, 0x61, 0x1DFA, 0x339, 0x316, 0x59A, 0x62, 0x61, 0x1DFA, 0x339,
  0x316, 0x59A, 0x62, 0x61, 0x59A, 0x316, 0x1DFA, 0x33A, 0x62, 0x61, 0x1DFA, 0x316,
  0x33A, 0x59A, 0x62, 0x61, 0x1DFA, 0x316, 0x33A, 0x59A, 0x62, 0x61, 0x33A, 0x59A,
  0x316, 0x1DFA, 0x62, 0x61, 0x1DFA, 0x33A, 0x316, 0x59A, 0x62, 0x61, 0x1DFA, 0x33A,
  0x316, 0x59A, 0x62, 0x61, 0x59A, 0x316, 0x1DFA, 0x33B, 0x62, 0x61, 0x1DFA, 0x316,
  0x33B, 0x59A, 0x62, 0x61, 0x1DFA, 0x316, 0x33B, 0x59A, 0x62, 0x61, 0x33B, 0x59A,
  0x316, 0x1DFA, 0x62, 0x61, 0x1DFA, 0x33B, 0x316, 0x59A, 0x62, 0x61, 0x1DFA, 0x33B,
  0x316, 0x59A, 0x62, 0x61, 0x59A, 0x316, 0x1DFA, 0x33C, 0x62, 0x61, 0x1DFA, 0x316,
  0x33C, 0x59A, 0x62, 0x61, 0x1DFA, 0x316, 0x33C, 0x59A, 0x62, 0x61, 0x33C, 0x59A,
  0x316, 0x1DFA, 0x62, 0x61, 0x1DFA, 0x33C, 0x316, 0x59A, 0x62, 0x61, 0x1DFA, 0x33C,
  0x316, 0x59A, 0x62, 0x61, 0x315, 0x300, 0x5AE, 0x33D, 0x62, 0xE0, 0x5AE, 0x33D,
  0x315, 0x62, 0xE0, 0x5AE, 0x33D, 0x315, 0x62, 0x61, 0x5AE, 0x300, 0x33D, 0x315,
  0x62, 0xE0, 0x5AE, 0x33D, 0x315, 0x62, 0x61, 0x33D, 0x315, 0x300, 0x5AE, 0x62,
  0x61, 0x5AE, 0x33D, 0x300, 0x315, 0x62, 0x61, 0x5AE, 0x33D, 0x300, 0x315, 0x62,
  0x61, 0x315, 0x300, 0x5AE, 0x33E, 0x62, 0xE0, 0x5AE, 0x33E, 0x315, 0x62, 0xE0,
  0x5AE, 0x33E, 0x315, 0x62, 0x61, 0x5AE, 0x300, 0x33E, 0x315, 0x62, 0xE0, 0x5AE,
  0x33E, 0x315, 0x62, 0x61, 0x33E, 0x315, 0x300, 0x5AE, 0x62, 0x61, 0x5AE, 0x33E,
  0x300, 0x315, 0x62, 0x61, 0x5AE, 0x33E, 0x300, 0x315, 0x62, 0x61, 0x315, 0x300,
  0x5AE, 0x33F, 0x62, 0xE0, 0x5AE, 0x33F, 0x315, 0x62, 0xE0, 0x5AE, 0x33F, 0x315,
  0x62, 0x61, 0x5AE, 0x300, 0x33F, 0x315, 0x62, 0xE0, 0x5AE, 0x33F, 0x315, 0x62,
  0x61, 0x33F, 0x315, 0x300, 0x5AE, 0x62, 0x61, 0x5AE, 0x33F, 0x300, 0x315, 0x62,
  0x61, 0x5AE, 0x33F, 0x300, 0x315, 0x62, 0x61, 0x315, 0x300, 0x5AE, 0x340, 0x62,
  0xE0, 0x5AE, 0x300, 0x315, 0x62, 0x61, 0x340, 0x315, 0x300, 0x5AE, 0x62, 0xE0,
  0x5AE, 0x300, 0x315, 0x62, 0x61, 0x315, 0x300, 0x5AE, 0x341, 0x62, 0xE0, 0x5AE,
  0x301, 0x315, 0x62, 0x61, 0x341, 0x315, 0x300, 0x5AE, 0x62, 0xE1, 0x5AE, 0x300,
  0x315, 0x62, 0x61, 0x315, 0x300, 0x5AE, 0x342, 0x62, 0xE0, 0x5AE, 0x342, 0x315,
  0x62, 0xE0, 0x5AE, 0x342, 0x315, 0x62, 0x61, 0x5AE, 0x300, 0x342, 0x315, 0x62,
  0xE0, 0x5AE, 0x342, 0x315, 0x62, 0x61, 0x342, 0x315, 0x300, 0x5AE, 0x62, 0x61,
  0x5AE, 0x342, 0x300, 0x315, 0x62, 0x61, 0x5AE, 0x342, 0x300, 0x315, 0x62, 0x61,
  0x315, 0x300, 0x5AE, 0x343, 0x62, 0xE0, 0x5AE, 0x313, 0x315, 0x62, 0x61, 0x343,
  0x315, 0x300, 0x5AE, 0x62, 0x61, 0x5AE, 0x313, 0x300, 0x315, 0x62, 0x61, 0x315,
  0x300, 0x5AE, 0x344, 0x62, 0xE0, 0x5AE, 0x308, 0x301, 0x315, 0x62, 0xE0, 0x5AE,
  0x308, 0x301, 0x315, 0x62, 0x61, 0x5AE, 0x300, 0x308, 0x301, 0x315, 0x62, 0xE0,
  0x5AE, 0x308, 0x301, 0x315, 0x62, 0x61, 0x344, 0x315, 0x300, 0x5AE, 0x62, 0xE4,
  0x5AE, 0x301, 0x300, 0x315, 0x62, 0xE4, 0x5AE, 0x301, 0x300, 0x315, 0x62, 0x61,
  0x5AE, 0x308, 0x301, 0x300, 0x315, 0x62, 0xE4, 0x5AE, 0x301, 0x300, 0x315, 0x62,
  0x61, 0x345, 0x35D, 0x345, 0x62, 0x61, 0x35D, 0x345, 0x345, 0x62, 0x61, 0x35D,
  0x345, 0x345, 0x62, 0x61, 0x345, 0x345, 0x35D, 0x62, 0x61, 0x35D, 0x345, 0x345,
  0x62, 0x61, 0x315, 0x300, 0x5AE, 0x346, 0x62, 0xE0, 0x5AE, 0x346, 0x315, 0x62,
  0xE0, 0x5AE, 0x346, 0x315, 0x62, 0x61, 0x5AE, 0x300, 0x346, 0x315, 0x62, 0xE0,
  0x5AE, 0x346, 0x315, 0x62, 0x61, 0x346, 0x315, 0x300, 0x5AE, 0x62, 0x61, 0x5AE,
  0x346, 0x300, 0x315, 0x62, 0x61, 0x5AE, 0x346, 0x300, 0x315, 0x62, 0x61, 0x59A,
  0x316, 0x1DFA, 0x347, 0x62, 0x61, 0x1DFA, 0x316, 0x347, 0x59A, 0x62, 0x61, 0x1DFA,
  0x316, 0x347, 0x59A, 0x62, 0x61, 0x347, 0x59A, 0x316, 0x1DFA, 0x62, 0x61, 0x1DFA,
  0x347, 0x316, 0x59A, 0x62, 0x61, 0x1DFA, 0x347, 0x316, 0x59A, 0x62, 0x61, 0x59A,
  0x316, 0x1DFA, 0x348, 0x62, 0x61, 0x1DFA, 0x316, 0x348, 0x59A, 0x62, 0x61, 0x1DFA,
  0x316, 0x348, 0x59A, 0x62, 0x61, 0x348, 0x59A, 0x316, 0x1DFA, 0x62, 0x61, 0x1DFA,
  0x348, 0x316, 0x59A, 0x62, 0x61, 0x1DFA, 0x348, 0x316, 0x59A, 0x62, 0x61, 0x59A,
  0x316, 0x1DFA, 0x349, 0x62, 0x61, 0x1DFA, 0x316, 0x349, 0x59A, 0x62, 0x61, 0x1DFA,
  0x316, 0x349, 0x59A, 0x62, 0x61, 0x349, 0x59A, 0x316, 0x1DFA, 0x62, 0x61, 0x1DFA,
  0x349, 0x316, 0x59A, 0x62, 0x61, 0x1DFA, 0x349, 0x316, 0x59A, 0x62, 0x61, 0x315,
  0x300, 0x5AE, 0x34A, 0x62, 0xE0, 0x5AE, 0x34A, 0x315, 0x62, 0xE0, 0x5AE, 0x34A,
  0x315, 0x62, 0x61, 0x5AE, 0x300, 0x34A, 0x315, 0x62, 0xE0, 0x5AE, 0x34A, 0x315,
  0x62, 0x61, 0x34A, 0x315, 0x300, 0x5AE, 0x62, 0x61, 0x5AE, 0x34A, 0x300, 0x315,
  0x62, 0x61, 0x5AE, 0x34A, 0x300, 0x315, 0x62, 0x61, 0x315, 0x300, 0x5AE, 0x34B,
  0x62, 0xE0, 0x5AE, 0x34B, 0x315, 0x62, 0xE0, 0x5AE, 0x34B, 0x315, 0x62, 0x61,
  0x5AE, 0x300, 0x34B, 0x315, 0x62, 0xE0, 0x5AE, 0x34B, 0x315, 0x62, 0x61, 0x34B,
  0x315, 0x300, 0x5AE, 0x62, 0x61, 0x5AE, 0x34B, 0x300, 0x315, 0x62, 0x61, 0x5AE,
  0x34B, 0x300, 0x315, 0x62, 0x61, 0x315, 0x300, 0x5AE, 0x34C, 0x62, 0xE0, 0x5AE,
  0x34C, 0x315, 0x62, 0xE0, 0x5AE, 0x34C, 0x315, 0x62, 0x61, 0x5AE, 0x300, 0x34C,
  0x315, 0x62, 0xE0, 0x5AE, 0x34C, 0x315, 0x62, 0x61, 0x34C, 0x315, 0x300, 0x5AE,
  0x62, 0x61, 0x5AE, 0x34C, 0x300, 0x315, 0x62, 0x61, 0x5AE, 0x34C, 0x300, 0x315,
  0x62, 0x61, 0x59A, 0x316, 0x1DFA, 0x34D, 0x62, 0x61, 0x1DFA, 0x316, 0x34D, 0x59A,
  0x62, 0x61, 0x1DFA, 0x316, 0x34D, 0x59A, 0x62, 0x61, 0x34D, 0x59A, 0x316, 0x1DFA,
  0x62, 0x61, 0x1DFA, 0x34D, 0x316, 0x59A, 0x62, 0x61, 0x1DFA, 0x34D, 0x316, 0x59A,
  0x62, 0x61, 0x59A, 0x316, 0x1DFA, 0x34E, 0x62, 0x61, 0x1DFA, 0x316, 0x34E, 0x59A,
  0x62, 0x61, 0x1DFA, 0x316, 0x34E, 0x59A, 0x62, 0x61, 0x34E, 0x59A, 0x316, 0x1DFA,
  0x62, 0x61, 0x1DFA, 0x34E, 0x316, 0x59A, 0x62, 0x61, 0x1DFA, 0x34E, 0x316, 0x59A,
  0x62, 0x61, 0x315, 0x300, 0x5AE, 0x350, 0x62, 0xE0, 0x5AE, 0x350, 0x315, 0x62,
  0xE0, 0x5AE, 0x350, 0x315, 0x62, 0x61, 0x5AE, 0x300, 0x350, 0x315, 0x62, 0xE0,
  0x5AE, 0x350, 0x315, 0x62, 0x61, 0x350, 0x315, 0x300, 0x5AE, 0x62, 0x61, 0x5AE,
  0x350, 0x300, 0x315, 0x62, 0x61, 0x5AE, 0x350, 0x300, 0x315, 0x62, 0x61, 0x315,
  0x300, 0x5AE, 0x351, 0x62, 0xE0, 0x5AE, 0x351, 0x315, 0x62, 0xE0, 0x5AE, 0x351,
  0x315, 0x62, 0x61, 0x5AE, 0x300, 0x351, 0x315, 0x62, 0xE0, 0x5AE, 0x351, 0x315,
  0x62, 0x61, 0x351, 0x315, 0x300, 0x5AE, 0x62, 0x61, 0x5AE, 0x351, 0x300, 0x315,
  0x62, 0x61, 0x5AE, 0x351, 0x300, 0x315, 0x62, 0x61, 0x315, 0x300, 0x5AE, 0x352,
  0x62, 0xE0, 0x5AE, 0x352, 0x315, 0x62, 0xE0, 0x5AE, 0x352, 0x315, 0x62, 0x61,
  0x5AE, 0x300, 0x352, 0x315, 0x62, 0xE0, 0x5AE, 0x352, 0x315, 0x62, 0x61, 0x352,
  0x315, 0x300, 0x5AE, 0x62, 0x61, 0x5AE, 0x352, 0x300, 0x315, 0x62, 0x61, 0x5AE,
  0x352, 0x300, 0x315, 0x62, 0x61, 0x59A, 0x316, 0x1DFA, 0x353, 0x62, 0x61, 0x1DFA,
  0x316, 0x353, 0x59A, 0x62, 0x61, 0x1DFA, 0x316, 0x353, 0x59A, 0x62, 0x61, 0x353,
  0x59A, 0x316, 0x1DFA, 0x62, 0x61, 0x1DFA, 0x353, 0x316, 0x59A, 0x62, 0x61, 0x1DFA,
  0x353, 0x316, 0x59A, 0x62, 0x61, 0x59A, 0x316, 0x1DFA, 0x354, 0x62, 0x61, 0x1DFA,
  0x316, 0x354, 0x59A, 0x62, 0x61, 0x1DFA, 0x316, 0x354, 0x59A, 0x62, 0x61, 0x354,
  0x59A, 0x316, 0x1DFA, 0x62, 0x61, 0x1DFA, 0x354, 0x316, 0x59A, 0x62, 0x61, 0x1DFA,
  0x354, 0x316, 0x59A, 0x62, 0x61, 0x59A, 0x316, 0x1DFA, 0x355, 0x62, 0x61, 0x1DFA,
  0x316, 0x355, 0x59A, 0x62, 0x61, 0x1DFA, 0x316, 0x355, 0x59A, 0x62, 0x61, 0x355,
  0x59A, 0x316, 0x1DFA, 0x62, 0x61, 0x1DFA, 0x355, 0x316, 0x59A, 0x62, 0x61, 0x1DFA,
  0x355, 0x316, 0x59A, 0x62, 0x61, 0x59A, 0x316, 0x1DFA, 0x356, 0x62, 0x61, 0x1DFA,
  0x316, 0x356, 0x59A, 0x62, 0x61, 0x1DFA, 0x316, 0x356, 0x59A, 0x62, 0x61, 0x356,
  0x59A, 0x316, 0x1DFA, 0x62, 0x61, 0x1DFA, 0x356, 0x316, 0x59A, 0x62, 0x61, 0x1DFA,
  0x356, 0x316, 0x59A, 0x62, 0x61, 0x315, 0x300, 0x5AE, 0x357, 0x62, 0xE0, 0x5AE,
  0x357, 0x315, 0x62, 0xE0, 0x5AE, 0x357, 0x315, 0x62, 0x61, 0x5AE, 0x300, 0x357,
  0x315, 0x62, 0xE0, 0x5AE, 0x357, 0x315, 0x62, 0x61, 0x357, 0x315, 0x300, 0x5AE,
  0x62, 0x61, 0x5AE, 0x357, 0x300, 0x315, 0x62, 0x61, 0x5AE, 0x357, 0x300, 0x315,
  0x62, 0x61, 0x35C, 0x315, 0x300, 0x358, 0x62, 0xE0, 0x315, 0x358, 0x35C, 0x62,
  0xE0, 0x315, 0x358, 0x35C, 0x62, 0x61, 0x300, 0x315, 0x358, 0x35C, 0x62, 0xE0,
  0x315, 0x358, 0x35C, 0x62, 0x61, 0x358, 0x35C, 0x315, 0x300, 0x62, 0xE0, 0x358,
  0x315, 0x35C, 0x62, 0xE0, 0x358, 0x315, 0x35C, 0x62, 0x61, 0x300, 0x358, 0x315,
  0x35C, 0x62, 0xE0, 0x358, 0x315, 0x35C, 0x62, 0x61, 0x59A, 0x316, 0x1DFA, 0x359,
  0x62, 0x61, 0x1DFA, 0x316, 0x359, 0x59A, 0x62, 0x61, 0x1DFA, 0x316, 0x359, 0x59A,
  0x62, 0x61, 0x359, 0x59A, 0x316, 0x1DFA, 0x62, 0x61, 0x1DFA, 0x359, 0x316, 0x59A,
  0x62, 0x61, 0x1DFA, 0x359, 0x316, 0x59A, 0x62, 0x61, 0x59A, 0x316, 0x1DFA, 0x35A,
  0x62, 0x61, 0x1DFA, 0x316, 0x35A, 0x59A, 0x62, 0x61, 0x1DFA, 0x316, 0x35A, 0x59A,
  0x62, 0x61, 0x35A, 0x59A, 0x316, 0x1DFA, 0x62, 0x61, 0x1DFA, 0x35A, 0x316, 0x59A,
  0x62, 0x61, 0x1DFA, 0x35A, 0x316, 0x59A, 0x62, 0x61, 0x315, 0x300, 0x5AE, 0x35B,
  0x62, 0xE0, 0x5AE, 0x35B, 0x315, 0x62, 0xE0, 0x5AE, 0x35B, 0x315, 0x62, 0x61,
  0x5AE, 0x300, 0x35B, 0x315, 0x62, 0xE0, 0x5AE, 0x35B, 0x315, 0x62, 0x61, 0x35B,
  0x315, 0x300, 0x5AE, 0x62, 0x61, 0x5AE, 0x35B, 0x300, 0x315, 0x62, 0x61, 0x5AE,
  0x35B, 0x300, 0x315, 0x62, 0x61, 0x35D, 0x35C, 0x315, 0x35C, 0x62, 0x61, 0x315,
  0x35C, 0x35C, 0x35D, 0x62, 0x61, 0x315, 0x35C, 0x35C, 0x35D, 0x62, 0x61, 0x35C,
  0x35D, 0x35C, 0x315, 0x62, 0x61, 0x315, 0x35C, 0x35C, 0x35D, 0x62, 0x61, 0x345,
  0x35D, 0x35C, 0x35D, 0x62, 0x61, 0x35C, 0x35D, 0x35D, 0x345, 0x62, 0x61, 0x35C,
  0x35D, 0x35D, 0x345, 0x62, 0x61, 0x35D, 0x345, 0x35D, 0x35C, 0x62, 0x61, 0x35C,
  0x35D, 0x35D, 0x345, 0x62, 0x61, 0x345, 0x35D, 0x35C, 0x35E, 0x62, 0x61, 0x35C,
  0x35D, 0x35E, 0x345, 0x62, 0x61, 0x35C, 0x35D, 0x35E, 0x345, 0x62, 0x61, 0x35E,
  0x345, 0x35D, 0x35C, 0x62, 0x61, 0x35C, 0x35E, 0x35D, 0x345, 0x62, 0x61, 0x35C,
  0x35E, 0x35D, 0x345, 0x62, 0x61, 0x35D, 0x35C, 0x315, 0x35F, 0x62, 0x61, 0x315,
  0x35C, 0x35F, 0x35D, 0x62, 0x61, 0x315, 0x35C, 0x35F, 0x35D, 0x62, 0x61, 0x35F,
  0x35D, 0x35C, 0x315, 0x62, 0x61, 0x315, 0x35F, 0x35C, 0x35D, 0x62, 0x61, 0x315,
  0x35F, 0x35C, 0x35D, 0x62, 0x61, 0x345, 0x35D, 0x35C, 0x360, 0x62, 0x61, 0x35C,
  0x35D, 0x360, 0x345, 0x62, 0x61, 0x35C, 0x35D, 0x360, 0x345, 0x62, 0x61, 0x360,
  0x345, 0x35D, 0x35C, 0x62, 0x61, 0x35C, 0x360, 0x35D, 0x345, 0x62, 0x61, 0x35C,
  0x360, 0x35D, 0x345, 0x62, 0x61, 0x345, 0x35D, 0x35C, 0x361, 0x62, 0x61, 0x35C,
  0x35D, 0x361, 0x345, 0x62, 0x61, 0x35C, 0x35D, 0x361, 0x345, 0x62, 0x61, 0x361,
  0x345, 0x35D, 0x35C, 0x62, 0x61, 0x35C, 0x361, 0x35D, 0x345, 0x62, 0x61, 0x35C,
  0x361, 0x35D, 0x345, 0x62, 0x61, 0x35D, 0x35C, 0x315, 0x362, 0x62, 0x61, 0x315,
  0x35C, 0x362, 0x35D, 0x62, 0x61, 0x315, 0x35C, 0x362, 0x35D, 0x62, 0x61, 0x362,
  0x35D, 0x35C, 0x315, 0x62, 0x61, 0x315, 0x362, 0x35C, 0x35D, 0x62, 0x61, 0x315,
  0x362, 0x35C, 0x35D, 0x62, 0x61, 0x315, 0x300, 0x5AE, 0x363, 0x62, 0xE0, 0x5AE,
  0x363, 0x315, 0x62, 0xE0, 0x5AE, 0x363, 0x315, 0x62, 0x61, 0x5AE, 0x300, 0x363,
  0x315, 0x62, 0xE0, 0x5AE, 0x363, 0x315, 0x62, 0x61, 0x363, 0x315, 0x300, 0x5AE,
  0x62, 0x61, 0x5AE, 0x363, 0x300, 0x315, 0x62, 0x61, 0x5AE, 0x363, 0x300, 0x315,
  0x62, 0x61, 0x315, 0x300, 0x5AE, 0x364, 0x62, 0xE0, 0x5AE, 0x364, 0x315, 0x62,
  0xE0, 0x5AE, 0x364, 0x315, 0x62, 0x61, 0x5AE, 0x300, 0x364, 0x315, 0x62, 0xE0,
  0x5AE, 0x364, 0x315, 0x62, 0x61, 0x364, 0x315, 0x300, 0x5AE, 0x62, 0x61, 0x5AE,
  0x364, 0x300, 0x315, 0x62, 0x61, 0x5AE, 0x364, 0x300, 0x315, 0x62, 0x61, 0x315,
  0x300, 0x5AE, 0x365, 0x62, 0xE0, 0x5AE, 0x365, 0x315, 0x62, 0xE0, 0x5AE, 0x365,
  0x315, 0x62, 0x61, 0x5AE, 0x300, 0x365, 0x315, 0x62, 0xE0, 0x5AE, 0x365, 0x315,
  0x62, 0x61, 0x365, 0x315, 0x300, 0x5AE, 0x62, 0x61, 0x5AE, 0x365, 0x300, 0x315,
  0x62, 0x61, 0x5AE, 0x365, 0x300, 0x315, 0x62, 0x61, 0x315, 0x300, 0x5AE, 0x366,
  0x62, 0xE0, 0x5AE, 0x366, 0x315, 0x62, 0xE0, 0x5AE, 0x366, 0x315, 0x62, 0x61,
  0x5AE, 0x300, 0x366, 0x315, 0x62, 0xE0, 0x5AE, 0x366, 0x315, 0x62, 0x61, 0x366,
  0x315, 0x300, 0x5AE, 0x62, 0x61, 0x5AE, 0x366, 0x300, 0x315, 0x62, 0x61, 0x5AE,
  0x366, 0x300, 0x315, 0x62, 0x61, 0x315, 0x300, 0x5AE, 0x367, 0x62, 0xE0, 0x5AE,
  0x367, 0x315, 0x62, 0xE0, 0x5AE, 0x367, 0x315, 0x62, 0x61, 0x5AE, 0x300, 0x367,
  0x315, 0x62, 0xE0, 0x5AE, 0x367, 0x315, 0x62, 0x61, 0x367, 0x315, 0x300, 0x5AE,
  0x62, 0x61, 0x5AE, 0x367, 0x300, 0x315, 0x62, 0x61, 0x5AE, 0x367, 0x300, 0x315,
  0x62, 0x61, 0x315, 0x300, 0x5AE, 0x368, 0x62, 0xE0, 0x5AE, 0x368, 0x315, 0x62,
  0xE0, 0x5AE, 0x368, 0x315, 0x62, 0x61, 0x5AE, 0x300, 0x368, 0x315, 0x62, 0xE0,
  0x5AE, 0x368, 0x315, 0x62, 0x61, 0x368, 0x315, 0x300, 0x5AE, 0x62, 0x61, 0x5AE,
  0x368, 0x300, 0x315, 0x62, 0x61, 0x5AE, 0x368, 0x300, 0x315, 0x62, 0x61, 0x315,
  0x300, 0x5AE, 0x369, 0x62, 0xE0, 0x5AE, 0x369, 0x315, 0x62, 0xE0, 0x5AE, 0x369,
  0x315, 0x62, 0x61, 0x5AE, 0x300, 0x369, 0x315, 0x62, 0xE0, 0x5AE, 0x369, 0x315,
  0x62, 0x61, 0x369, 0x315, 0x300, 0x5AE, 0x62, 0x61, 0x5AE, 0x369, 0x300, 0x315,
  0x62, 0x61, 0x5AE, 0x369, 0x300, 0x315, 0x62, 0x61, 0x315, 0x300, 0x5AE, 0x36A,
  0x62, 0xE0, 0x5AE, 0x36A, 0x315, 0x62, 0xE0, 0x5AE, 0x36A, 0x315, 0x62, 0x61,
  0x5AE, 0x300, 0x36A, 0x315, 0x62, 0xE0, 0x5AE, 0x36A, 0x315, 0x62, 0x61, 0x36A,
  0x315, 0x300, 0x5AE, 0x62, 0x61, 0x5AE, 0x36A, 0x300, 0x315, 0x62, 0x61, 0x5AE,
  0x36A, 0x300, 0x315, 0x62, 0x61, 0x315, 0x300, 0x5AE, 0x36B, 0x62, 0xE0, 0x5AE,
  0x36B, 0x315, 0x62, 0xE0, 0x5AE, 0x36B, 0x315, 0x62, 0x61, 0x5AE, 0x300, 0x36B,
  0x315, 0x62, 0xE0, 0x5AE, 0x36B, 0x315, 0x62, 0x61, 0x36B, 0x315, 0x300, 0x5AE,
  0x62, 0x61, 0x5AE, 0x36B, 0x300, 0x315, 0x62, 0x61, 0x5AE, 0x36B, 0x300, 0x315,
  0x62, 0x61, 0x315, 0x300, 0x5AE, 0x36C, 0x62, 0xE0, 0x5AE, 0x36C, 0x315, 0x62,
  0xE0, 0x5AE, 0x36C, 0x315, 0x62, 0x61, 0x5AE, 0x300, 0x36C, 0x315, 0x62, 0xE0,
  0x5AE, 0x36C, 0x315, 0x62, 0x61, 0x36C, 0x315, 0x300, 0x5AE, 0x62, 0x61, 0x5AE,
  0x36C, 0x300, 0x315, 0x62, 0x61, 0x5AE, 0x36C, 0x300, 0x315, 0x62, 0x61, 0x315,
  0x300, 0x5AE, 0x36D, 0x62, 0xE0, 0x5AE, 0x36D, 0x315, 0x62, 0xE0, 0x5AE, 0x36D,
  0x315, 0x62, 0x61, 0x5AE, 0x300, 0x36D, 0x315, 0x62, 0xE0, 0x5AE, 0x36D, 0x315,
  0x62, 0x61, 0x36D, 0x315, 0x300, 0x5AE, 0x62, 0x61, 0x5AE, 0x36D, 0x300, 0x315,
  0x62, 0x61, 0x5AE, 0x36D, 0x300, 0x315, 0x62, 0x61, 0x315, 0x300, 0x5AE, 0x36E,
  0x62, 0xE0, 0x5AE, 0x36E, 0x315, 0x62, 0xE0, 0x5AE, 0x36E, 0x315, 0x62, 0x61,
  0x5AE, 0x300, 0x36E, 0x315, 0x62, 0xE0, 0x5AE, 0x36E, 0x315, 0x62, 0x61, 0x36E,
  0x315, 0x300, 0x5AE, 0x62, 0x61, 0x5AE, 0x36E, 0x300, 0x315, 0x62, 0x61, 0x5AE,
  0x36E, 0x300, 0x315, 0x62, 0x61, 0x315, 0x300, 0x5AE, 0x36F, 0x62, 0xE0, 0x5AE,
  0x36F, 0x315, 0x62, 0xE0, 0x5AE, 0x36F, 0x315, 0x62, 0x61, 0x5AE, 0x300, 0x36F,
  0x315, 0x62, 0xE0, 0x5AE, 0x36F, 0x315, 0x62, 0x61, 0x36F, 0x315, 0x300, 0x5AE,
  0x62, 0x61, 0x5AE, 0x36F, 0x300, 0x315, 0x62, 0x61, 0x5AE, 0x36F, 0x300, 0x315,
  0x62, 0x61, 0x315, 0x300, 0x5AE, 0x483, 0x62, 0xE0, 0x5AE, 0x483, 0x315, 0x62,
  0xE0, 0x5AE, 0x483, 0x315, 0x62, 0x61, 0x5AE, 0x300, 0x483, 0x315, 0x62, 0xE0,
  0x5AE, 0x483, 0x315, 0x62, 0x61, 0x483, 0x315, 0x300, 0x5AE, 0x62, 0x61, 0x5AE,
  0x483, 0x300, 0x315, 0x62, 0x61, 0x5AE, 0x483, 0x300, 0x315, 0x62, 0x61, 0x315,
  0x300, 0x5AE, 0x484, 0x62, 0xE0, 0x5AE, 0x484, 0x315, 0x62, 0xE0, 0x5AE, 0x484,
  0x315, 0x62, 0x61, 0x5AE, 0x300, 0x484, 0x315, 0x62, 0xE0, 0x5AE, 0x484, 0x315,
  0x62, 0x61, 0x484, 0x315, 0x300, 0x5AE, 0x62, 0x61, 0x5AE, 0x484, 0x300, 0x315,
  0x62, 0x61, 0x5AE, 0x484, 0x300, 0x315, 0x62, 0x61, 0x315, 0x300, 0x5AE, 0x485,
  0x62, 0xE0, 0x5AE, 0x485, 0x315, 0x62, 0xE0, 0x5AE, 0x485, 0x315, 0x62, 0x61,
  0x5AE, 0x300, 0x485, 0x315, 0x62, 0xE0, 0x5AE, 0x485, 0x315, 0x62, 0x61, 0x485,
  0x315, 0x300, 0x5AE, 0x62, 0x61, 0x5AE, 0x485, 0x300, 0x315, 0x62, 0x61, 0x5AE,
  0x485, 0x300, 0x315, 0x62, 0x61, 0x315, 0x300, 0x5AE, 0x486, 0x62, 0xE0, 0x5AE,
  0x486, 0x315, 0x62, 0xE0, 0x5AE, 0x486, 0x315, 0x62, 0x61, 0x5AE, 0x300, 0x486,
  0x315, 0x62, 0xE0, 0x5AE, 0x486, 0x315, 0x62, 0x61, 0x486, 0x315, 0x300, 0x5AE,
  0x62, 0x61, 0x5AE, 0x486, 0x300, 0x315, 0x62, 0x61, 0x5AE, 0x486, 0x300, 0x315,
  0x62, 0x61, 0x315, 0x300, 0x5AE, 0x487, 0x62, 0xE0, 0x5AE, 0x487, 0x315, 0x62,
  0xE0, 0x5AE, 0x487, 0x315, 0x62, 0x61, 0x5AE, 0x300, 0x487, 0x315, 0x62, 0xE0,
  0x5AE, 0x487, 0x315, 0x62, 0x61, 0x487, 0x315, 0x300, 0x5AE, 0x62, 0x61, 0x5AE,
  0x487, 0x300, 0x315, 0x62, 0x61, 0x5AE, 0x487, 0x300, 0x315, 0x62, 0x61, 0x59A,
  0x316, 0x1DFA, 0x591, 0x62, 0x61, 0x1DFA, 0x316, 0x591, 0x59A, 0x62, 0x61, 0x1DFA,
  0x316, 0x591, 0x59A, 0x62, 0x61, 0x591, 0x59A, 0x316, 0x1DFA, 0x62, 0x61, 0x1DFA,
  0x591, 0x316, 0x59A, 0x62, 0x61, 0x1DFA, 0x591, 0x316, 0x59A, 0x62, 0x61, 0x315,
  0x300, 0x5AE, 0x592, 0x62, 0xE0, 0x5AE, 0x592, 0x315, 0x62, 0xE0, 0x5AE, 0x592,
  0x315, 0x62, 0x61, 0x5AE, 0x300, 0x592, 0x315, 0x62, 0xE0, 0x5AE, 0x592, 0x315,
  0x62, 0x61, 0x592, 0x315, 0x300, 0x5AE, 0x62, 0x61, 0x5AE, 0x592, 0x300, 0x315,
  0x62, 0x61, 0x5AE, 0x592, 0x300, 0x315, 0x62, 0x61, 0x315, 0x300, 0x5AE, 0x593,
  0x62, 0xE0, 0x5AE, 0x593, 0x315, 0x62, 0xE0, 0x5AE, 0x593, 0x315, 0x62, 0x61,
  0x5AE, 0x300, 0x593, 0x315, 0x62, 0xE0, 0x5AE, 0x593, 0x315, 0x62, 0x61, 0x593,
  0x315, 0x300, 0x5AE, 0x62, 0x61, 0x5AE, 0x593, 0x300, 0x315, 0x62, 0x61, 0x5AE,
  0x593, 0x300, 0x315, 0x62, 0x61, 0x315, 0x300, 0x5AE, 0x594, 0x62, 0xE0, 0x5AE,
  0x594, 0x315, 0x62, 0xE0, 0x5AE, 0x594, 0x315, 0x62, 0x61, 0x5AE, 0x300, 0x594,
  0x315, 0x62, 0xE0, 0x5AE, 0x594, 0x315, 0x62, 0x61, 0x594, 0x315, 0x300, 0x5AE,
  0x62, 0x61, 0x5AE, 0x594, 0x300, 0x315, 0x62, 0x61, 0x5AE, 0x594, 0x300, 0x315,
  0x62, 0x61, 0x315, 0x300, 0x5AE, 0x595, 0x62, 0xE0, 0x5AE, 0x595, 0x315, 0x62,
  0xE0, 0x5AE, 0x595, 0x315, 0x62, 0x61, 0x5AE, 0x300, 0x595, 0x315, 0x62, 0xE0,
  0x5AE, 0x595, 0x315, 0x62, 0x61, 0x595, 0x315, 0x300, 0x5AE, 0x62, 0x61, 0x5AE,
  0x595, 0x300, 0x315, 0x62, 0x61, 0x5AE, 0x595, 0x300, 0x315, 0x62, 0x61, 0x59A,
  0x316, 0x1DFA, 0x596, 0x62, 0x61, 0x1DFA, 0x316, 0x596, 0x59A, 0x62, 0x61, 0x1DFA,
  0x316, 0x596, 0x59A, 0x62, 0x61, 0x596, 0x59A, 0x316, 0x1DFA, 0x62, 0x61, 0x1DFA,
  0x596, 0x316, 0x59A, 0x62, 0x61, 0x1DFA, 0x596, 0x316, 0x59A, 0x62, 0x61, 0x315,
  0x300, 0x5AE, 0x597, 0x62, 0xE0, 0x5AE, 0x597, 0x315, 0x62, 0xE0, 0x5AE, 0x597,
  0x315, 0x62, 0x61, 0x5AE, 0x300, 0x597, 0x315, 0x62, 0xE0, 0x5AE, 0x597, 0x315,
  0x62, 0x61, 0x597, 0x315, 0x300, 0x5AE, 0x62, 0x61, 0x5AE, 0x597, 0x300, 0x315,
  0x62, 0x61, 0x5AE, 0x597, 0x300, 0x315, 0x62, 0x61, 0x315, 0x300, 0x5AE, 0x598,
  0x62, 0xE0, 0x5AE, 0x598, 0x315, 0x62, 0xE0, 0x5AE, 0x598, 0x315, 0x62, 0x61,
  0x5AE, 0x300, 0x598, 0x315, 0x62, 0xE0, 0x5AE, 0x598, 0x315, 0x62, 0x61, 0x598,
  0x315, 0x300, 0x5AE, 0x62, 0x61, 0x5AE, 0x598, 0x300, 0x315, 0x62, 0x61, 0x5AE,
  0x598, 0x300, 0x315, 0x62, 0x61, 0x315, 0x300, 0x5AE, 0x599, 0x62, 0xE0, 0x5AE,
  0x599, 0x315, 0x62, 0xE0, 0x5AE, 0x599, 0x315, 0x62, 0x61, 0x5AE, 0x300, 0x599,
  0x315, 0x62, 0xE0, 0x5AE, 0x599, 0x315, 0x62, 0x61, 0x599, 0x315, 0x300, 0x5AE,
  0x62, 0x61, 0x5AE, 0x599, 0x300, 0x315, 0x62, 0x61, 0x5AE, 0x599, 0x300, 0x315,
  0x62, 0x61, 0x302E, 0x59A, 0x316, 0x59A, 0x62, 0x61, 0x316, 0x59A, 0x59A, 0x302E,
  0x62, 0x61, 0x316, 0x59A, 0x59A, 0x302E, 0x62, 0x61, 0x59A, 0x302E, 0x59A, 0x316,
  0x62, 0x61, 0x316, 0x59A, 0x59A, 0x302E, 0x62, 0x61, 0x59A, 0x316, 0x1DFA, 0x59B,
  0x62, 0x61, 0x1DFA, 0x316, 0x59B, 0x59A, 0x62, 0x61, 0x1DFA, 0x316, 0x59B, 0x59A,
  0x62, 0x61, 0x59B, 0x59A, 0x316, 0x1DFA, 0x62, 0x61, 0x1DFA, 0x59B, 0x316, 0x59A,
  0x62, 0x61, 0x1DFA, 0x59B, 0x316, 0x59A, 0x62, 0x61, 0x315, 0x300, 0x5AE, 0x59C,
  0x62, 0xE0, 0x5AE, 0x59C, 0x315, 0x62, 0xE0, 0x5AE, 0x59C, 0x315, 0x62, 0x61,
  0x5AE, 0x300, 0x59C, 0x315, 0x62, 0xE0, 0x5AE, 0x59C, 0x315, 0x62, 0x61, 0x59C,
  0x315, 0x300, 0x5AE, 0x62, 0x61, 0x5AE, 0x59C, 0x300, 0x315, 0x62, 0x61, 0x5AE,
  0x59C, 0x300, 0x315, 0x62, 0x61, 0x315, 0x300, 0x5AE, 0x59D, 0x62, 0xE0, 0x5AE,
  0x59D, 0x315, 0x62, 0xE0, 0x5AE, 0x59D, 0x315, 0x62, 0x61, 0x5AE, 0x300, 0x59D,
  0x315, 0x62, 0xE0, 0x5AE, 0x59D, 0x315, 0x62, 0x61, 0x59D, 0x315, 0x300, 0x5AE,
  0x62, 0x61, 0x5AE, 0x59D, 0x300, 0x315, 0x62, 0x61, 0x5AE, 0x59D, 0x300, 0x315,
  0x62, 0x61, 0x315, 0x300, 0x5AE, 0x59E, 0x62, 0xE0, 0x5AE, 0x59E, 0x315, 0x62,
  0xE0, 0x5AE, 0x59E, 0x315, 0x62, 0x61, 0x5AE, 0x300, 0x59E, 0x315, 0x62, 0xE0,
  0x5AE, 0x59E, 0x315, 0x62, 0x61, 0x59E, 0x315, 0x300, 0x5AE, 0x62, 0x61, 0x5AE,
  0x59E, 0x300, 0x315, 0x62, 0x61, 0x5AE, 0x59E, 0x300, 0x315, 0x62, 0x61, 0x315,
  0x300, 0x5AE, 0x59F, 0x62, 0xE0, 0x5AE, 0x59F, 0x315, 0x62, 0xE0, 0x5AE, 0x59F,
  0x315, 0x62, 0x61, 0x5AE, 0x300, 0x59F, 0x315, 0x62, 0xE0, 0x5AE, 0x59F, 0x315,
  0x62, 0x61, 0x59F, 0x315, 0x300, 0x5AE, 0x62, 0x61, 0x5AE, 0x59F, 0x300, 0x315,
  0x62, 0x61, 0x5AE, 0x59F, 0x300, 0x315, 0x62, 0x61, 0x315, 0x300, 0x5AE, 0x5A0,
  0x62, 0xE0, 0x5AE, 0x5A0, 0x315, 0x62, 0xE0, 0x5AE, 0x5A0, 0x315, 0x62, 0x61,
  0x5AE, 0x300, 0x5A0, 0x315, 0x62, 0xE0, 0x5AE, 0x5A0, 0x315, 0x62, 0x61, 0x5A0,
  0x315, 0x300, 0x5AE, 0x62, 0x61, 0x5AE, 0x5A0, 0x300, 0x315, 0x62, 0x61, 0x5AE,
  0x5A0, 0x300, 0x315, 0x62, 0x61, 0x315, 0x300, 0x5AE, 0x5A1, 0x62, 0xE0, 0x5AE,
  0x5A1, 0x315, 0x62, 0xE0, 0x5AE, 0x5A1, 0x315, 0x62, 0x61, 0x5AE, 0x300, 0x5A1,
  0x315, 0x62, 0xE0, 0x5AE, 0x5A1, 0x315, 0x62, 0x61, 0x5A1, 0x315, 0x300, 0x5AE,
  0x62, 0x61, 0x5AE, 0x5A1, 0x300, 0x315, 0x62, 0x61, 0x5AE, 0x5A1, 0x300, 0x315,
  0x62, 0x61, 0x59A, 0x316, 0x1DFA, 0x5A2, 0x62, 0x61, 0x1DFA, 0x316, 0x5A2, 0x59A,
  0x62, 0x61, 0x1DFA, 0x316, 0x5A2, 0x59A, 0x62, 0x61, 0x5A2, 0x59A, 0x316, 0x1DFA,
  0x62, 0x61, 0x1DFA, 0x5A2, 0x316, 0x59A, 0x62, 0x61, 0x1DFA, 0x5A2, 0x316, 0x59A,
  0x62, 0x61, 0x59A, 0x316, 0x1DFA, 0x5A3, 0x62, 0x61, 0x1DFA, 0x316, 0x5A3, 0x59A,
  0x62, 0x61, 0x1DFA, 0x316, 0x5A3, 0x59A, 0x62, 0x61, 0x5A3, 0x59A, 0x316, 0x1DFA,
  0x62, 0x61, 0x1DFA, 0x5A3, 0x316, 0x59A, 0x62, 0x61, 0x1DFA, 0x5A3, 0x316, 0x59A,
  0x62, 0x61, 0x59A, 0x316, 0x1DFA, 0x5A4, 0x62, 0x61, 0x1DFA, 0x316, 0x5A4, 0x59A,
  0x62, 0x61, 0x1DFA, 0x316, 0x5A4, 0x59A, 0x62, 0x61, 0x5A4, 0x59A, 0x316, 0x1DFA,
  0x62, 0x61, 0x1DFA, 0x5A4, 0x316, 0x59A, 0x62, 0x61, 0x1DFA, 0x5A4, 0x316, 0x59A,
  0x62, 0x61, 0x59A, 0x316, 0x1DFA, 0x5A5, 0x62, 0x61, 0x1DFA, 0x316, 0x5A5, 0x59A,
  0x62, 0x61, 0x1DFA, 0x316, 0x5A5, 0x59A, 0x62, 0x61, 0x5A5, 0x59A, 0x316, 0x1DFA,
  0x62, 0x61, 0x1DFA, 0x5A5, 0x316, 0x59A, 0x62, 0x61, 0x1DFA, 0x5A5, 0x316, 0x59A,
  0x62, 0x61, 0x59A, 0x316, 0x1DFA, 0x5A6, 0x62, 0x61, 0x1DFA, 0x316, 0x5A6, 0x59A,
  0x62, 0x61, 0x1DFA, 0x316, 0x5A6, 0x59A, 0x62, 0x61, 0x5A6, 0x59A, 0x316, 0x1DFA,
  0x62, 0x61, 0x1DFA, 0x5A6, 0x316, 0x59A, 0x62, 0x61, 0x1DFA, 0x5A6, 0x316, 0x59A,
  0x62, 0x61, 0x59A, 0x316, 0x1DFA, 0x5A7, 0x62, 0x61, 0x1DFA, 0x316, 0x5A7, 0x59A,
  0x62, 0x61, 0x1DFA, 0x316, 0x5A7, 0x59A, 0x62, 0x61, 0x5A7, 0x59A, 0x316, 0x1DFA,
  0x62, 0x61, 0x1DFA, 0x5A7, 0x316, 0x59A, 0x62, 0x61, 0x1DFA, 0x5A7, 0x316, 0x59A,
  0x62, 0x61, 0x315, 0x300, 0x5AE, 0x5A8, 0x62, 0xE0, 0x5AE, 0x5A8, 0x315, 0x62,
  0xE0, 0x5AE, 0x5A8, 0x315, 0x62, 0x61, 0x5AE, 0x300, 0x5A8, 0x315, 0x62, 0xE0,
  0x5AE, 0x5A8, 0x315, 0x62, 0x61, 0x5A8, 0x315, 0x300, 0x5AE, 0x62, 0x61, 0x5AE,
  0x5A8, 0x300, 0x315, 0x62, 0x61, 0x5AE, 0x5A8, 0x300, 0x315, 0x62, 0x61, 0x315,
  0x300, 0x5AE, 0x5A9, 0x62, 0xE0, 0x5AE, 0x5A9, 0x315, 0x62, 0xE0, 0x5AE, 0x5A9,
  0x315, 0x62, 0x61, 0x5AE, 0x300, 0x5A9, 0x315, 0x62, 0xE0, 0x5AE, 0x5A9, 0x315,
  0x62, 0x61, 0x5A9, 0x315, 0x300, 0x5AE, 0x62, 0x61, 0x5AE, 0x5A9, 0x300, 0x315,
  0x62, 0x61, 0x5AE, 0x5A9, 0x300, 0x315, 0x62, 0x61, 0x59A, 0x316, 0x1DFA, 0x5AA,
  0x62, 0x61, 0x1DFA, 0x316, 0x5AA, 0x59A, 0x62, 0x61, 0x1DFA, 0x316, 0x5AA, 0x59A,
  0x62, 0x61, 0x5AA, 0x59A, 0x316, 0x1DFA, 0x62, 0x61, 0x1DFA, 0x5AA, 0x316, 0x59A,
  0x62, 0x61, 0x1DFA, 0x5AA, 0x316, 0x59A, 0x62, 0x61, 0x315, 0x300, 0x5AE, 0x5AB,
  0x62, 0xE0, 0x5AE, 0x5AB, 0x315, 0x62, 0xE0, 0x5AE, 0x5AB, 0x315, 0x62, 0x61,
  0x5AE, 0x300, 0x5AB, 0x315, 0x62, 0xE0, 0x5AE, 0x5AB, 0x315, 0x62, 0x61, 0x5AB,
  0x315, 0x300, 0x5AE, 0x62, 0x61, 0x5AE, 0x5AB, 0x300, 0x315, 0x62, 0x61, 0x5AE,
  0x5AB, 0x300, 0x315, 0x62, 0x61, 0x315, 0x300, 0x5AE, 0x5AC, 0x62, 0xE0, 0x5AE,
  0x5AC, 0x315, 0x62, 0xE0, 0x5AE, 0x5AC, 0x315, 0x62, 0x61, 0x5AE, 0x300, 0x5AC,
  0x315, 0x62, 0xE0, 0x5AE, 0x5AC, 0x315, 0x62, 0x61, 0x5AC, 0x315, 0x300, 0x5AE,
  0x62, 0x61, 0x5AE, 0x5AC, 0x300, 0x315, 0x62, 0x61, 0x5AE, 0x5AC, 0x300, 0x315,
  0x62, 0x61, 0x302E, 0x59A, 0x316, 0x5AD, 0x62, 0x61, 0x316, 0x59A, 0x5AD, 0x302E,
  0x62, 0x61, 0x316, 0x59A, 0x5AD, 0x302E, 0x62, 0x61, 0x5AD, 0x302E, 0x59A, 0x316,
  0x62, 0x61, 0x316, 0x5AD, 0x59A, 0x302E, 0x62, 0x61, 0x316, 0x5AD, 0x59A, 0x302E,
  0x62, 0x61, 0x300, 0x5AE, 0x1D16D, 0x5AE, 0x62, 0xE0, 0x1D16D, 0x5AE, 0x5AE, 0x62,
  0xE0, 0x1D16D, 0x5AE, 0x5AE, 0x62, 0x61, 0x1D16D, 0x5AE, 0x5AE, 0x300, 0x62, 0xE0,
  0x1D16D, 0x5AE, 0x5AE, 0x62, 0x61, 0x5AE, 0x300, 0x5AE, 0x1D16D, 0x62, 0xE0, 0x1D16D,
  0x5AE, 0x5AE, 0x62, 0x61, 0x315, 0x300, 0x5AE, 0x5AF, 0x62, 0xE0, 0x5AE, 0x5AF,
  0x315, 0x62, 0xE0, 0x5AE, 0x5AF, 0x315, 0x62, 0x61, 0x5AE, 0x300, 0x5AF, 0x315,
  0x62, 0xE0, 0x5AE, 0x5AF, 0x315, 0x62, 0x61, 0x5AF, 0x315, 0x300, 0x5AE, 0x62,
  0x61, 0x5AE, 0x5AF, 0x300, 0x315, 0x62, 0x61, 0x5AE, 0x5AF, 0x300, 0x315, 0x62,
  0x61, 0x5B1, 0x5B0, 0x94D, 0x5B0, 0x62, 0x61, 0x94D, 0x5B0, 0x5B0, 0x5B1, 0x62,
  0x61, 0x94D, 0x5B0, 0x5B0, 0x5B1, 0x62, 0x61, 0x5B0, 0x5B1, 0x5B0, 0x94D, 0x62,
  0x61, 0x94D, 0x5B0, 0x5B0, 0x5B1, 0x62, 0x61, 0x5B2, 0x5B1, 0x5B0, 0x5B1, 0x62,
  0x61, 0x5B0, 0x5B1, 0x5B1, 0x5B2, 0x62, 0x61, 0x5B0, 0x5B1, 0x5B1, 0x5B2, 0x62,
  0x61, 0x5B1, 0x5B2, 0x5B1, 0x5B0, 0x62, 0x61, 0x5B0, 0x5B1, 0x5B1, 0x5B2, 0x62,
  0x61, 0x5B3, 0x5B2, 0x5B1, 0x5B2, 0x62, 0x61, 0x5B1, 0x5B2, 0x5B2, 0x5B3, 0x62,
  0x61, 0x5B1, 0x5B2, 0x5B2, 0x5B3, 0x62, 0x61, 0x5B2, 0x5B3, 0x5B2, 0x5B1, 0x62,
  0x61, 0x5B1, 0x5B2, 0x5B2, 0x5B3, 0x62, 0x61, 0x5B4, 0x5B3, 0x5B2, 0x5B3, 0x62,
  0x61, 0x5B2, 0x5B3, 0x5B3, 0x5B4, 0x62, 0x61, 0x5B2, 0x5B3, 0x5B3, 0x5B4, 0x62,
  0x61, 0x5B3, 0x5B4, 0x5B3, 0x5B2, 0x62, 0x61, 0x5B2, 0x5B3, 0x5B3, 0x5B4, 0x62,
  0x61, 0x5B5, 0x5B4, 0x5B3, 0x5B4, 0x62, 0x61, 0x5B3, 0x5B4, 0x5B4, 0x5B5, 0x62,
  0x61, 0x5B3, 0x5B4, 0x5B4, 0x5B5, 0x62, 0x61, 0x5B4, 0x5B5, 0x5B4, 0x5B3, 0x62,
  0x61, 0x5B3, 0x5B4, 0x5B4, 0x5B5, 0x62, 0x61, 0x5B6, 0x5B5, 0x5B4, 0x5B5, 0x62,
  0x61, 0x5B4, 0x5B5, 0x5B5, 0x5B6, 0x62, 0x61, 0x5B4, 0x5B5, 0x5B5, 0x5B6, 0x62,
  0x61, 0x5B5, 0x5B6, 0x5B5, 0x5B4, 0x62, 0x61, 0x5B4, 0x5B5, 0x5B5, 0x5B6, 0x62,
  0x61, 0x5B7, 0x5B6, 0x5B5, 0x5B6, 0x62, 0x61, 0x5B5, 0x5B6, 0x5B6, 0x5B7, 0x62,
  0x61, 0x5B5, 0x5B6, 0x5B6, 0x5B7, 0x62, 0x61, 0x5B6, 0x5B7, 0x5B6, 0x5B5, 0x62,
  0x61, 0x5B5, 0x5B6, 0x5B6, 0x5B7, 0x62, 0x61, 0x5B8, 0x5B7, 0x5B6, 0x5B7, 0x62,
  0x61, 0x5B6, 0x5B7, 0x5B7, 0x5B8, 0x62, 0x61, 0x5B6, 0x5B7, 0x5B7, 0x5B8, 0x62,
  0x61, 0x5B7, 0x5B8, 0x5B7, 0x5B6, 0x62, 0x61, 0x5B6, 0x5B7, 0x5B7, 0x5B8, 0x62,
  0x61, 0x5B9, 0x5B8, 0x5B7, 0x5B8, 0x62, 0x61, 0x5B7, 0x5B8, 0x5B8, 0x5B9, 0x62,
  0x61, 0x5B7, 0x5B8, 0x5B8, 0x5B9, 0x62, 0x61, 0x5B8, 0x5B9, 0x5B8, 0x5B7, 0x62,
  0x61, 0x5B7, 0x5B8, 0x5B8, 0x5B9, 0x62, 0x61, 0x5BB, 0x5B9, 0x5B8, 0x5B9, 0x62,
  0x61, 0x5B8, 0x5B9, 0x5B9, 0x5BB, 0x62, 0x61, 0x5B8, 0x5B9, 0x5B9, 0x5BB, 0x62,
  0x61, 0x5B9, 0x5BB, 0x5B9, 0x5B8, 0x62, 0x61, 0x5B8, 0x5B9, 0x5B9, 0x5BB, 0x62,
  0x61, 0x5BB, 0x5B9, 0x5B8, 0x5BA, 0x62, 0x61, 0x5B8, 0x5B9, 0x5BA, 0x5BB, 0x62,
  0x61, 0x5B8, 0x5B9, 0x5BA, 0x5BB, 0x62, 0x61, 0x5BA, 0x5BB, 0x5B9, 0x5B8, 0x62,
  0x61, 0x5B8, 0x5BA, 0x5B9, 0x5BB, 0x62, 0x61, 0x5B8, 0x5BA, 0x5B9, 0x5BB, 0x62,
  0x61, 0x5BC, 0x5BB, 0x5B9, 0x5BB, 0x62, 0x61, 0x5B9, 0x5BB, 0x5BB, 0x5BC, 0x62,
  0x61, 0x5B9, 0x5BB, 0x5BB, 0x5BC, 0x62, 0x61, 0x5BB, 0x5BC, 0x5BB, 0x5B9, 0x62,
  0x61, 0x5B9, 0x5BB, 0x5BB, 0x5BC, 0x62, 0x61, 0x5BD, 0x5BC, 0x5BB, 0x5BC, 0x62,
  0x61, 0x5BB, 0x5BC, 0x5BC, 0x5BD, 0x62, 0x61, 0x5BB, 0x5BC, 0x5BC, 0x5BD, 0x62,
  0x61, 0x5BC, 0x5BD, 0x5BC, 0x5BB, 0x62, 0x61, 0x5BB, 0x5BC, 0x5BC, 0x5BD, 0x62,
  0x61, 0x5BF, 0x5BD, 0x5BC, 0x5BD, 0x62, 0x61, 0x5BC, 0x5BD, 0x5BD, 0x5BF, 0x62,
  0x61, 0x5BC, 0x5BD, 0x5BD, 0x5BF, 0x62, 0x61, 0x5BD, 0x5BF, 0x5BD, 0x5BC, 0x62,
  0x61, 0x5BC, 0x5BD, 0x5BD, 0x5BF, 0x62, 0x61, 0x5C1, 0x5BF, 0x5BD, 0x5BF, 0x62,
  0x61, 0x5BD, 0x5BF, 0x5BF, 0x5C1, 0x62, 0x61, 0x5BD, 0x5BF, 0x5BF, 0x5C1, 0x62,
  0x61, 0x5BF, 0x5C1, 0x5BF, 0x5BD, 0x62, 0x61, 0x5BD, 0x5BF, 0x5BF, 0x5C1, 0x62,
  0x61, 0x5C2, 0x5C1, 0x5BF, 0x5C1, 0x62, 0x61, 0x5BF, 0x5C1, 0x5C1, 0x5C2, 0x62,
  0x61, 0x5BF, 0x5C1, 0x5C1, 0x5C2, 0x62, 0x61, 0x5C1, 0x5C2, 0x5C1, 0x5BF, 0x62,
  0x61, 0x5BF, 0x5C1, 0x5C1, 0x5C2, 0x62, 0x61, 0xFB1E, 0x5C2, 0x5C1, 0x5C2, 0x62,
  0x61, 0x5C1, 0x5C2, 0x5C2, 0xFB1E, 0x62, 0x61, 0x5C1, 0x5C2, 0x5C2, 0xFB1E, 0x62,
  0x61, 0x5C2, 0xFB1E, 0x5C2, 0x5C1, 0x62, 0x61, 0x5C1, 0x5C2, 0x5C2, 0xFB1E, 0x62,
  0x61, 0x315, 0x300, 0x5AE, 0x5C4, 0x62, 0xE0, 0x5AE, 0x5C4, 0x315, 0x62, 0xE0,
  0x5AE, 0x5C4, 0x315, 0x62, 0x61, 0x5AE, 0x300, 0x5C4, 0x315, 0x62, 0xE0, 0x5AE,
  0x5C4, 0x315, 0x62, 0x61, 0x5C4, 0x315, 0x300, 0x5AE, 0x62, 0x61, 0x5AE, 0x5C4,
  0x300, 0x315, 0x62, 0x61, 0x5AE, 0x5C4, 0x300, 0x315, 0x62, 0x61, 0x59A, 0x316,
  0x1DFA, 0x5C5, 0x62, 0x61, 0x1DFA, 0x316, 0x5C5, 0x59A, 0x62, 0x61, 0x1DFA, 0x316,
  0x5C5, 0x59A, 0x62, 0x61, 0x5C5, 0x59A, 0x316, 0x1DFA, 0x62, 0x61, 0x1DFA, 0x5C5,
  0x316, 0x59A, 0x62, 0x61, 0x1DFA, 0x5C5, 0x316, 0x59A, 0x62, 0x61, 0x5B9, 0x5B8,
  0x5B7, 0x5C7, 0x62, 0x61, 0x5B7, 0x5B8, 0x5C7, 0x5B9, 0x62, 0x61, 0x5B7, 0x5B8,
  0x5C7, 0x5B9, 0x62, 0x61, 0x5C7, 0x5B9, 0x5B8, 0x5B7, 0x62, 0x61, 0x5B7, 0x5C7,
  0x5B8, 0x5B9, 0x62, 0x61, 0x5B7, 0x5C7, 0x5B8, 0x5B9, 0x62, 0x61, 0x315, 0x300,
  0x5AE, 0x610, 0x62, 0xE0, 0x5AE, 0x610, 0x315, 0x62, 0xE0, 0x5AE, 0x610, 0x315,
  0x62, 0x61, 0x5AE, 0x300, 0x610, 0x315, 0x62, 0xE0, 0x5AE, 0x610, 0x315, 0x62,
  0x61, 0x610, 0x315, 0x300, 0x5AE, 0x62, 0x61, 0x5AE, 0x610, 0x300, 0x315, 0x62,
  0x61, 0x5AE, 0x610, 0x300, 0x315, 0x62, 0x61, 0x315, 0x300, 0x5AE, 0x611, 0x62,
  0xE0, 0x5AE, 0x611, 0x315, 0x62, 0xE0, 0x5AE, 0x611, 0x315, 0x62, 0x61, 0x5AE,
  0x300, 0x611, 0x315, 0x62, 0xE0, 0x5AE, 0x611, 0x315, 0x62, 0x61, 0x611, 0x315,
  0x300, 0x5AE, 0x62, 0x61, 0x5AE, 0x611, 0x300, 0x315, 0x62, 0x61, 0x5AE, 0x611,
  0x300, 0x315, 0x62, 0x61, 0x315, 0x300, 0x5AE, 0x612, 0x62, 0xE0, 0x5AE, 0x612,
  0x315, 0x62, 0xE0, 0x5AE, 0x612, 0x315, 0x62, 0x61, 0x5AE, 0x300, 0x612, 0x315,
  0x62, 0xE0, 0x5AE, 0x612, 0x315, 0x62, 0x61, 0x612, 0x315, 0x300, 0x5AE, 0x62,
  0x61, 0x5AE, 0x612, 0x300, 0x315, 0x62, 0x61, 0x5AE, 0x612, 0x300, 0x315, 0x62,
  0x61, 0x315, 0x300, 0x5AE, 0x613, 0x62, 0xE0, 0x5AE, 0x613, 0x315, 0x62, 0xE0,
  0x5AE, 0x613, 0x315, 0x62, 0x61, 0x5AE, 0x300, 0x613, 0x315, 0x62, 0xE0, 0x5AE,
  0x613, 0x315, 0x62, 0x61, 0x613, 0x315, 0x300, 0x5AE, 0x62, 0x61, 0x5AE, 0x613,
  0x300, 0x315, 0x62, 0x61, 0x5AE, 0x613, 0x300, 0x315, 0x62, 0x61, 0x315, 0x300,
  0x5AE, 0x614, 0x62, 0xE0, 0x5AE, 0x614, 0x315, 0x62, 0xE0, 0x5AE, 0x614, 0x315,
  0x62, 0x61, 0x5AE, 0x300, 0x614, 0x315, 0x62, 0xE0, 0x5AE, 0x614, 0x315, 0x62,
  0x61, 0x614, 0x315, 0x300, 0x5AE, 0x62, 0x61, 0x5AE, 0x614, 0x300, 0x315, 0x62,
  0x61, 0x5AE, 0x614, 0x300, 0x315, 0x62, 0x61, 0x315, 0x300, 0x5AE, 0x615, 0x62,
  0xE0, 0x5AE, 0x615, 0x315, 0x62, 0xE0, 0x5AE, 0x615, 0x315, 0x62, 0x61, 0x5AE,
  0x300, 0x615, 0x315, 0x62, 0xE0, 0x5AE, 0x615, 0x315, 0x62, 0x61, 0x615, 0x315,
  0x300, 0x5AE, 0x62, 0x61, 0x5AE, 0x615, 0x300, 0x315, 0x62, 0x61, 0x5AE, 0x615,
  0x300, 0x315, 0x62, 0x61, 0x315, 0x300, 0x5AE, 0x616, 0x62, 0xE0, 0x5AE, 0x616,
  0x315, 0x62, 0xE0, 0x5AE, 0x616, 0x315, 0x62, 0x61, 0x5AE, 0x300, 0x616, 0x315,
  0x62, 0xE0, 0x5AE, 0x616, 0x315, 0x62, 0x61, 0x616, 0x315, 0x300, 0x5AE, 0x62,
  0x61, 0x5AE, 0x616, 0x300, 0x315, 0x62, 0x61, 0x5AE, 0x616, 0x300, 0x315, 0x62,
  0x61, 0x315, 0x300, 0x5AE, 0x617, 0x62, 0xE0, 0x5AE, 0x617, 0x315, 0x62, 0xE0,
  0x5AE, 0x617, 0x315, 0x62, 0x61, 0x5AE, 0x300, 0x617, 0x315, 0x62, 0xE0, 0x5AE,
  0x617, 0x315, 0x62, 0x61, 0x617, 0x315, 0x300, 0x5AE, 0x62, 0x61, 0x5AE, 0x617,
  0x300, 0x315, 0x62, 0x61, 0x5AE, 0x617, 0x300, 0x315, 0x62, 0x61, 0x619, 0x618,
  0x64D, 0x618, 0x62, 0x61, 0x64D, 0x618, 0x618, 0x619, 0x62, 0x61, 0x64D, 0x618,
  0x618, 0x619, 0x62, 0x61, 0x618, 0x619, 0x618, 0x64D, 0x62, 0x61, 0x64D, 0x618,
  0x618, 0x619, 0x62, 0x61, 0x61A, 0x619, 0x618, 0x619, 0x62, 0x61, 0x618, 0x619,
  0x619, 0x61A, 0x62, 0x61, 0x618, 0x619, 0x619, 0x61A, 0x62, 0x61, 0x619, 0x61A,
  0x619, 0x618, 0x62, 0x61, 0x618, 0x619, 0x619, 0x61A, 0x62, 0x61, 0x651, 0x61A,
  0x619, 0x61A, 0x62, 0x61, 0x619, 0x61A, 0x61A, 0x651, 0x62, 0x61, 0x619, 0x61A,
  0x61A, 0x651, 0x62, 0x61, 0x61A, 0x651, 0x61A, 0x619, 0x62, 0x61, 0x619, 0x61A,
  0x61A, 0x651, 0x62, 0x61, 0x64C, 0x64B, 0xFB1E, 0x64B, 0x62, 0x61, 0xFB1E, 0x64B,
  0x64B, 0x64C, 0x62, 0x61, 0xFB1E, 0x64B, 0x64B, 0x64C, 0x62, 0x61, 0x64B, 0x64C,
  0x64B, 0xFB1E, 0x62, 0x61, 0xFB1E, 0x64B, 0x64B, 0x64C, 0x62, 0x61, 0x64D, 0x64C,
  0x64B, 0x64C, 0x62, 0x61, 0x64B, 0x64C, 0x64C, 0x64D, 0x62, 0x61, 0x64B, 0x64C,
  0x64C, 0x64D, 0x62, 0x61, 0x64C, 0x64D, 0x64C, 0x64B, 0x62, 0x61, 0x64B, 0x64C,
  0x64C, 0x64D, 0x62, 0x61, 0x618, 0x64D, 0x64C, 0x64D, 0x62, 0x61, 0x64C, 0x64D,
  0x64D, 0x618, 0x62, 0x61, 0x64C, 0x64D, 0x64D, 0x618, 0x62, 0x61, 0x64D, 0x618,
  0x64D, 0x64C, 0x62, 0x61, 0x64C, 0x64D, 0x64D, 0x618, 0x62, 0x61, 0x619, 0x618,
  0x64D, 0x64E, 0x62, 0x61, 0x64D, 0x618, 0x64E, 0x619, 0x62, 0x61, 0x64D, 0x618,
  0x64E, 0x619, 0x62, 0x61, 0x64E, 0x619, 0x618, 0x64D, 0x62, 0x61, 0x64D, 0x64E,
  0x618, 0x619, 0x62, 0x61, 0x64D, 0x64E, 0x618, 0x619, 0x62, 0x61, 0x61A, 0x619,
  0x618, 0x64F, 0x62, 0x61, 0x618, 0x619, 0x64F, 0x61A, 0x62, 0x61, 0x618, 0x619,
  0x64F, 0x61A, 0x62, 0x61, 0x64F, 0x61A, 0x619, 0x618, 0x62, 0x61, 0x618, 0x64F,
  0x619, 0x61A, 0x62, 0x61, 0x618, 0x64F, 0x619, 0x61A, 0x62, 0x61, 0x651, 0x61A,
  0x619, 0x650, 0x62, 0x61, 0x619, 0x61A, 0x650, 0x651, 0x62, 0x61, 0x619, 0x61A,
  0x650, 0x651, 0x62, 0x61, 0x650, 0x651, 0x61A, 0x619, 0x62, 0x61, 0x619, 0x650,
  0x61A, 0x651, 0x62, 0x61, 0x619, 0x650, 0x61A, 0x651, 0x62, 0x61, 0x652, 0x651,
  0x61A, 0x651, 0x62, 0x61, 0x61A, 0x651, 0x651, 0x652, 0x62, 0x61, 0x61A, 0x651,
  0x651, 0x652, 0x62, 0x61, 0x651, 0x652, 0x651, 0x61A, 0x62, 0x61, 0x61A, 0x651,
  0x651, 0x652, 0x62, 0x61, 0x670, 0x652, 0x651, 0x652, 0x62, 0x61, 0x651, 0x652,
  0x652, 0x670, 0x62, 0x61, 0x651, 0x652, 0x652, 0x670, 0x62, 0x61, 0x652, 0x670,
  0x652, 0x651, 0x62, 0x61, 0x651, 0x652, 0x652, 0x670, 0x62, 0x61, 0x315, 0x300,
  0x5AE, 0x653, 0x62, 0xE0, 0x5AE, 0x653, 0x315, 0x62, 0xE0, 0x5AE, 0x653, 0x315,
  0x62, 0x61, 0x5AE, 0x300, 0x653, 0x315, 0x62, 0xE0, 0x5AE, 0x653, 0x315, 0x62,
  0x61, 0x653, 0x315, 0x300, 0x5AE, 0x62, 0x61, 0x5AE, 0x653, 0x300, 0x315, 0x62,
  0x61, 0x5AE, 0x653, 0x300, 0x315, 0x62, 0x61, 0x315, 0x300, 0x5AE, 0x654, 0x62,
  0xE0, 0x5AE, 0x654, 0x315, 0x62, 0xE0, 0x5AE, 0x654, 0x315, 0x62, 0x61, 0x5AE,
  0x300, 0x654, 0x315, 0x62, 0xE0, 0x5AE, 0x654, 0x315, 0x62, 0x61, 0x654, 0x315,
  0x300, 0x5AE, 0x62, 0x61, 0x5AE, 0x654, 0x300, 0x315, 0x62, 0x61, 0x5AE, 0x654,
  0x300, 0x315, 0x62, 0x61, 0x59A, 0x316, 0x1DFA, 0x655, 0x62, 0x61, 0x1DFA, 0x316,
  0x655, 0x59A, 0x62, 0x61, 0x1DFA, 0x316, 0x655, 0x59A, 0x62, 0x61, 0x655, 0x59A,
  0x316, 0x1DFA, 0x62, 0x61, 0x1DFA, 0x655, 0x316, 0x59A, 0x62, 0x61, 0x1DFA, 0x655,
  0x316, 0x59A, 0x62, 0x61, 0x59A, 0x316, 0x1DFA, 0x656, 0x62, 0x61, 0x1DFA, 0x316,
  0x656, 0x59A, 0x62, 0x61, 0x1DFA, 0x316, 0x656, 0x59A, 0x62, 0x61, 0x656, 0x59A,
  0x316, 0x1DFA, 0x62, 0x61, 0x1DFA, 0x656, 0x316, 0x59A, 0x62, 0x61, 0x1DFA, 0x656,
  0x316, 0x59A, 0x62, 0x61, 0x315, 0x300, 0x5AE, 0x657, 0x62, 0xE0, 0x5AE, 0x657,
  0x315, 0x62, 0xE0, 0x5AE, 0x657, 0x315, 0x62, 0x61, 0x5AE, 0x300, 0x657, 0x315,
  0x62, 0xE0, 0x5AE, 0x657, 0x315, 0x62, 0x61, 0x657, 0x315, 0x300, 0x5AE, 0x62,
  0x61, 0x5AE, 0x657, 0x300, 0x315, 0x62, 0x61, 0x5AE, 0x657, 0x300, 0x315, 0x62,
  0x61, 0x315, 0x300, 0x5AE, 0x658, 0x62, 0xE0, 0x5AE, 0x658, 0x315, 0x62, 0xE0,
  0x5AE, 0x658, 0x315, 0x62, 0x61, 0x5AE, 0x300, 0x658, 0x315, 0x62, 0xE0, 0x5AE,
  0x658, 0x315, 0x62, 0x61, 0x658, 0x315, 0x300, 0x5AE, 0x62, 0x61, 0x5AE, 0x658,
  0x300, 0x315, 0x62, 0x61, 0x5AE, 0x658, 0x300, 0x315, 0x62, 0x61, 0x315, 0x300,
  0x5AE, 0x659, 0x62, 0xE0, 0x5AE, 0x659, 0x315, 0x62, 0xE0, 0x5AE, 0x659, 0x315,
  0x62, 0x61, 0x5AE, 0x300, 0x659, 0x315, 0x62, 0xE0, 0x5AE, 0x659, 0x315, 0x62,
  0x61, 0x659, 0x315, 0x300, 0x5AE, 0x62, 0x61, 0x5AE, 0x659, 0x300, 0x315, 0x62,
  0x61, 0x5AE, 0x659, 0x300, 0x315, 0x62, 0x61, 0x315, 0x300, 0x5AE, 0x65A, 0x62,
  0xE0, 0x5AE, 0x65A, 0x315, 0x62, 0xE0, 0x5AE, 0x65A, 0x315, 0x62, 0x61, 0x5AE,
  0x300, 0x65A, 0x315, 0x62, 0xE0, 0x5AE, 0x65A, 0x315, 0x62, 0x61, 0x65A, 0x315,
  0x300, 0x5AE, 0x62, 0x61, 0x5AE, 0x65A, 0x300, 0x315, 0x62, 0x61, 0x5AE, 0x65A,
  0x300, 0x315, 0x62, 0x61, 0x315, 0x300, 0x5AE, 0x65B, 0x62, 0xE0, 0x5AE, 0x65B,
  0x315, 0x62, 0xE0, 0x5AE, 0x65B, 0x315, 0x62, 0x61, 0x5AE, 0x300, 0x65B, 0x315,
  0x62, 0xE0, 0x5AE, 0x65B, 0x315, 0x62, 0x61, 0x65B, 0x315, 0x300, 0x5AE, 0x62,
  0x61, 0x5AE, 0x65B, 0x300, 0x315, 0x62, 0x61, 0x5AE, 0x65B, 0x300, 0x315, 0x62,
  0x61, 0x59A, 0x316, 0x1DFA, 0x65C, 0x62, 0x61, 0x1DFA, 0x316, 0x65C, 0x59A, 0x62,
  0x61, 0x1DFA, 0x316, 0x65C, 0x59A, 0x62, 0x61, 0x65C, 0x59A, 0x316, 0x1DFA, 0x62,
  0x61, 0x1DFA, 0x65C, 0x316, 0x59A, 0x62, 0x61, 0x1DFA, 0x65C, 0x316, 0x59A, 0x62,
  0x61, 0x315, 0x300, 0x5AE, 0x65D, 0x62, 0xE0, 0x5AE, 0x65D, 0x315, 0x62, 0xE0,
  0x5AE, 0x65D, 0x315, 0x62, 0x61, 0x5AE, 0x300, 0x65D, 0x315, 0x62, 0xE0, 0x5AE,
  0x65D, 0x315, 0x62, 0x61, 0x65D, 0x315, 0x300, 0x5AE, 0x62, 0x61, 0x5AE, 0x65D,
  0x300, 0x315, 0x62, 0x61, 0x5AE, 0x65D, 0x300, 0x315, 0x62, 0x61, 0x315, 0x300,
  0x5AE, 0x65E, 0x62, 0xE0, 0x5AE, 0x65E, 0x315, 0x62, 0xE0, 0x5AE, 0x65E, 0x315,
  0x62, 0x61, 0x5AE, 0x300, 0x65E, 0x315, 0x62, 0xE0, 0x5AE, 0x65E, 0x315, 0x62,
  0x61, 0x65E, 0x315, 0x300, 0x5AE, 0x62, 0x61, 0x5AE, 0x65E, 0x300, 0x315, 0x62,
  0x61, 0x5AE, 0x65E, 0x300, 0x315, 0x62, 0x61, 0x59A, 0x316, 0x1DFA, 0x65F, 0x62,
  0x61, 0x1DFA, 0x316, 0x65F, 0x59A, 0x62, 0x61, 0x1DFA, 0x316, 0x65F, 0x59A, 0x62,
  0x61, 0x65F, 0x59A, 0x316, 0x1DFA, 0x62, 0x61, 0x1DFA, 0x65F, 0x316, 0x59A, 0x62,
  0x61, 0x1DFA, 0x65F, 0x316, 0x59A, 0x62, 0x61, 0x711, 0x670, 0x652, 0x670, 0x62,
  0x61, 0x652, 0x670, 0x670, 0x711, 0x62, 0x61, 0x652, 0x670, 0x670, 0x711, 0x62,
  0x61, 0x670, 0x711, 0x670, 0x652, 0x62, 0x61, 0x652, 0x670, 0x670, 0x711, 0x62,
  0x61, 0x315, 0x300, 0x5AE, 0x6D6, 0x62, 0xE0, 0x5AE, 0x6D6, 0x315, 0x62, 0xE0,
  0x5AE, 0x6D6, 0x315, 0x62, 0x61, 0x5AE, 0x300, 0x6D6, 0x315, 0x62, 0xE0, 0x5AE,
  0x6D6, 0x315, 0x62, 0x61, 0x6D6, 0x315, 0x300, 0x5AE, 0x62, 0x61, 0x5AE, 0x6D6,
  0x300, 0x315, 0x62, 0x61, 0x5AE, 0x6D6, 0x300, 0x315, 0x62, 0x61, 0x315, 0x300,
  0x5AE, 0x6D7, 0x62, 0xE0, 0x5AE, 0x6D7, 0x315, 0x62, 0xE0, 0x5AE, 0x6D7, 0x315,
  0x62, 0x61, 0x5AE, 0x300, 0x6D7, 0x315, 0x62, 0xE0, 0x5AE, 0x6D7, 0x315, 0x62,
  0x61, 0x6D7, 0x315, 0x300, 0x5AE, 0x62, 0x61, 0x5AE, 0x6D7, 0x300, 0x315, 0x62,
  0x61, 0x5AE, 0x6D7, 0x300, 0x315, 0x62, 0x61, 0x315, 0x300, 0x5AE, 0x6D8, 0x62,
  0xE0, 0x5AE, 0x6D8, 0x315, 0x62, 0xE0, 0x5AE, 0x6D8, 0x315, 0x62, 0x61, 0x5AE,
  0x300, 0x6D8, 0x315, 0x62, 0xE0, 0x5AE, 0x6D8, 0x315, 0x62, 0x61, 0x6D8, 0x315,
  0x300, 0x5AE, 0x62, 0x61, 0x5AE, 0x6D8, 0x300, 0x315, 0x62, 0x61, 0x5AE, 0x6D8,
  0x300, 0x315, 0x62, 0x61, 0x315, 0x300, 0x5AE, 0x6D9, 0x62, 0xE0, 0x5AE, 0x6D9,
  0x315, 0x62, 0xE0, 0x5AE, 0x6D9, 0x315, 0x62, 0x61, 0x5AE, 0x300, 0x6D9, 0x315,
  0x62, 0xE0, 0x5AE, 0x6D9, 0x315, 0x62, 0x61, 0x6D9, 0x315, 0x300, 0x5AE, 0x62,
  0x61, 0x5AE, 0x6D9, 0x300, 0x315, 0x62, 0x61, 0x5AE, 0x6D9, 0x300, 0x315, 0x62,
  0x61, 0x315, 0x300, 0x5AE, 0x6DA, 0x62, 0xE0, 0x5AE, 0x6DA, 0x315, 0x62, 0xE0,
  0x5AE, 0x6DA, 0x315, 0x62, 0x61, 0x5AE, 0x300, 0x6DA, 0x315, 0x62, 0xE0, 0x5AE,
  0x6DA, 0x315, 0x62, 0x61, 0x6DA, 0x315, 0x300, 0x5AE, 0x62, 0x61, 0x5AE, 0x6DA,
  0x300, 0x315, 0x62, 0x61, 0x5AE, 0x6DA, 0x300, 0x315, 0x62, 0x61, 0x315, 0x300,
  0x5AE, 0x6DB, 0x62, 0xE0, 0x5AE, 0x6DB, 0x315, 0x62, 0xE0, 0x5AE, 0x6DB, 0x315,
  0x62, 0x61, 0x5AE, 0x300, 0x6DB, 0x315, 0x62, 0xE0, 0x5AE, 0x6DB, 0x315, 0x62,
  0x61, 0x6DB, 0x315, 0x300, 0x5AE, 0x62, 0x61, 0x5AE, 0x6DB, 0x300, 0x315, 0x62,
  0x61, 0x5AE, 0x6DB, 0x300, 0x315, 0x62, 0x61, 0x315, 0x300, 0x5AE, 0x6DC, 0x62,
  0xE0, 0x5AE, 0x6DC, 0x315, 0x62, 0xE0, 0x5AE, 0x6DC, 0x315, 0x62, 0x61, 0x5AE,
  0x300, 0x6DC, 0x315, 0x62, 0xE0, 0x5AE, 0x6DC, 0x315, 0x62, 0x61, 0x6DC, 0x315,
  0x300, 0x5AE, 0x62, 0x61, 0x5AE, 0x6DC, 0x300, 0x315, 0x62, 0x61, 0x5AE, 0x6DC,
  0x300, 0x315, 0x62, 0x61, 0x315, 0x300, 0x5AE, 0x6DF, 0x62, 0xE0, 0x5AE, 0x6DF,
  0x315, 0x62, 0xE0, 0x5AE, 0x6DF, 0x315, 0x62, 0x61, 0x5AE, 0x300, 0x6DF, 0x315,
  0x62, 0xE0, 0x5AE, 0x6DF, 0x315, 0x62, 0x61, 0x6DF, 0x315, 0x300, 0x5AE, 0x62,
  0x61, 0x5AE, 0x6DF, 0x300, 0x315, 0x62, 0x61, 0x5AE, 0x6DF, 0x300, 0x315, 0x62,
  0x61, 0x315, 0x300, 0x5AE, 0x6E0, 0x62, 0xE0, 0x5AE, 0x6E0, 0x315, 0x62, 0xE0,
  0x5AE, 0x6E0, 0x315, 0x62, 0x61, 0x5AE, 0x300, 0x6E0, 0x315, 0x62, 0xE0, 0x5AE,
  0x6E0, 0x315, 0x62, 0x61, 0x6E0, 0x315, 0x300, 0x5AE, 0x62, 0x61, 0x5AE, 0x6E0,
  0x300, 0x315, 0x62, 0x61, 0x5AE, 0x6E0, 0x300, 0x315, 0x62, 0x61, 0x315, 0x300,
  0x5AE, 0x6E1, 0x62, 0xE0, 0x5AE, 0x6E1, 0x315, 0x62, 0xE0, 0x5AE, 0x6E1, 0x315,
  0x62, 0x61, 0x5AE, 0x300, 0x6E1, 0x315, 0x62, 0xE0, 0x5AE, 0x6E1, 0x315, 0x62,
  0x61, 0x6E1, 0x315, 0x300, 0x5AE, 0x62, 0x61, 0x5AE, 0x6E1, 0x300, 0x315, 0x62,
  0x61, 0x5AE, 0x6E1, 0x300, 0x315, 0x62, 0x61, 0x315, 0x300, 0x5AE, 0x6E2, 0x62,
  0xE0, 0x5AE, 0x6E2, 0x315, 0x62, 0xE0, 0x5AE, 0x6E2, 0x315, 0x62, 0x61, 0x5AE,
  0x300, 0x6E2, 0x315, 0x62, 0xE0, 0x5AE, 0x6E2, 0x315, 0x62, 0x61, 0x6E2, 0x315,
  0x300, 0x5AE, 0x62, 0x61, 0x5AE, 0x6E2, 0x300, 0x315, 0x62, 0x61, 0x5AE, 0x6E2,
  0x300, 0x315, 0x62, 0x61, 0x59A, 0x316, 0x1DFA, 0x6E3, 0x62, 0x61, 0x1DFA, 0x316,
  0x6E3, 0x59A, 0x62, 0x61, 0x1DFA, 0x316, 0x6E3, 0x59A, 0x62, 0x61, 0x6E3, 0x59A,
  0x316, 0x1DFA, 0x62, 0x61, 0x1DFA, 0x6E3, 0x316, 0x59A, 0x62, 0x61, 0x1DFA, 0x6E3,
  0x316, 0x59A, 0x62, 0x61, 0x315, 0x300, 0x5AE, 0x6E4, 0x62, 0xE0, 0x5AE, 0x6E4,
  0x315, 0x62, 0xE0, 0x5AE, 0x6E4, 0x315, 0x62, 0x61, 0x5AE, 0x300, 0x6E4, 0x315,
  0x62, 0xE0, 0x5AE, 0x6E4, 0x315, 0x62, 0x61, 0x6E4, 0x315, 0x300, 0x5AE, 0x62,
  0x61, 0x5AE, 0x6E4, 0x300, 0x315, 0x62, 0x61, 0x5AE, 0x6E4, 0x300, 0x315, 0x62,
  0x61, 0x315, 0x300, 0x5AE, 0x6E7, 0x62, 0xE0, 0x5AE, 0x6E7, 0x315, 0x62, 0xE0,
  0x5AE, 0x6E7, 0x315, 0x62, 0x61, 0x5AE, 0x300, 0x6E7, 0x315, 0x62, 0xE0, 0x5AE,
  0x6E7, 0x315, 0x62, 0x61, 0x6E7, 0x315, 0x300, 0x5AE, 0x62, 0x61, 0x5AE, 0x6E7,
  0x300, 0x315, 0x62, 0x61, 0x5AE, 0x6E7, 0x300, 0x315, 0x62, 0x61, 0x315, 0x300,
  0x5AE, 0x6E8, 0x62, 0xE0, 0x5AE, 0x6E8, 0x315, 0x62, 0xE0, 0x5AE, 0x6E8, 0x315,
  0x62, 0x61, 0x5AE, 0x300, 0x6E8, 0x315, 0x62, 0xE0, 0x5AE, 0x6E8, 0x315, 0x62,
  0x61, 0x6E8, 0x315, 0x300, 0x5AE, 0x62, 0x61, 0x5AE, 0x6E8, 0x300, 0x315, 0x62,
  0x61, 0x5AE, 0x6E8, 0x300, 0x315, 0x62, 0x61, 0x59A, 0x316, 0x1DFA, 0x6EA, 0x62,
  0x61, 0x1DFA, 0x316, 0x6EA, 0x59A, 0x62, 0x61, 0x1DFA, 0x316, 0x6EA, 0x59A, 0x62,
  0x61, 0x6EA, 0x59A, 0x316, 0x1DFA, 0x62, 0x61, 0x1DFA, 0x6EA, 0x316, 0x59A, 0x62,
  0x61, 0x1DFA, 0x6EA, 0x316, 0x59A, 0x62, 0x61, 0x315, 0x300, 0x5AE, 0x6EB, 0x62,
  0xE0, 0x5AE, 0x6EB, 0x315, 0x62, 0xE0, 0x5AE, 0x6EB, 0x315, 0x62, 0x61, 0x5AE,
  0x300, 0x6EB, 0x315, 0x62, 0xE0, 0x5AE, 0x6EB, 0x315, 0x62, 0x61, 0x6EB, 0x315,
  0x300, 0x5AE, 0x62, 0x61, 0x5AE, 0x6EB, 0x300, 0x315, 0x62, 0x61, 0x5AE, 0x6EB,
  0x300, 0x315, 0x62, 0x61, 0x315, 0x300, 0x5AE, 0x6EC, 0x62, 0xE0, 0x5AE, 0x6EC,
  0x315, 0x62, 0xE0, 0x5AE, 0x6EC, 0x315, 0x62, 0x61, 0x5AE, 0x300, 0x6EC, 0x315,
  0x62, 0xE0, 0x5AE, 0x6EC, 0x315, 0x62, 0x61, 0x6EC, 0x315, 0x300, 0x5AE, 0x62,
  0x61, 0x5AE, 0x6EC, 0x300, 0x315, 0x62, 0x61, 0x5AE, 0x6EC, 0x300, 0x315, 0x62,
  0x61, 0x59A, 0x316, 0x1DFA, 0x6ED, 0x62, 0x61, 0x1DFA, 0x316, 0x6ED, 0x59A, 0x62,
  0x61, 0x1DFA, 0x316, 0x6ED, 0x59A, 0x62, 0x61, 0x6ED, 0x59A, 0x316, 0x1DFA, 0x62,
  0x61, 0x1DFA, 0x6ED, 0x316, 0x59A, 0x62, 0x61, 0x1DFA, 0x6ED, 0x316, 0x59A, 0x62,
  0x61, 0xC55, 0x711, 0x670, 0x711, 0x62, 0x61, 0x670, 0x711, 0x711, 0xC55, 0x62,
  0x61, 0x670, 0x711, 0x711, 0xC55, 0x62, 0x61, 0x711, 0xC55, 0x711, 0x670, 0x62,
  0x61, 0x670, 0x711, 0x711, 0xC55, 0x62, 0x61, 0x315, 0x300, 0x5AE, 0x730, 0x62,
  0xE0, 0x5AE, 0x730, 0x315, 0x62, 0xE0, 0x5AE, 0x730, 0x315, 0x62, 0x61, 0x5AE,
  0x300, 0x730, 0x315, 0x62, 0xE0, 0x5AE, 0x730, 0x315, 0x62, 0x61, 0x730, 0x315,
  0x300, 0x5AE, 0x62, 0x61, 0x5AE, 0x730, 0x300, 0x315, 0x62, 0x61, 0x5AE, 0x730,
  0x300, 0x315, 0x62, 0x61, 0x59A, 0x316, 0x1DFA, 0x731, 0x62, 0x61, 0x1DFA, 0x316,
  0x731, 0x59A, 0x62, 0x61, 0x1DFA, 0x316, 0x731, 0x59A, 0x62, 0x61, 0x731, 0x59A,
  0x316, 0x1DFA, 0x62, 0x61, 0x1DFA, 0x731, 0x316, 0x59A, 0x62, 0x61, 0x1DFA, 0x731,
  0x316, 0x59A, 0x62, 0x61, 0x315, 0x300, 0x5AE, 0x732, 0x62, 0xE0, 0x5AE, 0x732,
  0x315, 0x62, 0xE0, 0x5AE, 0x732, 0x315, 0x62, 0x61, 0x5AE, 0x300, 0x732, 0x315,
  0x62, 0xE0, 0x5AE, 0x732, 0x315, 0x62, 0x61, 0x732, 0x315, 0x300, 0x5AE, 0x62,
  0x61, 0x5AE, 0x732, 0x300, 0x315, 0x62, 0x61, 0x5AE, 0x732, 0x300, 0x315, 0x62,
  0x61, 0x315, 0x300, 0x5AE, 0x733, 0x62, 0xE0, 0x5AE, 0x733, 0x315, 0x62, 0xE0,
  0x5AE, 0x733, 0x315, 0x62, 0x61, 0x5AE, 0x300, 0x733, 0x315, 0x62, 0xE0, 0x5AE,
  0x733, 0x315, 0x62, 0x61, 0x733, 0x315, 0x300, 0x5AE, 0x62, 0x61, 0x5AE, 0x733,
  0x300, 0x315, 0x62, 0x61, 0x5AE, 0x733, 0x300, 0x315, 0x62, 0x61, 0x59A, 0x316,
  0x1DFA, 0x734, 0x62, 0x61, 0x1DFA, 0x316, 0x734, 0x59A, 0x62, 0x61, 0x1DFA, 0x316,
  0x734, 0x59A, 0x62, 0x61, 0x734, 0x59A, 0x316, 0x1DFA, 0x62, 0x61, 0x1DFA, 0x734,
  0x316, 0x59A, 0x62, 0x61, 0x1DFA, 0x734, 0x316, 0x59A, 0x62, 0x61, 0x315, 0x300,
  0x5AE, 0x735, 0x62, 0xE0, 0x5AE, 0x735, 0x315, 0x62, 0xE0, 0x5AE, 0x735, 0x315,
  0x62, 0x61, 0x5AE, 0x300, 0x735, 0x315, 0x62, 0xE0, 0x5AE, 0x735, 0x315, 0x62,
  0x61, 0x735, 0x315, 0x300, 0x5AE, 0x62, 0x61, 0x5AE, 0x735, 0x300, 0x315, 0x62,
  0x61, 0x5AE, 0x735, 0x300, 0x315, 0x62, 0x61, 0x315, 0x300, 0x5AE, 0x736, 0x62,
  0xE0, 0x5AE, 0x736, 0x315, 0x62, 0xE0, 0x5AE, 0x736, 0x315, 0x62, 0x61, 0x5AE,
  0x300, 0x736, 0x315, 0x62, 0xE0, 0x5AE, 0x736, 0x315, 0x62, 0x61, 0x736, 0x315,
  0x300, 0x5AE, 0x62, 0x61, 0x5AE, 0x736, 0x300, 0x315, 0x62, 0x61, 0x5AE, 0x736,
  0x300, 0x315, 0x62, 0x61, 0x59A, 0x316, 0x1DFA, 0x737, 0x62, 0x61, 0x1DFA, 0x316,
  0x737, 0x59A, 0x62, 0x61, 0x1DFA, 0x316, 0x737, 0x59A, 0x62, 0x61, 0x737, 0x59A,
  0x316, 0x1DFA, 0x62, 0x61, 0x1DFA, 0x737, 0x316, 0x59A, 0x62, 0x61, 0x1DFA, 0x737,
  0x316, 0x59A, 0x62, 0x61, 0x59A, 0x316, 0x1DFA, 0x738, 0x62, 0x61, 0x1DFA, 0x316,
  0x738, 0x59A, 0x62, 0x61, 0x1DFA, 0x316, 0x738, 0x59A, 0x62, 0x61, 0x738, 0x59A,
  0x316, 0x1DFA, 0x62, 0x61, 0x1DFA, 0x738, 0x316, 0x59A, 0x62, 0x61, 0x1DFA, 0x738,
  0x316, 0x59A, 0x62, 0x61, 0x59A, 0x316, 0x1DFA, 0x739, 0x62, 0x61, 0x1DFA, 0x316,
  0x739, 0x59A, 0x62, 0x61, 0x1DFA, 0x316, 0x739, 0x59A, 0x62, 0x61, 0x739, 0x59A,
  0x316, 0x1DFA, 0x62, 0x61, 0x1DFA, 0x739, 0x316, 0x59A, 0x62, 0x61, 0x1DFA, 0x739,
  0x316, 0x59A, 0x62, 0x61, 0x315, 0x300, 0x5AE, 0x73A, 0x62, 0xE0, 0x5AE, 0x73A,
  0x315, 0x62, 0xE0, 0x5AE, 0x73A, 0x315, 0x62, 0x61, 0x5AE, 0x300, 0x73A, 0x315,
  0x62, 0xE0, 0x5AE, 0x73A, 0x315, 0x62, 0x61, 0x73A, 0x315, 0x300, 0x5AE, 0x62,
  0x61, 0x5AE, 0x73A, 0x300, 0x315, 0x62, 0x61, 0x5AE, 0x73A, 0x300, 0x315, 0x62,
  0x61, 0x59A, 0x316, 0x1DFA, 0x73B, 0x62, 0x61, 0x1DFA, 0x316, 0x73B, 0x59A, 0x62,
  0x61, 0x1DFA, 0x316, 0x73B, 0x59A, 0x62, 0x61, 0x73B, 0x59A, 0x316, 0x1DFA, 0x62,
  0x61, 0x1DFA, 0x73B, 0x316, 0x59A, 0x62, 0x61, 0x1DFA, 0x73B, 0x316, 0x59A, 0x62,
  0x61, 0x59A, 0x316, 0x1DFA, 0x73C, 0x62, 0x61, 0x1DFA, 0x316, 0x73C, 0x59A, 0x62,
  0x61, 0x1DFA, 0x316, 0x73C, 0x59A, 0x62, 0x61, 0x73C, 0x59A, 0x316, 0x1DFA, 0x62,
  0x61, 0x1DFA, 0x73C, 0x316, 0x59A, 0x62, 0x61, 0x1DFA, 0x73C, 0x316, 0x59A, 0x62,
  0x61, 0x315, 0x300, 0x5AE, 0x73D, 0x62, 0xE0, 0x5AE, 0x73D, 0x315, 0x62, 0xE0,
  0x5AE, 0x73D, 0x315, 0x62, 0x61, 0x5AE, 0x300, 0x73D, 0x315, 0x62, 0xE0, 0x5AE,
  0x73D, 0x315, 0x62, 0x61, 0x73D, 0x315, 0x300, 0x5AE, 0x62, 0x61, 0x5AE, 0x73D,
  0x300, 0x315, 0x62, 0x61, 0x5AE, 0x73D, 0x300, 0x315, 0x62, 0x61, 0x59A, 0x316,
  0x1DFA, 0x73E, 0x62, 0x61, 0x1DFA, 0x316, 0x73E, 0x59A, 0x62, 0x61, 0x1DFA, 0x316,
  0x73E, 0x59A, 0x62, 0x61, 0x73E, 0x59A, 0x316, 0x1DFA, 0x62, 0x61, 0x1DFA, 0x73E,
  0x316, 0x59A, 0x62, 0x61, 0x1DFA, 0x73E, 0x316, 0x59A, 0x62, 0x61, 0x315, 0x300,
  0x5AE, 0x73F, 0x62, 0xE0, 0x5AE, 0x73F, 0x315, 0x62, 0xE0, 0x5AE, 0x73F, 0x315,
  0x62, 0x61, 0x5AE, 0x300, 0x73F, 0x315, 0x62, 0xE0, 0x5AE, 0x73F, 0x315, 0x62,
  0x61, 0x73F, 0x315, 0x300, 0x5AE, 0x62, 0x61, 0x5AE, 0x73F, 0x300, 0x315, 0x62,
  0x61, 0x5AE, 0x73F, 0x300, 0x315, 0x62, 0x61, 0x315, 0x300, 0x5AE, 0x740, 0x62,
  0xE0, 0x5AE, 0x740, 0x315, 0x62, 0xE0, 0x5AE, 0x740, 0x315, 0x62, 0x61, 0x5AE,
  0x300, 0x740, 0x315, 0x62, 0xE0, 0x5AE, 0x740, 0x315, 0x62, 0x61, 0x740, 0x315,
  0x300, 0x5AE, 0x62, 0x61, 0x5AE, 0x740, 0x300, 0x315, 0x62, 0x61, 0x5AE, 0x740,
  0x300, 0x315, 0x62, 0x61, 0x315, 0x300, 0x5AE, 0x741, 0x62, 0xE0, 0x5AE, 0x741,
  0x315, 0x62, 0xE0, 0x5AE, 0x741, 0x315, 0x62, 0x61, 0x5AE, 0x300, 0x741, 0x315,
  0x62, 0xE0, 0x5AE, 0x741, 0x315, 0x62, 0x61, 0x741, 0x315, 0x300, 0x5AE, 0x62,
  0x61, 0x5AE, 0x741, 0x300, 0x315, 0x62, 0x61, 0x5AE, 0x741, 0x300, 0x315, 0x62,
  0x61, 0x59A, 0x316, 0x1DFA, 0x742, 0x62, 0x61, 0x1DFA, 0x316, 0x742, 0x59A, 0x62,
  0x61, 0x1DFA, 0x316, 0x742, 0x59A, 0x62, 0x61, 0x742, 0x59A, 0x316, 0x1DFA, 0x62,
  0x61, 0x1DFA, 0x742, 0x316, 0x59A, 0x62, 0x61, 0x1DFA, 0x742, 0x316, 0x59A, 0x62,
  0x61, 0x315, 0x300, 0x5AE, 0x743, 0x62, 0xE0, 0x5AE, 0x743, 0x315, 0x62, 0xE0,
  0x5AE, 0x743, 0x315, 0x62, 0x61, 0x5AE, 0x300, 0x743, 0x315, 0x62, 0xE0, 0x5AE,
  0x743, 0x315, 0x62, 0x61, 0x743, 0x315, 0x300, 0x5AE, 0x62, 0x61, 0x5AE, 0x743,
  0x300, 0x315, 0x62, 0x61, 0x5AE, 0x743, 0x300, 0x315, 0x62, 0x61, 0x59A, 0x316,
  0x1DFA, 0x744, 0x62, 0x61, 0x1DFA, 0x316, 0x744, 0x59A, 0x62, 0x61, 0x1DFA, 0x316,
  0x744, 0x59A, 0x62, 0x61, 0x744, 0x59A, 0x316, 0x1DFA, 0x62, 0x61, 0x1DFA, 0x744,
  0x316, 0x59A, 0x62, 0x61, 0x1DFA, 0x744, 0x316, 0x59A, 0x62, 0x61, 0x315, 0x300,
  0x5AE, 0x745, 0x62, 0xE0, 0x5AE, 0x745, 0x315, 0x62, 0xE0, 0x5AE, 0x745, 0x315,
  0x62, 0x61, 0x5AE, 0x300, 0x745, 0x315, 0x62, 0xE0, 0x5AE, 0x745, 0x315, 0x62,
  0x61, 0x745, 0x315, 0x300, 0x5AE, 0x62, 0x61, 0x5AE, 0x745, 0x300, 0x315, 0x62,
  0x61, 0x5AE, 0x745, 0x300, 0x315, 0x62, 0x61, 0x59A, 0x316, 0x1DFA, 0x746, 0x62,
  0x61, 0x1DFA, 0x316, 0x746, 0x59A, 0x62, 0x61, 0x1DFA, 0x316, 0x746, 0x59A, 0x62,
  0x61, 0x746, 0x59A, 0x316, 0x1DFA, 0x62, 0x61, 0x1DFA, 0x746, 0x316, 0x59A, 0x62,
  0x61, 0x1DFA, 0x746, 0x316, 0x59A, 0x62, 0x61, 0x315, 0x300, 0x5AE, 0x747, 0x62,
  0xE0, 0x5AE, 0x747, 0x315, 0x62, 0xE0, 0x5AE, 0x747, 0x315, 0x62, 0x61, 0x5AE,
  0x300, 0x747, 0x315, 0x62, 0xE0, 0x5AE, 0x747, 0x315, 0x62, 0x61, 0x747, 0x315,
  0x300, 0x5AE, 0x62, 0x61, 0x5AE, 0x747, 0x300, 0x315, 0x62, 0x61, 0x5AE, 0x747,
  0x300, 0x315, 0x62, 0x61, 0x59A, 0x316, 0x1DFA, 0x748, 0x62, 0x61, 0x1DFA, 0x316,
  0x748, 0x59A, 0x62, 0x61, 0x1DFA, 0x316, 0x748, 0x59A, 0x62, 0x61, 0x748, 0x59A,
  0x316, 0x1DFA, 0x62, 0x61, 0x1DFA, 0x748, 0x316, 0x59A, 0x62, 0x61, 0x1DFA, 0x748,
  0x316, 0x59A, 0x62, 0x61, 0x315, 0x300, 0x5AE, 0x749, 0x62, 0xE0, 0x5AE, 0x749,
  0x315, 0x62, 0xE0, 0x5AE, 0x749, 0x315, 0x62, 0x61, 0x5AE, 0x300, 0x749, 0x315,
  0x62, 0xE0, 0x5AE, 0x749, 0x315, 0x62, 0x61, 0x749, 0x315, 0x300, 0x5AE, 0x62,
  0x61, 0x5AE, 0x749, 0x300, 0x315, 0x62, 0x61, 0x5AE, 0x749, 0x300, 0x315, 0x62,
  0x61, 0x315, 0x300, 0x5AE, 0x74A, 0x62, 0xE0, 0x5AE, 0x74A, 0x315, 0x62, 0xE0,
  0x5AE, 0x74A, 0x315, 0x62, 0x61, 0x5AE, 0x300, 0x74A, 0x315, 0x62, 0xE0, 0x5AE,
  0x74A, 0x315, 0x62, 0x61, 0x74A, 0x315, 0x300, 0x5AE, 0x62, 0x61, 0x5AE, 0x74A,
  0x300, 0x315, 0x62, 0x61, 0x5AE, 0x74A, 0x300, 0x315, 0x62, 0x61, 0x315, 0x300,
  0x5AE, 0x7EB, 0x62, 0xE0, 0x5AE, 0x7EB, 0x315, 0x62, 0xE0, 0x5AE, 0x7EB, 0x315,
  0x62, 0x61, 0x5AE, 0x300, 0x7EB, 0x315, 0x62, 0xE0, 0x5AE, 0x7EB, 0x315, 0x62,
  0x61, 0x7EB, 0x315, 0x300, 0x5AE, 0x62, 0x61, 0x5AE, 0x7EB, 0x300, 0x315, 0x62,
  0x61, 0x5AE, 0x7EB, 0x300, 0x315, 0x62, 0x61, 0x315, 0x300, 0x5AE, 0x7EC, 0x62,
  0xE0, 0x5AE, 0x7EC, 0x315, 0x62, 0xE0, 0x5AE, 0x7EC, 0x315, 0x62, 0x61, 0x5AE,
  0x300, 0x7EC, 0x315, 0x62, 0xE0, 0x5AE, 0x7EC, 0x315, 0x62, 0x61, 0x7EC, 0x315,
  0x300, 0x5AE, 0x62, 0x61, 0x5AE, 0x7EC, 0x300, 0x315, 0x62, 0x61, 0x5AE, 0x7EC,
  0x300, 0x315, 0x62, 0x61, 0x315, 0x300, 0x5AE, 0x7ED, 0x62, 0xE0, 0x5AE, 0x7ED,
  0x315, 0x62, 0xE0, 0x5AE, 0x7ED, 0x315, 0x62, 0x61, 0x5AE, 0x300, 0x7ED, 0x315,
  0x62, 0xE0, 0x5AE, 0x7ED, 0x315, 0x62, 0x61, 0x7ED, 0x315, 0x300, 0x5AE, 0x62,
  0x61, 0x5AE, 0x7ED, 0x300, 0x315, 0x62, 0x61, 0x5AE, 0x7ED, 0x300, 0x315, 0x62,
  0x61, 0x315, 0x300, 0x5AE, 0x7EE, 0x62, 0xE0, 0x5AE, 0x7EE, 0x315, 0x62, 0xE0,
  0x5AE, 0x7EE, 0x315, 0x62, 0x61, 0x5AE, 0x300, 0x7EE, 0x315, 0x62, 0xE0, 0x5AE,
  0x7EE, 0x315, 0x62, 0x61, 0x7EE, 0x315, 0x300, 0x5AE, 0x62, 0x61, 0x5AE, 0x7EE,
  0x300, 0x315, 0x62, 0x61, 0x5AE, 0x7EE, 0x300, 0x315, 0x62, 0x61, 0x315, 0x300,
  0x5AE, 0x7EF, 0x62, 0xE0, 0x5AE, 0x7EF, 0x315, 0x62, 0xE0, 0x5AE, 0x7EF, 0x315,
  0x62, 0x61, 0x5AE, 0x300, 0x7EF, 0x315, 0x62, 0xE0, 0x5AE, 0x7EF, 0x315, 0x62,
  0x61, 0x7EF, 0x315, 0x300, 0x5AE, 0x62, 0x61, 0x5AE, 0x7EF, 0x300, 0x315, 0x62,
  0x61, 0x5AE, 0x7EF, 0x300, 0x315, 0x62, 0x61, 0x315, 0x300, 0x5AE, 0x7F0, 0x62,
  0xE0, 0x5AE, 0x7F0, 0x315, 0x62, 0xE0, 0x5AE, 0x7F0, 0x315, 0x62, 0x61, 0x5AE,
  0x300, 0x7F0, 0x315, 0x62, 0xE0, 0x5AE, 0x7F0, 0x315, 0x62, 0x61, 0x7F0, 0x315,
  0x300, 0x5AE, 0x62, 0x61, 0x5AE, 0x7F0, 0x300, 0x315, 0x62, 0x61, 0x5AE, 0x7F0,
  0x300, 0x315, 0x62, 0x61, 0x315, 0x300, 0x5AE, 0x7F1, 0x62, 0xE0, 0x5AE, 0x7F1,
  0x315, 0x62, 0xE0, 0x5AE, 0x7F1, 0x315, 0x62, 0x61, 0x5AE, 0x300, 0x7F1, 0x315,
  0x62, 0xE0, 0x5AE, 0x7F1, 0x315, 0x62, 0x61, 0x7F1, 0x315, 0x300, 0x5AE, 0x62,
  0x61, 0x5AE, 0x7F1, 0x300, 0x315, 0x62, 0x61, 0x5AE, 0x7F1, 0x300, 0x315, 0x62,
  0x61, 0x59A, 0x316, 0x1DFA, 0x7F2, 0x62, 0x61, 0x1DFA, 0x316, 0x7F2, 0x59A, 0x62,
  0x61, 0x1DFA, 0x316, 0x7F2, 0x59A, 0x62, 0x61, 0x7F2, 0x59A, 0x316, 0x1DFA, 0x62,
  0x61, 0x1DFA, 0x7F2, 0x316, 0x59A, 0x62, 0x61, 0x1DFA, 0x7F2, 0x316, 0x59A, 0x62,
  0x61, 0x315, 0x300, 0x5AE, 0x7F3, 0x62, 0xE0, 0x5AE, 0x7F3, 0x315, 0x62, 0xE0,
  0x5AE, 0x7F3, 0x315, 0x62, 0x61, 0x5AE, 0x300, 0x7F3, 0x315, 0x62, 0xE0, 0x5AE,
  0x7F3, 0x315, 0x62, 0x61, 0x7F3, 0x315, 0x300, 0x5AE, 0x62, 0x61, 0x5AE, 0x7F3,
  0x300, 0x315, 0x62, 0x61, 0x5AE, 0x7F3, 0x300, 0x315, 0x62, 0x61, 0x59A, 0x316,
  0x1DFA, 0x7FD, 0x62, 0x61, 0x1DFA, 0x316, 0x7FD, 0x59A, 0x62, 0x61, 0x1DFA, 0x316,
  0x7FD, 0x59A, 0x62, 0x61, 0x7FD, 0x59A, 0x316, 0x1DFA, 0x62, 0x61, 0x1DFA, 0x7FD,
  0x316, 0x59A, 0x62, 0x61, 0x1DFA, 0x7FD, 0x316, 0x59A, 0x62, 0x61, 0x315, 0x300,
  0x5AE, 0x816, 0x62, 0xE0, 0x5AE, 0x816, 0x315, 0x62, 0xE0, 0x5AE, 0x816, 0x315,
  0x62, 0x61, 0x5AE, 0x300, 0x816, 0x315, 0x62, 0xE0, 0x5AE, 0x816, 0x315, 0x62,
  0x61, 0x816, 0x315, 0x300, 0x5AE, 0x62, 0x61, 0x5AE, 0x816, 0x300, 0x315, 0x62,
  0x61, 0x5AE, 0x816, 0x300, 0x315, 0x62, 0x61, 0x315, 0x300, 0x5AE, 0x817, 0x62,
  0xE0, 0x5AE, 0x817, 0x315, 0x62, 0xE0, 0x5AE, 0x817, 0x315, 0x62, 0x61, 0x5AE,
  0x300, 0x817, 0x315, 0x62, 0xE0, 0x5AE, 0x817, 0x315, 0x62, 0x61, 0x817, 0x315,
  0x300, 0x5AE, 0x62, 0x61, 0x5AE, 0x817, 0x300, 0x315, 0x62, 0x61, 0x5AE, 0x817,
  0x300, 0x315, 0x62, 0x61, 0x315, 0x300, 0x5AE, 0x818, 0x62, 0xE0, 0x5AE, 0x818,
  0x315, 0x62, 0xE0, 0x5AE, 0x818, 0x315, 0x62, 0x61, 0x5AE, 0x300, 0x818, 0x315,
  0x62, 0xE0, 0x5AE, 0x818, 0x315, 0x62, 0x61, 0x818, 0x315, 0x300, 0x5AE, 0x62,
  0x61, 0x5AE, 0x818, 0x300, 0x315, 0x62, 0x61, 0x5AE, 0x818, 0x300, 0x315, 0x62,
  0x61, 0x315, 0x300, 0x5AE, 0x819, 0x62, 0xE0, 0x5AE, 0x819, 0x315, 0x62, 0xE0,
  0x5AE, 0x819, 0x315, 0x62, 0x61, 0x5AE, 0x300, 0x819, 0x315, 0x62, 0xE0, 0x5AE,
  0x819, 0x315, 0x62, 0x61, 0x819, 0x315, 0x300, 0x5AE, 0x62, 0x61, 0x5AE, 0x819,
  0x300, 0x315, 0x62, 0x61, 0x5AE, 0x819, 0x300, 0x315, 0x62, 0x61, 0x315, 0x300,
  0x5AE, 0x81B, 0x62, 0xE0, 0x5AE, 0x81B, 0x315, 0x62, 0xE0, 0x5AE, 0x81B, 0x315,
  0x62, 0x61, 0x5AE, 0x300, 0x81B, 0x315, 0x62, 0xE0, 0x5AE, 0x81B, 0x315, 0x62,
  0x61, 0x81B, 0x315, 0x300, 0x5AE, 0x62, 0x61, 0x5AE, 0x81B, 0x300, 0x315, 0x62,
  0x61, 0x5AE, 0x81B, 0x300, 0x315, 0x62, 0x61, 0x315, 0x300, 0x5AE, 0x81C, 0x62,
  0xE0, 0x5AE, 0x81C, 0x315, 0x62, 0xE0, 0x5AE, 0x81C, 0x315, 0x62, 0x61, 0x5AE,
  0x300, 0x81C, 0x315, 0x62, 0xE0, 0x5AE, 0x81C, 0x315, 0x62, 0x61, 0x81C, 0x315,
  0x300, 0x5AE, 0x62, 0x61, 0x5AE, 0x81C, 0x300, 0x315, 0x62, 0x61, 0x5AE, 0x81C,
  0x300, 0x315, 0x62, 0x61, 0x315, 0x300, 0x5AE, 0x81D, 0x62, 0xE0, 0x5AE, 0x81D,
  0x315, 0x62, 0xE0, 0x5AE, 0x81D, 0x315, 0x62, 0x61, 0x5AE, 0x300, 0x81D, 0x315,
  0x62, 0xE0, 0x5AE, 0x81D, 0x315, 0x62, 0x61, 0x81D, 0x315, 0x300, 0x5AE, 0x62,
  0x61, 0x5AE, 0x81D, 0x300, 0x315, 0x62, 0x61, 0x5AE, 0x81D, 0x300, 0x315, 0x62,
  0x61, 0x315, 0x300, 0x5AE, 0x81E, 0x62, 0xE0, 0x5AE, 0x81E, 0x315, 0x62, 0xE0,
  0x5AE, 0x81E, 0x315, 0x62, 0x61, 0x5AE, 0x300, 0x81E, 0x315, 0x62, 0xE0, 0x5AE,
  0x81E, 0x315, 0x62, 0x61, 0x81E, 0x315, 0x300, 0x5AE, 0x62, 0x61, 0x5AE, 0x81E,
  0x300, 0x315, 0x62, 0x61, 0x5AE, 0x81E, 0x300, 0x315, 0x62, 0x61, 0x315, 0x300,
  0x5AE, 0x81F, 0x62, 0xE0, 0x5AE, 0x81F, 0x315, 0x62, 0xE0, 0x5AE, 0x81F, 0x315,
  0x62, 0x61, 0x5AE, 0x300, 0x81F, 0x315, 0x62, 0xE0, 0x5AE, 0x81F, 0x315, 0x62,
  0x61, 0x81F, 0x315, 0x300, 0x5AE, 0x62, 0x61, 0x5AE, 0x81F, 0x300, 0x315, 0x62,
  0x61, 0x5AE, 0x81F, 0x300, 0x315, 0x62, 0x61, 0x315, 0x300, 0x5AE, 0x820, 0x62,
  0xE0, 0x5AE, 0x820, 0x315, 0x62, 0xE0, 0x5AE, 0x820, 0x315, 0x62, 0x61, 0x5AE,
  0x300, 0x820, 0x315, 0x62, 0xE0, 0x5AE, 0x820, 0x315, 0x62, 0x61, 0x820, 0x315,
  0x300, 0x5AE, 0x62, 0x61, 0x5AE, 0x820, 0x300, 0x315, 0x62, 0x61, 0x5AE, 0x820,
  0x300, 0x315, 0x62, 0x61, 0x315, 0x300, 0x5AE, 0x821, 0x62, 0xE0, 0x5AE, 0x821,
  0x315, 0x62, 0xE0, 0x5AE, 0x821, 0x315, 0x62, 0x61, 0x5AE, 0x300, 0x821, 0x315,
  0x62, 0xE0, 0x5AE, 0x821, 0x315, 0x62, 0x61, 0x821, 0x315, 0x300, 0x5AE, 0x62,
  0x61, 0x5AE, 0x821, 0x300, 0x315, 0x62, 0x61, 0x5AE, 0x821, 0x300, 0x315, 0x62,
  0x61, 0x315, 0x300, 0x5AE, 0x822, 0x62, 0xE0, 0x5AE, 0x822, 0x315, 0x62, 0xE0,
  0x5AE, 0x822, 0x315, 0x62, 0x61, 0x5AE, 0x300, 0x822, 0x315, 0x62, 0xE0, 0x5AE,
  0x822, 0x315, 0x62, 0x61, 0x822, 0x315, 0x300, 0x5AE, 0x62, 0x61, 0x5AE, 0x822,
  0x300, 0x315, 0x62, 0x61, 0x5AE, 0x822, 0x300, 0x315, 0x62, 0x61, 0x315, 0x300,
  0x5AE, 0x823, 0x62, 0xE0, 0x5AE, 0x823, 0x315, 0x62, 0xE0, 0x5AE, 0x823, 0x315,
  0x62, 0x61, 0x5AE, 0x300, 0x823, 0x315, 0x62, 0xE0, 0x5AE, 0x823, 0x315, 0x62,
  0x61, 0x823, 0x315, 0x300, 0x5AE, 0x62, 0x61, 0x5AE, 0x823, 0x300, 0x315, 0x62,
  0x61, 0x5AE, 0x823, 0x300, 0x315, 0x62, 0x61, 0x315, 0x300, 0x5AE, 0x825, 0x62,
  0xE0, 0x5AE, 0x825, 0x315, 0x62, 0xE0, 0x5AE, 0x825, 0x315, 0x62, 0x61, 0x5AE,
  0x300, 0x825, 0x315, 0x62, 0xE0, 0x5AE, 0x825, 0x315, 0x62, 0x61, 0x825, 0x315,
  0x300, 0x5AE, 0x62, 0x61, 0x5AE, 0x825, 0x300, 0x315, 0x62, 0x61, 0x5AE, 0x825,
  0x300, 0x315, 0x62, 0x61, 0x315, 0x300, 0x5AE, 0x826, 0x62, 0xE0, 0x5AE, 0x826,
  0x315, 0x62, 0xE0, 0x5AE, 0x826, 0x315, 0x62, 0x61, 0x5AE, 0x300, 0x826, 0x315,
  0x62, 0xE0, 0x5AE, 0x826, 0x315, 0x62, 0x61, 0x826, 0x315, 0x300, 0x5AE, 0x62,
  0x61, 0x5AE, 0x826, 0x300, 0x315, 0x62, 0x61, 0x5AE, 0x826, 0x300, 0x315, 0x62,
  0x61, 0x315, 0x300, 0x5AE, 0x827, 0x62, 0xE0, 0x5AE, 0x827, 0x315, 0x62, 0xE0,
  0x5AE, 0x827, 0x315, 0x62, 0x61, 0x5AE, 0x300, 0x827, 0x315, 0x62, 0xE0, 0x5AE,
  0x827, 0x315, 0x62, 0x61, 0x827, 0x315, 0x300, 0x5AE, 0x62, 0x61, 0x5AE, 0x827,
  0x300, 0x315, 0x62, 0x61, 0x5AE, 0x827, 0x300, 0x315, 0x62, 0x61, 0x315, 0x300,
  0x5AE, 0x829, 0x62, 0xE0, 0x5AE, 0x829, 0x315, 0x62, 0xE0, 0x5AE, 0x829, 0x315,
  0x62, 0x61, 0x5AE, 0x300, 0x829, 0x315, 0x62, 0xE0, 0x5AE, 0x829, 0x315, 0x62,
  0x61, 0x829, 0x315, 0x300, 0x5AE, 0x62, 0x61, 0x5AE, 0x829, 0x300, 0x315, 0x62,
  0x61, 0x5AE, 0x829, 0x300, 0x315, 0x62, 0x61, 0x315, 0x300, 0x5AE, 0x82A, 0x62,
  0xE0, 0x5AE, 0x82A, 0x315, 0x62, 0xE0, 0x5AE, 0x82A, 0x315, 0x62, 0x61, 0x5AE,
  0x300, 0x82A, 0x315, 0x62, 0xE0, 0x5AE, 0x82A, 0x315, 0x62, 0x61, 0x82A, 0x315,
  0x300, 0x5AE, 0x62, 0x61, 0x5AE, 0x82A, 0x300, 0x315, 0x62, 0x61, 0x5AE, 0x82A,
  0x300, 0x315, 0x62, 0x61, 0x315, 0x300, 0x5AE, 0x82B, 0x62, 0xE0, 0x5AE, 0x82B,
  0x315, 0x62, 0xE0, 0x5AE, 0x82B, 0x315, 0x62, 0x61, 0x5AE, 0x300, 0x82B, 0x315,
  0x62, 0xE0, 0x5AE, 0x82B, 0x315, 0x62, 0x61, 0x82B, 0x315, 0x300, 0x5AE, 0x62,
  0x61, 0x5AE, 0x82B, 0x300, 0x315, 0x62, 0x61, 0x5AE, 0x82B, 0x300, 0x315, 0x62,
  0x61, 0x315, 0x300, 0x5AE, 0x82C, 0x62, 0xE0, 0x5AE, 0x82C, 0x315, 0x62, 0xE0,
  0x5AE, 0x82C, 0x315, 0x62, 0x61, 0x5AE, 0x300, 0x82C, 0x315, 0x62, 0xE0, 0x5AE,
  0x82C, 0x315, 0x62, 0x61, 0x82C, 0x315, 0x300, 0x5AE, 0x62, 0x61, 0x5AE, 0x82C,
  0x300, 0x315, 0x62, 0x61, 0x5AE, 0x82C, 0x300, 0x315, 0x62, 0x61, 0x315, 0x300,
  0x5AE, 0x82D, 0x62, 0xE0, 0x5AE, 0x82D, 0x315, 0x62, 0xE0, 0x5AE, 0x82D, 0x315,
  0x62, 0x61, 0x5AE, 0x300, 0x82D, 0x315, 0x62, 0xE0, 0x5AE, 0x82D, 0x315, 0x62,
  0x61, 0x82D, 0x315, 0x300, 0x5AE, 0x62, 0x61, 0x5AE, 0x82D, 0x300, 0x315, 0x62,
  0x61, 0x5AE, 0x82D, 0x300, 0x315, 0x62, 0x61, 0x59A, 0x316, 0x1DFA, 0x859, 0x62,
  0x61, 0x1DFA, 0x316, 0x859, 0x59A, 0x62, 0x61, 0x1DFA, 0x316, 0x859, 0x59A, 0x62,
  0x61, 0x859, 0x59A, 0x316, 0x1DFA, 0x62, 0x61, 0x1DFA, 0x859, 0x316, 0x59A, 0x62,
  0x61, 0x1DFA, 0x859, 0x316, 0x59A, 0x62, 0x61, 0x59A, 0x316, 0x1DFA, 0x85A, 0x62,
  0x61, 0x1DFA, 0x316, 0x85A, 0x59A, 0x62, 0x61, 0x1DFA, 0x316, 0x85A, 0x59A, 0x62,
  0x61, 0x85A, 0x59A, 0x316, 0x1DFA, 0x62, 0x61, 0x1DFA, 0x85A, 0x316, 0x59A, 0x62,
  0x61, 0x1DFA, 0x85A, 0x316, 0x59A, 0x62, 0x61, 0x59A, 0x316, 0x1DFA, 0x85B, 0x62,
  0x61, 0x1DFA, 0x316, 0x85B, 0x59A, 0x62, 0x61, 0x1DFA, 0x316, 0x85B, 0x59A, 0x62,
  0x61, 0x85B, 0x59A, 0x316, 0x1DFA, 0x62, 0x61, 0x1DFA, 0x85B, 0x316, 0x59A, 0x62,
  0x61, 0x1DFA, 0x85B, 0x316, 0x59A, 0x62, 0x61, 0x315, 0x300, 0x5AE, 0x897, 0x62,
  0xE0, 0x5AE, 0x897, 0x315, 0x62, 0xE0, 0x5AE, 0x897, 0x315, 0x62, 0x61, 0x5AE,
  0x300, 0x897, 0x315, 0x62, 0xE0, 0x5AE, 0x897, 0x315, 0x62, 0x61, 0x897, 0x315,
  0x300, 0x5AE, 0x62, 0x61, 0x5AE, 0x897, 0x300, 0x315, 0x62, 0x61, 0x5AE, 0x897,
  0x300, 0x315, 0x62, 0x61, 0x315, 0x300, 0x5AE, 0x898, 0x62, 0xE0, 0x5AE, 0x898,
  0x315, 0x62, 0xE0, 0x5AE, 0x898, 0x315, 0x62, 0x61, 0x5AE, 0x300, 0x898, 0x315,
  0x62, 0xE0, 0x5AE, 0x898, 0x315, 0x62, 0x61, 0x898, 0x315, 0x300, 0x5AE, 0x62,
  0x61, 0x5AE, 0x898, 0x300, 0x315, 0x62, 0x61, 0x5AE, 0x898, 0x300, 0x315, 0x62,
  0x61, 0x59A, 0x316, 0x1DFA, 0x899, 0x62, 0x61, 0x1DFA, 0x316, 0x899, 0x59A, 0x62,
  0x61, 0x1DFA, 0x316, 0x899, 0x59A, 0x62, 0x61, 0x899, 0x59A, 0x316, 0x1DFA, 0x62,
  0x61, 0x1DFA, 0x899, 0x316, 0x59A, 0x62, 0x61, 0x1DFA, 0x899, 0x316, 0x59A, 0x62,
  0x61, 0x59A, 0x316, 0x1DFA, 0x89A, 0x62, 0x61, 0x1DFA, 0x316, 0x89A, 0x59A, 0x62,
  0x61, 0x1DFA, 0x316, 0x89A, 0x59A, 0x62, 0x61, 0x89A, 0x59A, 0x316, 0x1DFA, 0x62,
  0x61, 0x1DFA, 0x89A, 0x316, 0x59A, 0x62, 0x61, 0x1DFA, 0x89A, 0x316, 0x59A, 0x62,
  0x61, 0x59A, 0x316, 0x1DFA, 0x89B, 0x62, 0x61, 0x1DFA, 0x316, 0x89B, 0x59A, 0x62,
  0x61, 0x1DFA, 0x316, 0x89B, 0x59A, 0x62, 0x61, 0x89B, 0x59A, 0x316, 0x1DFA, 0x62,
  0x61, 0x1DFA, 0x89B, 0x316, 0x59A, 0x62, 0x61, 0x1DFA, 0x89B, 0x316, 0x59A, 0x62,
  0x61, 0x315, 0x300, 0x5AE, 0x89C, 0x62, 0xE0, 0x5AE, 0x89C, 0x315, 0x62, 0xE0,
  0x5AE, 0x89C, 0x315, 0x62, 0x61, 0x5AE, 0x300, 0x89C, 0x315, 0x62, 0xE0, 0x5AE,
  0x89C, 0x315, 0x62, 0x61, 0x89C, 0x315, 0x300, 0x5AE, 0x62, 0x61, 0x5AE, 0x89C,
  0x300, 0x315, 0x62, 0x61, 0x5AE, 0x89C, 0x300, 0x315, 0x62, 0x61, 0x315, 0x300,
  0x5AE, 0x89D, 0x62, 0xE0, 0x5AE, 0x89D, 0x315, 0x62, 0xE0, 0x5AE, 0x89D, 0x315,
  0x62, 0x61, 0x5AE, 0x300, 0x89D, 0x315, 0x62, 0xE0, 0x5AE, 0x89D, 0x315, 0x62,
  0x61, 0x89D, 0x315, 0x300, 0x5AE, 0x62, 0x61, 0x5AE, 0x89D, 0x300, 0x315, 0x62,
  0x61, 0x5AE, 0x89D, 0x300, 0x315, 0x62, 0x61, 0x315, 0x300, 0x5AE, 0x89E, 0x62,
  0xE0, 0x5AE, 0x89E, 0x315, 0x62, 0xE0, 0x5AE, 0x89E, 0x315, 0x62, 0x61, 0x5AE,
  0x300, 0x89E, 0x315, 0x62, 0xE0, 0x5AE, 0x89E, 0x315, 0x62, 0x61, 0x89E, 0x315,
  0x300, 0x5AE, 0x62, 0x61, 0x5AE, 0x89E, 0x300, 0x315, 0x62, 0x61, 0x5AE, 0x89E,
  0x300, 0x315, 0x62, 0x61, 0x315, 0x300, 0x5AE, 0x89F, 0x62, 0xE0, 0x5AE, 0x89F,
  0x315, 0x62, 0xE0, 0x5AE, 0x89F, 0x315, 0x62, 0x61, 0x5AE, 0x300, 0x89F, 0x315,
  0x62, 0xE0, 0x5AE, 0x89F, 0x315, 0x62, 0x61, 0x89F, 0x315, 0x300, 0x5AE, 0x62,
  0x61, 0x5AE, 0x89F, 0x300, 0x315, 0x62, 0x61, 0x5AE, 0x89F, 0x300, 0x315, 0x62,
  0x61, 0x315, 0x300, 0x5AE, 0x8CA, 0x62, 0xE0, 0x5AE, 0x8CA, 0x315, 0x62, 0xE0,
  0x5AE, 0x8CA, 0x315, 0x62, 0x61, 0x5AE, 0x300, 0x8CA, 0x315, 0x62, 0xE0, 0x5AE,
  0x8CA, 0x315, 0x62, 0x61, 0x8CA, 0x315, 0x300, 0x5AE, 0x62, 0x61, 0x5AE, 0x8CA,
  0x300, 0x315, 0x62, 0x61, 0x5AE, 0x8CA, 0x300, 0x315, 0x62, 0x61, 0x315, 0x300,
  0x5AE, 0x8CB, 0x62, 0xE0, 0x5AE, 0x8CB, 0x315, 0x62, 0xE0, 0x5AE, 0x8CB, 0x315,
  0x62, 0x61, 0x5AE, 0x300, 0x8CB, 0x315, 0x62, 0xE0, 0x5AE, 0x8CB, 0x315, 0x62,
  0x61, 0x8CB, 0x315, 0x300, 0x5AE, 0x62, 0x61, 0x5AE, 0x8CB, 0x300, 0x315, 0x62,
  0x61, 0x5AE, 0x8CB, 0x300, 0x315, 0x62, 0x61, 0x315, 0x300, 0x5AE, 0x8CC, 0x62,
  0xE0, 0x5AE, 0x8CC, 0x315, 0x62, 0xE0, 0x5AE, 0x8CC, 0x315, 0x62, 0x61, 0x5AE,
  0x300, 0x8CC, 0x315, 0x62, 0xE0, 0x5AE, 0x8CC, 0x315, 0x62, 0x61, 0x8CC, 0x315,
  0x300, 0x5AE, 0x62, 0x61, 0x5AE, 0x8CC, 0x300, 0x315, 0x62, 0x61, 0x5AE, 0x8CC,
  0x300, 0x315, 0x62, 0x61, 0x315, 0x300, 0x5AE, 0x8CD, 0x62, 0xE0, 0x5AE, 0x8CD,
  0x315, 0x62, 0xE0, 0x5AE, 0x8CD, 0x315, 0x62, 0x61, 0x5AE, 0x300, 0x8CD, 0x315,
  0x62, 0xE0, 0x5AE, 0x8CD, 0x315, 0x62, 0x61, 0x8CD, 0x315, 0x300, 0x5AE, 0x62,
  0x61, 0x5AE, 0x8CD, 0x300, 0x315, 0x62, 0x61, 0x5AE, 0x8CD, 0x300, 0x315, 0x62,
  0x61, 0x315, 0x300, 0x5AE, 0x8CE, 0x62, 0xE0, 0x5AE, 0x8CE, 0x315, 0x62, 0xE0,
  0x5AE, 0x8CE, 0x315, 0x62, 0x61, 0x5AE, 0x300, 0x8CE, 0x315, 0x62, 0xE0, 0x5AE,
  0x8CE, 0x315, 0x62, 0x61, 0x8CE, 0x315, 0x300, 0x5AE, 0x62, 0x61, 0x5AE, 0x8CE,
  0x300, 0x315, 0x62, 0x61, 0x5AE, 0x8CE, 0x300, 0x315, 0x62, 0x61, 0x59A, 0x316,
  0x1DFA, 0x8CF, 0x62, 0x61, 0x1DFA, 0x316, 0x8CF, 0x59A, 0x62, 0x61, 0x1DFA, 0x316,
  0x8CF, 0x59A, 0x62, 0x61, 0x8CF, 0x59A, 0x316, 0x1DFA, 0x62, 0x61, 0x1DFA, 0x8CF,
  0x316, 0x59A, 0x62, 0x61, 0x1DFA, 0x8CF, 0x316, 0x59A, 0x62, 0x61, 0x59A, 0x316,
  0x1DFA, 0x8D0, 0x62, 0x61, 0x1DFA, 0x316, 0x8D0, 0x59A, 0x62, 0x61, 0x1DFA, 0x316,
  0x8D0, 0x59A, 0x62, 0x61, 0x8D0, 0x59A, 0x316, 0x1DFA, 0x62, 0x61, 0x1DFA, 0x8D0,
  0x316, 0x59A, 0x62, 0x61, 0x1DFA, 0x8D0, 0x316, 0x59A, 0x62, 0x61, 0x59A, 0x316,
  0x1DFA, 0x8D1, 0x62, 0x61, 0x1DFA, 0x316, 0x8D1, 0x59A, 0x62, 0x61, 0x1DFA, 0x316,
  0x8D1, 0x59A, 0x62, 0x61, 0x8D1, 0x59A, 0x316, 0x1DFA, 0x62, 0x61, 0x1DFA, 0x8D1,
  0x316, 0x59A, 0x62, 0x61, 0x1DFA, 0x8D1, 0x316, 0x59A, 0x62, 0x61, 0x59A, 0x316,
  0x1DFA, 0x8D2, 0x62, 0x61, 0x1DFA, 0x316, 0x8D2, 0x59A, 0x62, 0x61, 0x1DFA, 0x316,
  0x8D2, 0x59A, 0x62, 0x61, 0x8D2, 0x59A, 0x316, 0x1DFA, 0x62, 0x61, 0x1DFA, 0x8D2,
  0x316, 0x59A, 0x62, 0x61, 0x1DFA, 0x8D2, 0x316, 0x59A, 0x62, 0x61, 0x59A, 0x316,
  0x1DFA, 0x8D3, 0x62, 0x61, 0x1DFA, 0x316, 0x8D3, 0x59A, 0x62, 0x61, 0x1DFA, 0x316,
  0x8D3, 0x59A, 0x62, 0x61, 0x8D3, 0x59A, 0x316, 0x1DFA, 0x62, 0x61, 0x1DFA, 0x8D3,
  0x316, 0x59A, 0x62, 0x61, 0x1DFA, 0x8D3, 0x316, 0x59A, 0x62, 0x61, 0x315, 0x300,
  0x5AE, 0x8D4, 0x62, 0xE0, 0x5AE, 0x8D4, 0x315, 0x62, 0xE0, 0x5AE, 0x8D4, 0x315,
  0x62, 0x61, 0x5AE, 0x300, 0x8D4, 0x315, 0x62, 0xE0, 0x5AE, 0x8D4, 0x315, 0x62,
  0x61, 0x8D4, 0x315, 0x300, 0x5AE, 0x62, 0x61, 0x5AE, 0x8D4, 0x300, 0x315, 0x62,
  0x61, 0x5AE, 0x8D4, 0x300, 0x315, 0x62, 0x61, 0x315, 0x300, 0x5AE, 0x8D5, 0x62,
  0xE0, 0x5AE, 0x8D5, 0x315, 0x62, 0xE0, 0x5AE, 0x8D5, 0x315, 0x62, 0x61, 0x5AE,
  0x300, 0x8D5, 0x315, 0x62, 0xE0, 0x5AE, 0x8D5, 0x315, 0x62, 0x61, 0x8D5, 0x315,
  0x300, 0x5AE, 0x62, 0x61, 0x5AE, 0x8D5, 0x300, 0x315, 0x62, 0x61, 0x5AE, 0x8D5,
  0x300, 0x315, 0x62, 0x61, 0x315, 0x300, 0x5AE, 0x8D6, 0x62, 0xE0, 0x5AE, 0x8D6,
  0x315, 0x62, 0xE0, 0x5AE, 0x8D6, 0x315, 0x62, 0x61, 0x5AE, 0x300, 0x8D6, 0x315,
  0x62, 0xE0, 0x5AE, 0x8D6, 0x315, 0x62, 0x61, 0x8D6, 0x315, 0x300, 0x5AE, 0x62,
  0x61, 0x5AE, 0x8D6, 0x300, 0x315, 0x62, 0x61, 0x5AE, 0x8D6, 0x300, 0x315, 0x62,
  0x61, 0x315, 0x300, 0x5AE, 0x8D7, 0x62, 0xE0, 0x5AE, 0x8D7, 0x315, 0x62, 0xE0,
  0x5AE, 0x8D7, 0x315, 0x62, 0x61, 0x5AE, 0x300, 0x8D7, 0x315, 0x62, 0xE0, 0x5AE,
  0x8D7, 0x315, 0x62, 0x61, 0x8D7, 0x315, 0x300, 0x5AE, 0x62, 0x61, 0x5AE, 0x8D7,
  0x300, 0x315, 0x62, 0x61, 0x5AE, 0x8D7, 0x300, 0x315, 0x62, 0x61, 0x315, 0x300,
  0x5AE, 0x8D8, 0x62, 0xE0, 0x5AE, 0x8D8, 0x315, 0x62, 0xE0, 0x5AE, 0x8D8, 0x315,
  0x62, 0x61, 0x5AE, 0x300, 0x8D8, 0x315, 0x62, 0xE0, 0x5AE, 0x8D8, 0x315, 0x62,
  0x61, 0x8D8, 0x315, 0x300, 0x5AE, 0x62, 0x61, 0x5AE, 0x8D8, 0x300, 0x315, 0x62,
  0x61, 0x5AE, 0x8D8, 0x300, 0x315, 0x62, 0x61, 0x315, 0x300, 0x5AE, 0x8D9, 0x62,
  0xE0, 0x5AE, 0x8D9, 0x315, 0x62, 0xE0, 0x5AE, 0x8D9, 0x315, 0x62, 0x61, 0x5AE,
  0x300, 0x8D9, 0x315, 0x62, 0xE0, 0x5AE, 0x8D9, 0x315, 0x62, 0x61, 0x8D9, 0x315,
  0x300, 0x5AE, 0x62, 0x61, 0x5AE, 0x8D9, 0x300, 0x315, 0x62, 0x61, 0x5AE, 0x8D9,
  0x300, 0x315, 0x62, 0x61, 0x315, 0x300, 0x5AE, 0x8DA, 0x62, 0xE0, 0x5AE, 0x8DA,
  0x315, 0x62, 0xE0, 0x5AE, 0x8DA, 0x315, 0x62, 0x61, 0x5AE, 0x300, 0x8DA, 0x315,
  0x62, 0xE0, 0x5AE, 0x8DA, 0x315, 0x62, 0x61, 0x8DA, 0x315, 0x300, 0x5AE, 0x62,
  0x61, 0x5AE, 0x8DA, 0x300, 0x315, 0x62, 0x61, 0x5AE, 0x8DA, 0x300, 0x315, 0x62,
  0x61, 0x315, 0x300, 0x5AE, 0x8DB, 0x62, 0xE0, 0x5AE, 0x8DB, 0x315, 0x62, 0xE0,
  0x5AE, 0x8DB, 0x315, 0x62, 0x61, 0x5AE, 0x300, 0x8DB, 0x315, 0x62, 0xE0, 0x5AE,
  0x8DB, 0x315, 0x62, 0x61, 0x8DB, 0x315, 0x300, 0x5AE, 0x62, 0x61, 0x5AE, 0x8DB,
  0x300, 0x315, 0x62, 0x61, 0x5AE, 0x8DB, 0x300, 0x315, 0x62, 0x61, 0x315, 0x300,
  0x5AE, 0x8DC, 0x62, 0xE0, 0x5AE, 0x8DC, 0x315, 0x62, 0xE0, 0x5AE, 0x8DC, 0x315,
  0x62, 0x61, 0x5AE, 0x300, 0x8DC, 0x315, 0x62, 0xE0, 0x5AE, 0x8DC, 0x315, 0x62,
  0x61, 0x8DC, 0x315, 0x300, 0x5AE, 0x62, 0x61, 0x5AE, 0x8DC, 0x300, 0x315, 0x62,
  0x61, 0x5AE, 0x8DC, 0x300, 0x315, 0x62, 0x61, 0x315, 0x300, 0x5AE, 0x8DD, 0x62,
  0xE0, 0x5AE, 0x8DD, 0x315, 0x62, 0xE0, 0x5AE, 0x8DD, 0x315, 0x62, 0x61, 0x5AE,
  0x300, 0x8DD, 0x315, 0x62, 0xE0, 0x5AE, 0x8DD, 0x315, 0x62, 0x61, 0x8DD, 0x315,
  0x300, 0x5AE, 0x62, 0x61, 0x5AE, 0x8DD, 0x300, 0x315, 0x62, 0x61, 0x5AE, 0x8DD,
  0x300, 0x315, 0x62, 0x61, 0x315, 0x300, 0x5AE, 0x8DE, 0x62, 0xE0, 0x5AE, 0x8DE,
  0x315, 0x62, 0xE0, 0x5AE, 0x8DE, 0x315, 0x62, 0x61, 0x5AE, 0x300, 0x8DE, 0x315,
  0x62, 0xE0, 0x5AE, 0x8DE, 0x315, 0x62, 0x61, 0x8DE, 0x315, 0x300, 0x5AE, 0x62,
  0x61, 0x5AE, 0x8DE, 0x300, 0x315, 0x62, 0x61, 0x5AE, 0x8DE, 0x300, 0x315, 0x62,
  0x61, 0x315, 0x300, 0x5AE, 0x8DF, 0x62, 0xE0, 0x5AE, 0x8DF, 0x315, 0x62, 0xE0,
  0x5AE, 0x8DF, 0x315, 0x62, 0x61, 0x5AE, 0x300, 0x8DF, 0x315, 0x62, 0xE0, 0x5AE,
  0x8DF, 0x315, 0x62, 0x61, 0x8DF, 0x315, 0x300, 0x5AE, 0x62, 0x61, 0x5AE, 0x8DF,
  0x300, 0x315, 0x62, 0x61, 0x5AE, 0x8DF, 0x300, 0x315, 0x62, 0x61, 0x315, 0x300,
  0x5AE, 0x8E0, 0x62, 0xE0, 0x5AE, 0x8E0, 0x315, 0x62, 0xE0, 0x5AE, 0x8E0, 0x315,
  0x62, 0x61, 0x5AE, 0x300, 0x8E0, 0x315, 0x62, 0xE0, 0x5AE, 0x8E0, 0x315, 0x62,
  0x61, 0x8E0, 0x315, 0x300, 0x5AE, 0x62, 0x61, 0x5AE, 0x8E0, 0x300, 0x315, 0x62,
  0x61, 0x5AE, 0x8E0, 0x300, 0x315, 0x62, 0x61, 0x315, 0x300, 0x5AE, 0x8E1, 0x62,
  0xE0, 0x5AE, 0x8E1, 0x315, 0x62, 0xE0, 0x5AE, 0x8E1, 0x315, 0x62, 0x61, 0x5AE,
  0x300, 0x8E1, 0x315, 0x62, 0xE0, 0x5AE, 0x8E1, 0x315, 0x62, 0x61, 0x8E1, 0x315,
  0x300, 0x5AE, 0x62, 0x61, 0x5AE, 0x8E1, 0x300, 0x315, 0x62, 0x61, 0x5AE, 0x8E1,
  0x300, 0x315, 0x62, 0x61, 0x59A, 0x316, 0x1DFA, 0x8E3, 0x62, 0x61, 0x1DFA, 0x316,
  0x8E3, 0x59A, 0x62, 0x61, 0x1DFA, 0x316, 0x8E3, 0x59A, 0x62, 0x61, 0x8E3, 0x59A,
  0x316, 0x1DFA, 0x62, 0x61, 0x1DFA, 0x8E3, 0x316, 0x59A, 0x62, 0x61, 0x1DFA, 0x8E3,
  0x316, 0x59A, 0x62, 0x61, 0x315, 0x300, 0x5AE, 0x8E4, 0x62, 0xE0, 0x5AE, 0x8E4,
  0x315, 0x62, 0xE0, 0x5AE, 0x8E4, 0x315, 0x62, 0x61, 0x5AE, 0x300, 0x8E4, 0x315,
  0x62, 0xE0, 0x5AE, 0x8E4, 0x315, 0x62, 0x61, 0x8E4, 0x315, 0x300, 0x5AE, 0x62,
  0x61, 0x5AE, 0x8E4, 0x300, 0x315, 0x62, 0x61, 0x5AE, 0x8E4, 0x300, 0x315, 0x62,
  0x61, 0x315, 0x300, 0x5AE, 0x8E5, 0x62, 0xE0, 0x5AE, 0x8E5, 0x315, 0x62, 0xE0,
  0x5AE, 0x8E5, 0x315, 0x62, 0x61, 0x5AE, 0x300, 0x8E5, 0x315, 0x62, 0xE0, 0x5AE,
  0x8E5, 0x315, 0x62, 0x61, 0x8E5, 0x315, 0x300, 0x5AE, 0x62, 0x61, 0x5AE, 0x8E5,
  0x300, 0x315, 0x62, 0x61, 0x5AE, 0x8E5, 0x300, 0x315, 0x62, 0x61, 0x59A, 0x316,
  0x1DFA, 0x8E6, 0x62, 0x61, 0x1DFA, 0x316, 0x8E6, 0x59A, 0x62, 0x61, 0x1DFA, 0x316,
  0x8E6, 0x59A, 0x62, 0x61, 0x8E6, 0x59A, 0x316, 0x1DFA, 0x62, 0x61, 0x1DFA, 0x8E6,
  0x316, 0x59A, 0x62, 0x61, 0x1DFA, 0x8E6, 0x316, 0x59A, 0x62, 0x61, 0x315, 0x300,
  0x5AE, 0x8E7, 0x62, 0xE0, 0x5AE, 0x8E7, 0x315, 0x62, 0xE0, 0x5AE, 0x8E7, 0x315,
  0x62, 0x61, 0x5AE, 0x300, 0x8E7, 0x315, 0x62, 0xE0, 0x5AE, 0x8E7, 0x315, 0x62,
  0x61, 0x8E7, 0x315, 0x300, 0x5AE, 0x62, 0x61, 0x5AE, 0x8E7, 0x300, 0x315, 0x62,
  0x61, 0x5AE, 0x8E7, 0x300, 0x315, 0x62, 0x61, 0x315, 0x300, 0x5AE, 0x8E8, 0x62,
  0xE0, 0x5AE, 0x8E8, 0x315, 0x62, 0xE0, 0x5AE, 0x8E8, 0x315, 0x62, 0x61, 0x5AE,
  0x300, 0x8E8, 0x315, 0x62, 0xE0, 0x5AE, 0x8E8, 0x315, 0x62, 0x61, 0x8E8, 0x315,
  0x300, 0x5AE, 0x62, 0x61, 0x5AE, 0x8E8, 0x300, 0x315, 0x62, 0x61, 0x5AE, 0x8E8,
  0x300, 0x315, 0x62, 0x61, 0x59A, 0x316, 0x1DFA, 0x8E9, 0x62, 0x61, 0x1DFA, 0x316,
  0x8E9, 0x59A, 0x62, 0x61, 0x1DFA, 0x316, 0x8E9, 0x59A, 0x62, 0x61, 0x8E9, 0x59A,
  0x316, 0x1DFA, 0x62, 0x61, 0x1DFA, 0x8E9, 0x316, 0x59A, 0x62, 0x61, 0x1DFA, 0x8E9,
  0x316, 0x59A, 0x62, 0x61, 0x315, 0x300, 0x5AE, 0x8EA, 0x62, 0xE0, 0x5AE, 0x8EA,
  0x315, 0x62, 0xE0, 0x5AE, 0x8EA, 0x315, 0x62, 0x61, 0x5AE, 0x300, 0x8EA, 0x315,
  0x62, 0xE0, 0x5AE, 0x8EA, 0x315, 0x62, 0x61, 0x8EA, 0x315, 0x300, 0x5AE, 0x62,
  0x61, 0x5AE, 0x8EA, 0x300, 0x315, 0x62, 0x61, 0x5AE, 0x8EA, 0x300, 0x315, 0x62,
  0x61, 0x315, 0x300, 0x5AE, 0x8EB, 0x62, 0xE0, 0x5AE, 0x8EB, 0x315, 0x62, 0xE0,
  0x5AE, 0x8EB, 0x315, 0x62, 0x61, 0x5AE, 0x300, 0x8EB, 0x315, 0x62, 0xE0, 0x5AE,
  0x8EB, 0x315, 0x62, 0x61, 0x8EB, 0x315, 0x300, 0x5AE, 0x62, 0x61, 0x5AE, 0x8EB,
  0x300, 0x315, 0x62, 0x61, 0x5AE, 0x8EB, 0x300, 0x315, 0x62, 0x61, 0x315, 0x300,
  0x5AE, 0x8EC, 0x62, 0xE0, 0x5AE, 0x8EC, 0x315, 0x62, 0xE0, 0x5AE, 0x8EC, 0x315,
  0x62, 0x61, 0x5AE, 0x300, 0x8EC, 0x315, 0x62, 0xE0, 0x5AE, 0x8EC, 0x315, 0x62,
  0x61, 0x8EC, 0x315, 0x300, 0x5AE, 0x62, 0x61, 0x5AE, 0x8EC, 0x300, 0x315, 0x62,
  0x61, 0x5AE, 0x8EC, 0x300, 0x315, 0x62, 0x61, 0x59A, 0x316, 0x1DFA, 0x8ED, 0x62,
  0x61, 0x1DFA, 0x316, 0x8ED, 0x59A, 0x62, 0x61, 0x1DFA, 0x316, 0x8ED, 0x59A, 0x62,
  0x61, 0x8ED, 0x59A, 0x316, 0x1DFA, 0x62, 0x61, 0x1DFA, 0x8ED, 0x316, 0x59A, 0x62,
  0x61, 0x1DFA, 0x8ED, 0x316, 0x59A, 0x62, 0x61, 0x59A, 0x316, 0x1DFA, 0x8EE, 0x62,
  0x61, 0x1DFA, 0x316, 0x8EE, 0x59A, 0x62, 0x61, 0x1DFA, 0x316, 0x8EE, 0x59A, 0x62,
  0x61, 0x8EE, 0x59A, 0x316, 0x1DFA, 0x62, 0x61, 0x1DFA, 0x8EE, 0x316, 0x59A, 0x62,
  0x61, 0x1DFA, 0x8EE, 0x316, 0x59A, 0x62, 0x61, 0x59A, 0x316, 0x1DFA, 0x8EF, 0x62,
  0x61, 0x1DFA, 0x316, 0x8EF, 0x59A, 0x62, 0x61, 0x1DFA, 0x316, 0x8EF, 0x59A, 0x62,
  0x61, 0x8EF, 0x59A, 0x316, 0x1DFA, 0x62, 0x61, 0x1DFA, 0x8EF, 0x316, 0x59A, 0x62,
  0x61, 0x1DFA, 0x8EF, 0x316, 0x59A, 0x62, 0x61, 0x64C, 0x64B, 0xFB1E, 0x8F0, 0x62,
  0x61, 0xFB1E, 0x64B, 0x8F0, 0x64C, 0x62, 0x61, 0xFB1E, 0x64B, 0x8F0, 0x64C, 0x62,
  0x61, 0x8F0, 0x64C, 0x64B, 0xFB1E, 0x62, 0x61, 0xFB1E, 0x8F0, 0x64B, 0x64C, 0x62,
  0x61, 0xFB1E, 0x8F0, 0x64B, 0x64C, 0x62, 0x61, 0x64D, 0x64C, 0x64B, 0x8F1, 0x62,
  0x61, 0x64B, 0x64C, 0x8F1, 0x64D, 0x62, 0x61, 0x64B, 0x64C, 0x8F1, 0x64D, 0x62,
  0x61, 0x8F1, 0x64D, 0x64C, 0x64B, 0x62, 0x61, 0x64B, 0x8F1, 0x64C, 0x64D, 0x62,
  0x61, 0x64B, 0x8F1, 0x64C, 0x64D, 0x62, 0x61, 0x618, 0x64D, 0x64C, 0x8F2, 0x62,
  0x61, 0x64C, 0x64D, 0x8F2, 0x618, 0x62, 0x61, 0x64C, 0x64D, 0x8F2, 0x618, 0x62,
  0x61, 0x8F2, 0x618, 0x64D, 0x64C, 0x62, 0x61, 0x64C, 0x8F2, 0x64D, 0x618, 0x62,
  0x61, 0x64C, 0x8F2, 0x64D, 0x618, 0x62, 0x61, 0x315, 0x300, 0x5AE, 0x8F3, 0x62,
  0xE0, 0x5AE, 0x8F3, 0x315, 0x62, 0xE0, 0x5AE, 0x8F3, 0x315, 0x62, 0x61, 0x5AE,
  0x300, 0x8F3, 0x315, 0x62, 0xE0, 0x5AE, 0x8F3, 0x315, 0x62, 0x61, 0x8F3, 0x315,
  0x300, 0x5AE, 0x62, 0x61, 0x5AE, 0x8F3, 0x300, 0x315, 0x62, 0x61, 0x5AE, 0x8F3,
  0x300, 0x315, 0x62, 0x61, 0x315, 0x300, 0x5AE, 0x8F4, 0x62, 0xE0, 0x5AE, 0x8F4,
  0x315, 0x62, 0xE0, 0x5AE, 0x8F4, 0x315, 0x62, 0x61, 0x5AE, 0x300, 0x8F4, 0x315,
  0x62, 0xE0, 0x5AE, 0x8F4, 0x315, 0x62, 0x61, 0x8F4, 0x315, 0x300, 0x5AE, 0x62,
  0x61, 0x5AE, 0x8F4, 0x300, 0x315, 0x62, 0x61, 0x5AE, 0x8F4, 0x300, 0x315, 0x62,
  0x61, 0x315, 0x300, 0x5AE, 0x8F5, 0x62, 0xE0, 0x5AE, 0x8F5, 0x315, 0x62, 0xE0,
  0x5AE, 0x8F5, 0x315, 0x62, 0x61, 0x5AE, 0x300, 0x8F5, 0x315, 0x62, 0xE0, 0x5AE,
  0x8F5, 0x315, 0x62, 0x61, 0x8F5, 0x315, 0x300, 0x5AE, 0x62, 0x61, 0x5AE, 0x8F5,
  0x300, 0x315, 0x62, 0x61, 0x5AE, 0x8F5, 0x300, 0x315, 0x62, 0x61, 0x59A, 0x316,
  0x1DFA, 0x8F6, 0x62, 0x61, 0x1DFA, 0x316, 0x8F6, 0x59A, 0x62, 0x61, 0x1DFA, 0x316,
  0x8F6, 0x59A, 0x62, 0x61, 0x8F6, 0x59A, 0x316, 0x1DFA, 0x62, 0x61, 0x1DFA, 0x8F6,
  0x316, 0x59A, 0x62, 0x61, 0x1DFA, 0x8F6, 0x316, 0x59A, 0x62, 0x61, 0x315, 0x300,
  0x5AE, 0x8F7, 0x62, 0xE0, 0x5AE, 0x8F7, 0x315, 0x62, 0xE0, 0x5AE, 0x8F7, 0x315,
  0x62, 0x61, 0x5AE, 0x300, 0x8F7, 0x315, 0x62, 0xE0, 0x5AE, 0x8F7, 0x315, 0x62,
  0x61, 0x8F7, 0x315, 0x300, 0x5AE, 0x62, 0x61, 0x5AE, 0x8F7, 0x300, 0x315, 0x62,
  0x61, 0x5AE, 0x8F7, 0x300, 0x315, 0x62, 0x61, 0x315, 0x300, 0x5AE, 0x8F8, 0x62,
  0xE0, 0x5AE, 0x8F8, 0x315, 0x62, 0xE0, 0x5AE, 0x8F8, 0x315, 0x62, 0x61, 0x5AE,
  0x300, 0x8F8, 0x315, 0x62, 0xE0, 0x5AE, 0x8F8, 0x315, 0x62, 0x61, 0x8F8, 0x315,
  0x300, 0x5AE, 0x62, 0x61, 0x5AE, 0x8F8, 0x300, 0x315, 0x62, 0x61, 0x5AE, 0x8F8,
  0x300, 0x315, 0x62, 0x61, 0x59A, 0x316, 0x1DFA, 0x8F9, 0x62, 0x61, 0x1DFA, 0x316,
  0x8F9, 0x59A, 0x62, 0x61, 0x1DFA, 0x316, 0x8F9, 0x59A, 0x62, 0x61, 0x8F9, 0x59A,
  0x316, 0x1DFA, 0x62, 0x61, 0x1DFA, 0x8F9, 0x316, 0x59A, 0x62, 0x61, 0x1DFA, 0x8F9,
  0x316, 0x59A, 0x62, 0x61, 0x59A, 0x316, 0x1DFA, 0x8FA, 0x62, 0x61, 0x1DFA, 0x316,
  0x8FA, 0x59A, 0x62, 0x61, 0x1DFA, 0x316, 0x8FA, 0x59A, 0x62, 0x61, 0x8FA, 0x59A,
  0x316, 0x1DFA, 0x62, 0x61, 0x1DFA, 0x8FA, 0x316, 0x59A, 0x62, 0x61, 0x1DFA, 0x8FA,
  0x316, 0x59A, 0x62, 0x61, 0x315, 0x300, 0x5AE, 0x8FB, 0x62, 0xE0, 0x5AE, 0x8FB,
  0x315, 0x62, 0xE0, 0x5AE, 0x8FB, 0x315, 0x62, 0x61, 0x5AE, 0x300, 0x8FB, 0x315,
  0x62, 0xE0, 0x5AE, 0x8FB, 0x315, 0x62, 0x61, 0x8FB, 0x315, 0x300, 0x5AE, 0x62,
  0x61, 0x5AE, 0x8FB, 0x300, 0x315, 0x62, 0x61, 0x5AE, 0x8FB, 0x300, 0x315, 0x62,
  0x61, 0x315, 0x300, 0x5AE, 0x8FC, 0x62, 0xE0, 0x5AE, 0x8FC, 0x315, 0x62, 0xE0,
  0x5AE, 0x8FC, 0x315, 0x62, 0x61, 0x5AE, 0x300, 0x8FC, 0x315, 0x62, 0xE0, 0x5AE,
  0x8FC, 0x315, 0x62, 0x61, 0x8FC, 0x315, 0x300, 0x5AE, 0x62, 0x61, 0x5AE, 0x8FC,
  0x300, 0x315, 0x62, 0x61, 0x5AE, 0x8FC, 0x300, 0x315, 0x62, 0x61, 0x315, 0x300,
  0x5AE, 0x8FD, 0x62, 0xE0, 0x5AE, 0x8FD, 0x315, 0x62, 0xE0, 0x5AE, 0x8FD, 0x315,
  0x62, 0x61, 0x5AE, 0x300, 0x8FD, 0x315, 0x62, 0xE0, 0x5AE, 0x8FD, 0x315, 0x62,
  0x61, 0x8FD, 0x315, 0x300, 0x5AE, 0x62, 0x61, 0x5AE, 0x8FD, 0x300, 0x315, 0x62,
  0x61, 0x5AE, 0x8FD, 0x300, 0x315, 0x62, 0x61, 0x315, 0x300, 0x5AE, 0x8FE, 0x62,
  0xE0, 0x5AE, 0x8FE, 0x315, 0x62, 0xE0, 0x5AE, 0x8FE, 0x315, 0x62, 0x61, 0x5AE,
  0x300, 0x8FE, 0x315, 0x62, 0xE0, 0x5AE, 0x8FE, 0x315, 0x62, 0x61, 0x8FE, 0x315,
  0x300, 0x5AE, 0x62, 0x61, 0x5AE, 0x8FE, 0x300, 0x315, 0x62, 0x61, 0x5AE, 0x8FE,
  0x300, 0x315, 0x62, 0x61, 0x315, 0x300, 0x5AE, 0x8FF, 0x62, 0xE0, 0x5AE, 0x8FF,
  0x315, 0x62, 0xE0, 0x5AE, 0x8FF, 0x315, 0x62, 0x61, 0x5AE, 0x300, 0x8FF, 0x315,
  0x62, 0xE0, 0x5AE, 0x8FF, 0x315, 0x62, 0x61, 0x8FF, 0x315, 0x300, 0x5AE, 0x62,
  0x61, 0x5AE, 0x8FF, 0x300, 0x315, 0x62, 0x61, 0x5AE, 0x8FF, 0x300, 0x315, 0x62,
  0x61, 0x3099, 0x93C, 0x16FF0, 0x93C, 0x62, 0x61, 0x16FF0, 0x93C, 0x93C, 0x3099, 0x62,
  0x61, 0x16FF0, 0x93C, 0x93C, 0x3099, 0x62, 0x61, 0x93C, 0x3099, 0x93C, 0x16FF0, 0x62,
  0x61, 0x16FF0, 0x93C, 0x93C, 0x3099, 0x62, 0x61, 0x5B0, 0x94D, 0x3099, 0x94D, 0x62,
  0x61, 0x3099, 0x94D, 0x94D, 0x5B0, 0x62, 0x61, 0x3099, 0x94D, 0x94D, 0x5B0, 0x62,
  0x61, 0x94D, 0x5B0, 0x94D, 0x3099, 0x62, 0x61, 0x3099, 0x94D, 0x94D, 0x5B0, 0x62,
  0x61, 0x315, 0x300, 0x5AE, 0x951, 0x62, 0xE0, 0x5AE, 0x951, 0x315, 0x62, 0xE0,
  0x5AE, 0x951, 0x315, 0x62, 0x61, 0x5AE, 0x300, 0x951, 0x315, 0x62, 0xE0, 0x5AE,
  0x951, 0x315, 0x62, 0x61, 0x951, 0x315, 0x300, 0x5AE, 0x62, 0x61, 0x5AE, 0x951,
  0x300, 0x315, 0x62, 0x61, 0x5AE, 0x951, 0x300, 0x315, 0x62, 0x61, 0x59A, 0x316,
  0x1DFA, 0x952, 0x62, 0x61, 0x1DFA, 0x316, 0x952, 0x59A, 0x62, 0x61, 0x1DFA, 0x316,
  0x952, 0x59A, 0x62, 0x61, 0x952, 0x59A, 0x316, 0x1DFA, 0x62, 0x61, 0x1DFA, 0x952,
  0x316, 0x59A, 0x62, 0x61, 0x1DFA, 0x952, 0x316, 0x59A, 0x62, 0x61, 0x315, 0x300,
  0x5AE, 0x953, 0x62, 0xE0, 0x5AE, 0x953, 0x315, 0x62, 0xE0, 0x5AE, 0x953, 0x315,
  0x62, 0x61, 0x5AE, 0x300, 0x953, 0x315, 0x62, 0xE0, 0x5AE, 0x953, 0x315, 0x62,
  0x61, 0x953, 0x315, 0x300, 0x5AE, 0x62, 0x61, 0x5AE, 0x953, 0x300, 0x315, 0x62,
  0x61, 0x5AE, 0x953, 0x300, 0x315, 0x62, 0x61, 0x315, 0x300, 0x5AE, 0x954, 0x62,
  0xE0, 0x5AE, 0x954, 0x315, 0x62, 0xE0, 0x5AE, 0x954, 0x315, 0x62, 0x61, 0x5AE,
  0x300, 0x954, 0x315, 0x62, 0xE0, 0x5AE, 0x954, 0x315, 0x62, 0x61, 0x954, 0x315,
  0x300, 0x5AE, 0x62, 0x61, 0x5AE, 0x954, 0x300, 0x315, 0x62, 0x61, 0x5AE, 0x954,
  0x300, 0x315, 0x62, 0x61, 0x3099, 0x93C, 0x16FF0, 0x9BC, 0x62, 0x61, 0x16FF0, 0x93C,
  0x9BC, 0x3099, 0x62, 0x61, 0x16FF0, 0x93C, 0x9BC, 0x3099, 0x62, 0x61, 0x9BC, 0x3099,
  0x93C, 0x16FF0, 0x62, 0x61, 0x16FF0, 0x9BC, 0x93C, 0x3099, 0x62, 0x61, 0x16FF0, 0x9BC,
  0x93C, 0x3099, 0x62, 0x61, 0x5B0, 0x94D, 0x3099, 0x9CD, 0x62, 0x61, 0x3099, 0x94D,
  0x9CD, 0x5B0, 0x62, 0x61, 0x3099, 0x94D, 0x9CD, 0x5B0, 0x62, 0x61, 0x9CD, 0x5B0,
  0x94D, 0x3099, 0x62, 0x61, 0x3099, 0x9CD, 0x94D, 0x5B0, 0x62, 0x61, 0x3099, 0x9CD,
  0x94D, 0x5B0, 0x62, 0x61, 0x315, 0x300, 0x5AE, 0x9FE, 0x62, 0xE0, 0x5AE, 0x9FE,
  0x315, 0x62, 0xE0, 0x5AE, 0x9FE, 0x315, 0x62, 0x61, 0x5AE, 0x300, 0x9FE, 0x315,
  0x62, 0xE0, 0x5AE, 0x9FE, 0x315, 0x62, 0x61, 0x9FE, 0x315, 0x300, 0x5AE, 0x62,
  0x61, 0x5AE, 0x9FE, 0x300, 0x315, 0x62, 0x61, 0x5AE, 0x9FE, 0x300, 0x315, 0x62,
  0x61, 0x3099, 0x93C, 0x16FF0, 0xA3C, 0x62, 0x61, 0x16FF0, 0x93C, 0xA3C, 0x3099, 0x62,
  0x61, 0x16FF0, 0x93C, 0xA3C, 0x3099, 0x62, 0x61, 0xA3C, 0x3099, 0x93C, 0x16FF0, 0x62,
  0x61, 0x16FF0, 0xA3C, 0x93C, 0x3099, 0x62, 0x61, 0x16FF0, 0xA3C, 0x93C, 0x3099, 0x62,
  0x61, 0x5B0, 0x94D, 0x3099, 0xA4D, 0x62, 0x61, 0x3099, 0x94D, 0xA4D, 0x5B0, 0x62,
  0x61, 0x3099, 0x94D, 0xA4D, 0x5B0, 0x62, 0x61, 0xA4D, 0x5B0, 0x94D, 0x3099, 0x62,
  0x61, 0x3099, 0xA4D, 0x94D, 0x5B0, 0x62, 0x61, 0x3099, 0xA4D, 0x94D, 0x5B0, 0x62,
  0x61, 0x3099, 0x93C, 0x16FF0, 0xABC, 0x62, 0x61, 0x16FF0, 0x93C, 0xABC, 0x3099, 0x62,
  0x61, 0x16FF0, 0x93C, 0xABC, 0x3099, 0x62, 0x61, 0xABC, 0x3099, 0x93C, 0x16FF0, 0x62,
  0x61, 0x16FF0, 0xABC, 0x93C, 0x3099, 0x62, 0x61, 0x16FF0, 0xABC, 0x93C, 0x3099, 0x62,
  0x61, 0x5B0, 0x94D, 0x3099, 0xACD, 0x62, 0x61, 0x3099, 0x94D, 0xACD, 0x5B0, 0x62,
  0x61, 0x3099, 0x94D, 0xACD, 0x5B0, 0x62, 0x61, 0xACD, 0x5B0, 0x94D, 0x3099, 0x62,
  0x61, 0x3099, 0xACD, 0x94D, 0x5B0, 0x62, 0x61, 0x3099, 0xACD, 0x94D, 0x5B0, 0x62,
  0x61, 0x3099, 0x93C, 0x16FF0, 0xB3C, 0x62, 0x61, 0x16FF0, 0x93C, 0xB3C, 0x3099, 0x62,
  0x61, 0x16FF0, 0x93C, 0xB3C, 0x3099, 0x62, 0x61, 0xB3C, 0x3099, 0x93C, 0x16FF0, 0x62,
  0x61, 0x16FF0, 0xB3C, 0x93C, 0x3099, 0x62, 0x61, 0x16FF0, 0xB3C, 0x93C, 0x3099, 0x62,
  0x61, 0x5B0, 0x94D, 0x3099, 0xB4D, 0x62, 0x61, 0x3099, 0x94D, 0xB4D, 0x5B0, 0x62,
  0x61, 0x3099, 0x94D, 0xB4D, 0x5B0, 0x62, 0x61, 0xB4D, 0x5B0, 0x94D, 0x3099, 0x62,
  0x61, 0x3099, 0xB4D, 0x94D, 0x5B0, 0x62, 0x61, 0x3099, 0xB4D, 0x94D, 0x5B0, 0x62,
  0x61, 0x5B0, 0x94D, 0x3099, 0xBCD, 0x62, 0x61, 0x3099, 0x94D, 0xBCD, 0x5B0, 0x62,
  0x61, 0x3099, 0x94D, 0xBCD, 0x5B0, 0x62, 0x61, 0xBCD, 0x5B0, 0x94D, 0x3099, 0x62,
  0x61, 0x3099, 0xBCD, 0x94D, 0x5B0, 0x62, 0x61, 0x3099, 0xBCD, 0x94D, 0x5B0, 0x62,
  0x61, 0x3099, 0x93C, 0x16FF0, 0xC3C, 0x62, 0x61, 0x16FF0, 0x93C, 0xC3C, 0x3099, 0x62,
  0x61, 0x16FF0, 0x93C, 0xC3C, 0x3099, 0x62, 0x61, 0xC3C, 0x3099, 0x93C, 0x16FF0, 0x62,
  0x61, 0x16FF0, 0xC3C, 0x93C, 0x3099, 0x62, 0x61, 0x16FF0, 0xC3C, 0x93C, 0x3099, 0x62,
  0x61, 0x5B0, 0x94D, 0x3099, 0xC4D, 0x62, 0x61, 0x3099, 0x94D, 0xC4D, 0x5B0, 0x62,
  0x61, 0x3099, 0x94D, 0xC4D, 0x5B0, 0x62, 0x61, 0xC4D, 0x5B0, 0x94D, 0x3099, 0x62,
  0x61, 0x3099, 0xC4D, 0x94D, 0x5B0, 0x62, 0x61, 0x3099, 0xC4D, 0x94D, 0x5B0, 0x62,
  0x61, 0xC56, 0xC55, 0x711, 0xC55, 0x62, 0x61, 0x711, 0xC55, 0xC55, 0xC56, 0x62,
  0x61, 0x711, 0xC55, 0xC55, 0xC56, 0x62, 0x61, 0xC55, 0xC56, 0xC55, 0x711, 0x62,
  0x61, 0x711, 0xC55, 0xC55, 0xC56, 0x62, 0x61, 0xE38, 0xC56, 0xC55, 0xC56, 0x62,
  0x61, 0xC55, 0xC56, 0xC56, 0xE38, 0x62, 0x61, 0xC55, 0xC56, 0xC56, 0xE38, 0x62,
  0x61, 0xC56, 0xE38, 0xC56, 0xC55, 0x62, 0x61, 0xC55, 0xC56, 0xC56, 0xE38, 0x62,
  0x61, 0x3099, 0x93C, 0x16FF0, 0xCBC, 0x62, 0x61, 0x16FF0, 0x93C, 0xCBC, 0x3099, 0x62,
  0x61, 0x16FF0, 0x93C, 0xCBC, 0x3099, 0x62, 0x61, 0xCBC, 0x3099, 0x93C, 0x16FF0, 0x62,
  0x61, 0x16FF0, 0xCBC, 0x93C, 0x3099, 0x62, 0x61, 0x16FF0, 0xCBC, 0x93C, 0x3099, 0x62,
  0x61, 0x5B0, 0x94D, 0x3099, 0xCCD, 0x62, 0x61, 0x3099, 0x94D, 0xCCD, 0x5B0, 0x62,
  0x61, 0x3099, 0x94D, 0xCCD, 0x5B0, 0x62, 0x61, 0xCCD, 0x5B0, 0x94D, 0x3099, 0x62,
  0x61, 0x3099, 0xCCD, 0x94D, 0x5B0, 0x62, 0x61, 0x3099, 0xCCD, 0x94D, 0x5B0, 0x62,
  0x61, 0x5B0, 0x94D, 0x3099, 0xD3B, 0x62, 0x61, 0x3099, 0x94D, 0xD3B, 0x5B0, 0x62,
  0x61, 0x3099, 0x94D, 0xD3B, 0x5B0, 0x62, 0x61, 0xD3B, 0x5B0, 0x94D, 0x3099, 0x62,
  0x61, 0x3099, 0xD3B, 0x94D, 0x5B0, 0x62, 0x61, 0x3099, 0xD3B, 0x94D, 0x5B0, 0x62,
  0x61, 0x5B0, 0x94D, 0x3099, 0xD3C, 0x62, 0x61, 0x3099, 0x94D, 0xD3C, 0x5B0, 0x62,
  0x61, 0x3099, 0x94D, 0xD3C, 0x5B0, 0x62, 0x61, 0xD3C, 0x5B0, 0x94D, 0x3099, 0x62,
  0x61, 0x3099, 0xD3C, 0x94D, 0x5B0, 0x62, 0x61, 0x3099, 0xD3C, 0x94D, 0x5B0, 0x62,
  0x61, 0x5B0, 0x94D, 0x3099, 0xD4D, 0x62, 0x61, 0x3099, 0x94D, 0xD4D, 0x5B0, 0x62,
  0x61, 0x3099, 0x94D, 0xD4D, 0x5B0, 0x62, 0x61, 0xD4D, 0x5B0, 0x94D, 0x3099, 0x62,
  0x61, 0x3099, 0xD4D, 0x94D, 0x5B0, 0x62, 0x61, 0x3099, 0xD4D, 0x94D, 0x5B0, 0x62,
  0x61, 0x5B0, 0x94D, 0x3099, 0xDCA, 0x62, 0x61, 0x3099, 0x94D, 0xDCA, 0x5B0, 0x62,
  0x61, 0x3099, 0x94D, 0xDCA, 0x5B0, 0x62, 0x61, 0xDCA, 0x5B0, 0x94D, 0x3099, 0x62,
  0x61, 0x3099, 0xDCA, 0x94D, 0x5B0, 0x62, 0x61, 0x3099, 0xDCA, 0x94D, 0x5B0, 0x62,
  0x61, 0xE48, 0xE38, 0xC56, 0xE38, 0x62, 0x61, 0xC56, 0xE38, 0xE38, 0xE48, 0x62,
  0x61, 0xC56, 0xE38, 0xE38, 0xE48, 0x62, 0x61, 0xE38, 0xE48, 0xE38, 0xC56, 0x62,
  0x61, 0xC56, 0xE38, 0xE38, 0xE48, 0x62, 0x61, 0xE48, 0xE38, 0xC56, 0xE39, 0x62,
  0x61, 0xC56, 0xE38, 0xE39, 0xE48, 0x62, 0x61, 0xC56, 0xE38, 0xE39, 0xE48, 0x62,
  0x61, 0xE39, 0xE48, 0xE38, 0xC56, 0x62, 0x61, 0xC56, 0xE39, 0xE38, 0xE48, 0x62,
  0x61, 0xC56, 0xE39, 0xE38, 0xE48, 0x62, 0x61, 0x5B0, 0x94D, 0x3099, 0xE3A, 0x62,
  0x61, 0x3099, 0x94D, 0xE3A, 0x5B0, 0x62, 0x61, 0x3099, 0x94D, 0xE3A, 0x5B0, 0x62,
  0x61, 0xE3A, 0x5B0, 0x94D, 0x3099, 0x62, 0x61, 0x3099, 0xE3A, 0x94D, 0x5B0, 0x62,
  0x61, 0x3099, 0xE3A, 0x94D, 0x5B0, 0x62, 0x61, 0xEB8, 0xE48, 0xE38, 0xE48, 0x62,
  0x61, 0xE38, 0xE48, 0xE48, 0xEB8, 0x62, 0x61, 0xE38, 0xE48, 0xE48, 0xEB8, 0x62,
  0x61, 0xE48, 0xEB8, 0xE48, 0xE38, 0x62, 0x61, 0xE38, 0xE48, 0xE48, 0xEB8, 0x62,
  0x61, 0xEB8, 0xE48, 0xE38, 0xE49, 0x62, 0x61, 0xE38, 0xE48, 0xE49, 0xEB8, 0x62,
  0x61, 0xE38, 0xE48, 0xE49, 0xEB8, 0x62, 0x61, 0xE49, 0xEB8, 0xE48, 0xE38, 0x62,
  0x61, 0xE38, 0xE49, 0xE48, 0xEB8, 0x62, 0x61, 0xE38, 0xE49, 0xE48, 0xEB8, 0x62,
  0x61, 0xEB8, 0xE48, 0xE38, 0xE4A, 0x62, 0x61, 0xE38, 0xE48, 0xE4A, 0xEB8, 0x62,
  0x61, 0xE38, 0xE48, 0xE4A, 0xEB8, 0x62, 0x61, 0xE4A, 0xEB8, 0xE48, 0xE38, 0x62,
  0x61, 0xE38, 0xE4A, 0xE48, 0xEB8, 0x62, 0x61, 0xE38, 0xE4A, 0xE48, 0xEB8, 0x62,
  0x61, 0xEB8, 0xE48, 0xE38, 0xE4B, 0x62, 0x61, 0xE38, 0xE48, 0xE4B, 0xEB8, 0x62,
  0x61, 0xE38, 0xE48, 0xE4B, 0xEB8, 0x62, 0x61, 0xE4B, 0xEB8, 0xE48, 0xE38, 0x62,
  0x61, 0xE38, 0xE4B, 0xE48, 0xEB8, 0x62, 0x61, 0xE38, 0xE4B, 0xE48, 0xEB8, 0x62,
  0x61, 0xEC8, 0xEB8, 0xE48, 0xEB8, 0x62, 0x61, 0xE48, 0xEB8, 0xEB8, 0xEC8, 0x62,
  0x61, 0xE48, 0xEB8, 0xEB8, 0xEC8, 0x62, 0x61, 0xEB8, 0xEC8, 0xEB8, 0xE48, 0x62,
  0x61, 0xE48, 0xEB8, 0xEB8, 0xEC8, 0x62, 0x61, 0xEC8, 0xEB8, 0xE48, 0xEB9, 0x62,
  0x61, 0xE48, 0xEB8, 0xEB9, 0xEC8, 0x62, 0x61, 0xE48, 0xEB8, 0xEB9, 0xEC8, 0x62,
  0x61, 0xEB9, 0xEC8, 0xEB8, 0xE48, 0x62, 0x61, 0xE48, 0xEB9, 0xEB8, 0xEC8, 0x62,
  0x61, 0xE48, 0xEB9, 0xEB8, 0xEC8, 0x62, 0x61, 0x5B0, 0x94D, 0x3099, 0xEBA, 0x62,
  0x61, 0x3099, 0x94D, 0xEBA, 0x5B0, 0x62, 0x61, 0x3099, 0x94D, 0xEBA, 0x5B0, 0x62,
  0x61, 0xEBA, 0x5B0, 0x94D, 0x3099, 0x62, 0x61, 0x3099, 0xEBA, 0x94D, 0x5B0, 0x62,
  0x61, 0x3099, 0xEBA, 0x94D, 0x5B0, 0x62, 0x61, 0xF71, 0xEC8, 0xEB8, 0xEC8, 0x62,
  0x61, 0xEB8, 0xEC8, 0xEC8, 0xF71, 0x62, 0x61, 0xEB8, 0xEC8, 0xEC8, 0xF71, 0x62,
  0x61, 0xEC8, 0xF71, 0xEC8, 0xEB8, 0x62, 0x61, 0xEB8, 0xEC8, 0xEC8, 0xF71, 0x62,
  0x61, 0xF71, 0xEC8, 0xEB8, 0xEC9, 0x62, 0x61, 0xEB8, 0xEC8, 0xEC9, 0xF71, 0x62,
  0x61, 0xEB8, 0xEC8, 0xEC9, 0xF71, 0x62, 0x61, 0xEC9, 0xF71, 0xEC8, 0xEB8, 0x62,
  0x61, 0xEB8, 0xEC9, 0xEC8, 0xF71, 0x62, 0x61, 0xEB8, 0xEC9, 0xEC8, 0xF71, 0x62,
  0x61, 0xF71, 0xEC8, 0xEB8, 0xECA, 0x62, 0x61, 0xEB8, 0xEC8, 0xECA, 0xF71, 0x62,
  0x61, 0xEB8, 0xEC8, 0xECA, 0xF71, 0x62, 0x61, 0xECA, 0xF71, 0xEC8, 0xEB8, 0x62,
  0x61, 0xEB8, 0xECA, 0xEC8, 0xF71, 0x62, 0x61, 0xEB8, 0xECA, 0xEC8, 0xF71, 0x62,
  0x61, 0xF71, 0xEC8, 0xEB8, 0xECB, 0x62, 0x61, 0xEB8, 0xEC8, 0xECB, 0xF71, 0x62,
  0x61, 0xEB8, 0xEC8, 0xECB, 0xF71, 0x62, 0x61, 0xECB, 0xF71, 0xEC8, 0xEB8, 0x62,
  0x61, 0xEB8, 0xECB, 0xEC8, 0xF71, 0x62, 0x61, 0xEB8, 0xECB, 0xEC8, 0xF71, 0x62,
  0x61, 0x59A, 0x316, 0x1DFA, 0xF18, 0x62, 0x61, 0x1DFA, 0x316, 0xF18, 0x59A, 0x62,
  0x61, 0x1DFA, 0x316, 0xF18, 0x59A, 0x62, 0x61, 0xF18, 0x59A, 0x316, 0x1DFA, 0x62,
  0x61, 0x1DFA, 0xF18, 0x316, 0x59A, 0x62, 0x61, 0x1DFA, 0xF18, 0x316, 0x59A, 0x62,
  0x61, 0x59A, 0x316, 0x1DFA, 0xF19, 0x62, 0x61, 0x1DFA, 0x316, 0xF19, 0x59A, 0x62,
  0x61, 0x1DFA, 0x316, 0xF19, 0x59A, 0x62, 0x61, 0xF19, 0x59A, 0x316, 0x1DFA, 0x62,
  0x61, 0x1DFA, 0xF19, 0x316, 0x59A, 0x62, 0x61, 0x1DFA, 0xF19, 0x316, 0x59A, 0x62,
  0x61, 0x59A, 0x316, 0x1DFA, 0xF35, 0x62, 0x61, 0x1DFA, 0x316, 0xF35, 0x59A, 0x62,
  0x61, 0x1DFA, 0x316, 0xF35, 0x59A, 0x62, 0x61, 0xF35, 0x59A, 0x316, 0x1DFA, 0x62,
  0x61, 0x1DFA, 0xF35, 0x316, 0x59A, 0x62, 0x61, 0x1DFA, 0xF35, 0x316, 0x59A, 0x62,
  0x61, 0x59A, 0x316, 0x1DFA, 0xF37, 0x62, 0x61, 0x1DFA, 0x316, 0xF37, 0x59A, 0x62,
  0x61, 0x1DFA, 0x316, 0xF37, 0x59A, 0x62, 0x61, 0xF37, 0x59A, 0x316, 0x1DFA, 0x62,
  0x61, 0x1DFA, 0xF37, 0x316, 0x59A, 0x62, 0x61, 0x1DFA, 0xF37, 0x316, 0x59A, 0x62,
  0x61, 0x1DFA, 0x31B, 0x1DCE, 0xF39, 0x62, 0x61, 0x1DCE, 0x31B, 0xF39, 0x1DFA, 0x62,
  0x61, 0x1DCE, 0x31B, 0xF39, 0x1DFA, 0x62, 0x61, 0xF39, 0x1DFA, 0x31B, 0x1DCE, 0x62,
  0x61, 0x1DCE, 0xF39, 0x31B, 0x1DFA, 0x62, 0x61, 0x1DCE, 0xF39, 0x31B, 0x1DFA, 0x62,
  0x61, 0xF72, 0xF71, 0xEC8, 0xF71, 0x62, 0x61, 0xEC8, 0xF71, 0xF71, 0xF72, 0x62,
  0x61, 0xEC8, 0xF71, 0xF71, 0xF72, 0x62, 0x61, 0xF71, 0xF72, 0xF71, 0xEC8, 0x62,
  0x61, 0xEC8, 0xF71, 0xF71, 0xF72, 0x62, 0x61, 0xF74, 0xF72, 0xF71, 0xF72, 0x62,
  0x61, 0xF71, 0xF72, 0xF72, 0xF74, 0x62, 0x61, 0xF71, 0xF72, 0xF72, 0xF74, 0x62,
  0x61, 0xF72, 0xF74, 0xF72, 0xF71, 0x62, 0x61, 0xF71, 0xF72, 0xF72, 0xF74, 0x62,
  0x61, 0x321, 0xF74, 0xF72, 0xF74, 0x62, 0x61, 0xF72, 0xF74, 0xF74, 0x321, 0x62,
  0x61, 0xF72, 0xF74, 0xF74, 0x321, 0x62, 0x61, 0xF74, 0x321, 0xF74, 0xF72, 0x62,
  0x61, 0xF72, 0xF74, 0xF74, 0x321, 0x62, 0x61, 0xF74, 0xF72, 0xF71, 0xF7A, 0x62,
  0x61, 0xF71, 0xF72, 0xF7A, 0xF74, 0x62, 0x61, 0xF71, 0xF72, 0xF7A, 0xF74, 0x62,
  0x61, 0xF7A, 0xF74, 0xF72, 0xF71, 0x62, 0x61, 0xF71, 0xF7A, 0xF72, 0xF74, 0x62,
  0x61, 0xF71, 0xF7A, 0xF72, 0xF74, 0x62, 0x61, 0xF74, 0xF72, 0xF71, 0xF7B, 0x62,
  0x61, 0xF71, 0xF72, 0xF7B, 0xF74, 0x62, 0x61, 0xF71, 0xF72, 0xF7B, 0xF74, 0x62,
  0x61, 0xF7B, 0xF74, 0xF72, 0xF71, 0x62, 0x61, 0xF71, 0xF7B, 0xF72, 0xF74, 0x62,
  0x61, 0xF71, 0xF7B, 0xF72, 0xF74, 0x62, 0x61, 0xF74, 0xF72, 0xF71, 0xF7C, 0x62,
  0x61, 0xF71, 0xF72, 0xF7C, 0xF74, 0x62, 0x61, 0xF71, 0xF72, 0xF7C, 0xF74, 0x62,
  0x61, 0xF7C, 0xF74, 0xF72, 0xF71, 0x62, 0x61, 0xF71, 0xF7C, 0xF72, 0xF74, 0x62,
  0x61, 0xF71, 0xF7C, 0xF72, 0xF74, 0x62, 0x61, 0xF74, 0xF72, 0xF71, 0xF7D, 0x62,
  0x61, 0xF71, 0xF72, 0xF7D, 0xF74, 0x62, 0x61, 0xF71, 0xF72, 0xF7D, 0xF74, 0x62,
  0x61, 0xF7D, 0xF74, 0xF72, 0xF71, 0x62, 0x61, 0xF71, 0xF7D, 0xF72, 0xF74, 0x62,
  0x61, 0xF71, 0xF7D, 0xF72, 0xF74, 0x62, 0x61, 0xF74, 0xF72, 0xF71, 0xF80, 0x62,
  0x61, 0xF71, 0xF72, 0xF80, 0xF74, 0x62, 0x61, 0xF71, 0xF72, 0xF80, 0xF74, 0x62,
  0x61, 0xF80, 0xF74, 0xF72, 0xF71, 0x62, 0x61, 0xF71, 0xF80, 0xF72, 0xF74, 0x62,
  0x61, 0xF71, 0xF80, 0xF72, 0xF74, 0x62, 0x61, 0x315, 0x300, 0x5AE, 0xF82, 0x62,
  0xE0, 0x5AE, 0xF82, 0x315, 0x62, 0xE0, 0x5AE, 0xF82, 0x315, 0x62, 0x61, 0x5AE,
  0x300, 0xF82, 0x315, 0x62, 0xE0, 0x5AE, 0xF82, 0x315, 0x62, 0x61, 0xF82, 0x315,
  0x300, 0x5AE, 0x62, 0x61, 0x5AE, 0xF82, 0x300, 0x315, 0x62, 0x61, 0x5AE, 0xF82,
  0x300, 0x315, 0x62, 0x61, 0x315, 0x300, 0x5AE, 0xF83, 0x62, 0xE0, 0x5AE, 0xF83,
  0x315, 0x62, 0xE0, 0x5AE, 0xF83, 0x315, 0x62, 0x61, 0x5AE, 0x300, 0xF83, 0x315,
  0x62, 0xE0, 0x5AE, 0xF83, 0x315, 0x62, 0x61, 0xF83, 0x315, 0x300, 0x5AE, 0x62,
  0x61, 0x5AE, 0xF83, 0x300, 0x315, 0x62, 0x61, 0x5AE, 0xF83, 0x300, 0x315, 0x62,
  0x61, 0x5B0, 0x94D, 0x3099, 0xF84, 0x62, 0x61, 0x3099, 0x94D, 0xF84, 0x5B0, 0x62,
  0x61, 0x3099, 0x94D, 0xF84, 0x5B0, 0x62, 0x61, 0xF84, 0x5B0, 0x94D, 0x3099, 0x62,
  0x61, 0x3099, 0xF84, 0x94D, 0x5B0, 0x62, 0x61, 0x3099, 0xF84, 0x94D, 0x5B0, 0x62,
  0x61, 0x315, 0x300, 0x5AE, 0xF86, 0x62, 0xE0, 0x5AE, 0xF86, 0x315, 0x62, 0xE0,
  0x5AE, 0xF86, 0x315, 0x62, 0x61, 0x5AE, 0x300, 0xF86, 0x315, 0x62, 0xE0, 0x5AE,
  0xF86, 0x315, 0x62, 0x61, 0xF86, 0x315, 0x300, 0x5AE, 0x62, 0x61, 0x5AE, 0xF86,
  0x300, 0x315, 0x62, 0x61, 0x5AE, 0xF86, 0x300, 0x315, 0x62, 0x61, 0x315, 0x300,
  0x5AE, 0xF87, 0x62, 0xE0, 0x5AE, 0xF87, 0x315, 0x62, 0xE0, 0x5AE, 0xF87, 0x315,
  0x62, 0x61, 0x5AE, 0x300, 0xF87, 0x315, 0x62, 0xE0, 0x5AE, 0xF87, 0x315, 0x62,
  0x61, 0xF87, 0x315, 0x300, 0x5AE, 0x62, 0x61, 0x5AE, 0xF87, 0x300, 0x315, 0x62,
  0x61, 0x5AE, 0xF87, 0x300, 0x315, 0x62, 0x61, 0x59A, 0x316, 0x1DFA, 0xFC6, 0x62,
  0x61, 0x1DFA, 0x316, 0xFC6, 0x59A, 0x62, 0x61, 0x1DFA, 0x316, 0xFC6, 0x59A, 0x62,
  0x61, 0xFC6, 0x59A, 0x316, 0x1DFA, 0x62, 0x61, 0x1DFA, 0xFC6, 0x316, 0x59A, 0x62,
  0x61, 0x1DFA, 0xFC6, 0x316, 0x59A, 0x62, 0x61, 0x3099, 0x93C, 0x16FF0, 0x1037, 0x62,
  0x61, 0x16FF0, 0x93C, 0x1037, 0x3099, 0x62, 0x61, 0x16FF0, 0x93C, 0x1037, 0x3099, 0x62,
  0x61, 0x1037, 0x3099, 0x93C, 0x16FF0, 0x62, 0x61, 0x16FF0, 0x1037, 0x93C, 0x3099, 0x62,
  0x61, 0x16FF0, 0x1037, 0x93C, 0x3099, 0x62, 0x61, 0x5B0, 0x94D, 0x3099, 0x1039, 0x62,
  0x61, 0x3099, 0x94D, 0x1039, 0x5B0, 0x62, 0x61, 0x3099, 0x94D, 0x1039, 0x5B0, 0x62,
  0x61, 0x1039, 0x5B0, 0x94D, 0x3099, 0x62, 0x61, 0x3099, 0x1039, 0x94D, 0x5B0, 0x62,
  0x61, 0x3099, 0x1039, 0x94D, 0x5B0, 0x62, 0x61, 0x5B0, 0x94D, 0x3099, 0x103A, 0x62,
  0x61, 0x3099, 0x94D, 0x103A, 0x5B0, 0x62, 0x61, 0x3099, 0x94D, 0x103A, 0x5B0, 0x62,
  0x61, 0x103A, 0x5B0, 0x94D, 0x3099, 0x62, 0x61, 0x3099, 0x103A, 0x94D, 0x5B0, 0x62,
  0x61, 0x3099, 0x103A, 0x94D, 0x5B0, 0x62, 0x61, 0x59A, 0x316, 0x1DFA, 0x108D, 0x62,
  0x61, 0x1DFA, 0x316, 0x108D, 0x59A, 0x62, 0x61, 0x1DFA, 0x316, 0x108D, 0x59A, 0x62,
  0x61, 0x108D, 0x59A, 0x316, 0x1DFA, 0x62, 0x61, 0x1DFA, 0x108D, 0x316, 0x59A, 0x62,
  0x61, 0x1DFA, 0x108D, 0x316, 0x59A, 0x62, 0x61, 0x315, 0x300, 0x5AE, 0x135D, 0x62,
  0xE0, 0x5AE, 0x135D, 0x315, 0x62, 0xE0, 0x5AE, 0x135D, 0x315, 0x62, 0x61, 0x5AE,
  0x300, 0x135D, 0x315, 0x62, 0xE0, 0x5AE, 0x135D, 0x315, 0x62, 0x61, 0x135D, 0x315,
  0x300, 0x5AE, 0x62, 0x61, 0x5AE, 0x135D, 0x300, 0x315, 0x62, 0x61, 0x5AE, 0x135D,
  0x300, 0x315, 0x62, 0x61, 0x315, 0x300, 0x5AE, 0x135E, 0x62, 0xE0, 0x5AE, 0x135E,
  0x315, 0x62, 0xE0, 0x5AE, 0x135E, 0x315, 0x62, 0x61, 0x5AE, 0x300, 0x135E, 0x315,
  0x62, 0xE0, 0x5AE, 0x135E, 0x315, 0x62, 0x61, 0x135E, 0x315, 0x300, 0x5AE, 0x62,
  0x61, 0x5AE, 0x135E, 0x300, 0x315, 0x62, 0x61, 0x5AE, 0x135E, 0x300, 0x315, 0x62,
  0x61, 0x315, 0x300, 0x5AE, 0x135F, 0x62, 0xE0, 0x5AE, 0x135F, 0x315, 0x62, 0xE0,
  0x5AE, 0x135F, 0x315, 0x62, 0x61, 0x5AE, 0x300, 0x135F, 0x315, 0x62, 0xE0, 0x5AE,
  0x135F, 0x315, 0x62, 0x61, 0x135F, 0x315, 0x300, 0x5AE, 0x62, 0x61, 0x5AE, 0x135F,
  0x300, 0x315, 0x62, 0x61, 0x5AE, 0x135F, 0x300, 0x315, 0x62, 0x61, 0x5B0, 0x94D,
  0x3099, 0x1714, 0x62, 0x61, 0x3099, 0x94D, 0x1714, 0x5B0, 0x62, 0x61, 0x3099, 0x94D,
  0x1714, 0x5B0, 0x62, 0x61, 0x1714, 0x5B0, 0x94D, 0x3099, 0x62, 0x61, 0x3099, 0x1714,
  0x94D, 0x5B0, 0x62, 0x61, 0x3099, 0x1714, 0x94D, 0x5B0, 0x62, 0x61, 0x5B0, 0x94D,
  0x3099, 0x1715, 0x62, 0x61, 0x3099, 0x94D, 0x1715, 0x5B0, 0x62, 0x61, 0x3099, 0x94D,
  0x1715, 0x5B0, 0x62, 0x61, 0x1715, 0x5B0, 0x94D, 0x3099, 0x62, 0x61, 0x3099, 0x1715,
  0x94D, 0x5B0, 0x62, 0x61, 0x3099, 0x1715, 0x94D, 0x5B0, 0x62, 0x61, 0x5B0, 0x94D,
  0x3099, 0x1734, 0x62, 0x61, 0x3099, 0x94D, 0x1734, 0x5B0, 0x62, 0x61, 0x3099, 0x94D,
  0x1734, 0x5B0, 0x62, 0x61, 0x1734, 0x5B0, 0x94D, 0x3099, 0x62, 0x61, 0x3099, 0x1734,
  0x94D, 0x5B0, 0x62, 0x61, 0x3099, 0x1734, 0x94D, 0x5B0, 0x62, 0x61, 0x5B0, 0x94D,
  0x3099, 0x17D2, 0x62, 0x61, 0x3099, 0x94D, 0x17D2, 0x5B0, 0x62, 0x61, 0x3099, 0x94D,
  0x17D2, 0x5B0, 0x62, 0x61, 0x17D2, 0x5B0, 0x94D, 0x3099, 0x62, 0x61, 0x3099, 0x17D2,
  0x94D, 0x5B0, 0x62, 0x61, 0x3099, 0x17D2, 0x94D, 0x5B0, 0x62, 0x61, 0x315, 0x300,
  0x5AE, 0x17DD, 0x62, 0xE0, 0x5AE, 0x17DD, 0x315, 0x62, 0xE0, 0x5AE, 0x17DD, 0x315,
  0x62, 0x61, 0x5AE, 0x300, 0x17DD, 0x315, 0x62, 0xE0, 0x5AE, 0x17DD, 0x315, 0x62,
  0x61, 0x17DD, 0x315, 0x300, 0x5AE, 0x62, 0x61, 0x5AE, 0x17DD, 0x300, 0x315, 0x62,
  0x61, 0x5AE, 0x17DD, 0x300, 0x315, 0x62, 0x61, 0x300, 0x5AE, 0x1D16D, 0x18A9, 0x62,
  0xE0, 0x1D16D, 0x5AE, 0x18A9, 0x62, 0xE0, 0x1D16D, 0x5AE, 0x18A9, 0x62, 0x61, 0x1D16D,
  0x5AE, 0x18A9, 0x300, 0x62, 0xE0, 0x1D16D, 0x5AE, 0x18A9, 0x62, 0x61, 0x18A9, 0x300,
  0x5AE, 0x1D16D, 0x62, 0xE0, 0x1D16D, 0x18A9, 0x5AE, 0x62, 0xE0, 0x1D16D, 0x18A9, 0x5AE,
  0x62, 0x61, 0x1D16D, 0x18A9, 0x5AE, 0x300, 0x62, 0xE0, 0x1D16D, 0x18A9, 0x5AE, 0x62,
  0x61, 0x302E, 0x59A, 0x316, 0x1939, 0x62, 0x61, 0x316, 0x59A, 0x1939, 0x302E, 0x62,
  0x61, 0x316, 0x59A, 0x1939, 0x302E, 0x62, 0x61, 0x1939, 0x302E, 0x59A, 0x316, 0x62,
  0x61, 0x316, 0x1939, 0x59A, 0x302E, 0x62, 0x61, 0x316, 0x1939, 0x59A, 0x302E, 0x62,
  0x61, 0x315, 0x300, 0x5AE, 0x193A, 0x62, 0xE0, 0x5AE, 0x193A, 0x315, 0x62, 0xE0,
  0x5AE, 0x193A, 0x315, 0x62, 0x61, 0x5AE, 0x300, 0x193A, 0x315, 0x62, 0xE0, 0x5AE,
  0x193A, 0x315, 0x62, 0x61, 0x193A, 0x315, 0x300, 0x5AE, 0x62, 0x61, 0x5AE, 0x193A,
  0x300, 0x315, 0x62, 0x61, 0x5AE, 0x193A, 0x300, 0x315, 0x62, 0x61, 0x59A, 0x316,
  0x1DFA, 0x193B, 0x62, 0x61, 0x1DFA, 0x316, 0x193B, 0x59A, 0x62, 0x61, 0x1DFA, 0x316,
  0x193B, 0x59A, 0x62, 0x61, 0x193B, 0x59A, 0x316, 0x1DFA, 0x62, 0x61, 0x1DFA, 0x193B,
  0x316, 0x59A, 0x62, 0x61, 0x1DFA, 0x193B, 0x316, 0x59A, 0x62, 0x61, 0x315, 0x300,
  0x5AE, 0x1A17, 0x62, 0xE0, 0x5AE, 0x1A17, 0x315, 0x62, 0xE0, 0x5AE, 0x1A17, 0x315,
  0x62, 0x61, 0x5AE, 0x300, 0x1A17, 0x315, 0x62, 0xE0, 0x5AE, 0x1A17, 0x315, 0x62,
  0x61, 0x1A17, 0x315, 0x300, 0x5AE, 0x62, 0x61, 0x5AE, 0x1A17, 0x300, 0x315, 0x62,
  0x61, 0x5AE, 0x1A17, 0x300, 0x315, 0x62, 0x61, 0x59A, 0x316, 0x1DFA, 0x1A18, 0x62,
  0x61, 0x1DFA, 0x316, 0x1A18, 0x59A, 0x62, 0x61, 0x1DFA, 0x316, 0x1A18, 0x59A, 0x62,
  0x61, 0x1A18, 0x59A, 0x316, 0x1DFA, 0x62, 0x61, 0x1DFA, 0x1A18, 0x316, 0x59A, 0x62,
  0x61, 0x1DFA, 0x1A18, 0x316, 0x59A, 0x62, 0x61, 0x5B0, 0x94D, 0x3099, 0x1A60, 0x62,
  0x61, 0x3099, 0x94D, 0x1A60, 0x5B0, 0x62, 0x61, 0x3099, 0x94D, 0x1A60, 0x5B0, 0x62,
  0x61, 0x1A60, 0x5B0, 0x94D, 0x3099, 0x62, 0x61, 0x3099, 0x1A60, 0x94D, 0x5B0, 0x62,
  0x61, 0x3099, 0x1A60, 0x94D, 0x5B0, 0x62, 0x61, 0x315, 0x300, 0x5AE, 0x1A75, 0x62,
  0xE0, 0x5AE, 0x1A75, 0x315, 0x62, 0xE0, 0x5AE, 0x1A75, 0x315, 0x62, 0x61, 0x5AE,
  0x300, 0x1A75, 0x315, 0x62, 0xE0, 0x5AE, 0x1A75, 0x315, 0x62, 0x61, 0x1A75, 0x315,
  0x300, 0x5AE, 0x62, 0x61, 0x5AE, 0x1A75, 0x300, 0x315, 0x62, 0x61, 0x5AE, 0x1A75,
  0x300, 0x315, 0x62, 0x61, 0x315, 0x300, 0x5AE, 0x1A76, 0x62, 0xE0, 0x5AE, 0x1A76,
  0x315, 0x62, 0xE0, 0x5AE, 0x1A76, 0x315, 0x62, 0x61, 0x5AE, 0x300, 0x1A76, 0x315,
  0x62, 0xE0, 0x5AE, 0x1A76, 0x315, 0x62, 0x61, 0x1A76, 0x315, 0x300, 0x5AE, 0x62,
  0x61, 0x5AE, 0x1A76, 0x300, 0x315, 0x62, 0x61, 0x5AE, 0x1A76, 0x300, 0x315, 0x62,
  0x61, 0x315, 0x300, 0x5AE, 0x1A77, 0x62, 0xE0, 0x5AE, 0x1A77, 0x315, 0x62, 0xE0,
  0x5AE, 0x1A77, 0x315, 0x62, 0x61, 0x5AE, 0x300, 0x1A77, 0x315, 0x62, 0xE0, 0x5AE,
  0x1A77, 0x315, 0x62, 0x61, 0x1A77, 0x315, 0x300, 0x5AE, 0x62, 0x61, 0x5AE, 0x1A77,
  0x300, 0x315, 0x62, 0x61, 0x5AE, 0x1A77, 0x300, 0x315, 0x62, 0x61, 0x315, 0x300,
  0x5AE, 0x1A78, 0x62, 0xE0, 0x5AE, 0x1A78, 0x315, 0x62, 0xE0, 0x5AE, 0x1A78, 0x315,
  0x62, 0x61, 0x5AE, 0x300, 0x1A78, 0x315, 0x62, 0xE0, 0x5AE, 0x1A78, 0x315, 0x62,
  0x61, 0x1A78, 0x315, 0x300, 0x5AE, 0x62, 0x61, 0x5AE, 0x1A78, 0x300, 0x315, 0x62,
  0x61, 0x5AE, 0x1A78, 0x300, 0x315, 0x62, 0x61, 0x315, 0x300, 0x5AE, 0x1A79, 0x62,
  0xE0, 0x5AE, 0x1A79, 0x315, 0x62, 0xE0, 0x5AE, 0x1A79, 0x315, 0x62, 0x61, 0x5AE,
  0x300, 0x1A79, 0x315, 0x62, 0xE0, 0x5AE, 0x1A79, 0x315, 0x62, 0x61, 0x1A79, 0x315,
  0x300, 0x5AE, 0x62, 0x61, 0x5AE, 0x1A79, 0x300, 0x315, 0x62, 0x61, 0x5AE, 0x1A79,
  0x300, 0x315, 0x62, 0x61, 0x315, 0x300, 0x5AE, 0x1A7A, 0x62, 0xE0, 0x5AE, 0x1A7A,
  0x315, 0x62, 0xE0, 0x5AE, 0x1A7A, 0x315, 0x62, 0x61, 0x5AE, 0x300, 0x1A7A, 0x315,
  0x62, 0xE0, 0x5AE, 0x1A7A, 0x315, 0x62, 0x61, 0x1A7A, 0x315, 0x300, 0x5AE, 0x62,
  0x61, 0x5AE, 0x1A7A, 0x300, 0x315, 0x62, 0x61, 0x5AE, 0x1A7A, 0x300, 0x315, 0x62,
  0x61, 0x315, 0x300, 0x5AE, 0x1A7B, 0x62, 0xE0, 0x5AE, 0x1A7B, 0x315, 0x62, 0xE0,
  0x5AE, 0x1A7B, 0x315, 0x62, 0x61, 0x5AE, 0x300, 0x1A7B, 0x315, 0x62, 0xE0, 0x5AE,
  0x1A7B, 0x315, 0x62, 0x61, 0x1A7B, 0x315, 0x300, 0x5AE, 0x62, 0x61, 0x5AE, 0x1A7B,
  0x300, 0x315, 0x62, 0x61, 0x5AE, 0x1A7B, 0x300, 0x315, 0x62, 0x61, 0x315, 0x300,
  0x5AE, 0x1A7C, 0x62, 0xE0, 0x5AE, 0x1A7C, 0x315, 0x62, 0xE0, 0x5AE, 0x1A7C, 0x315,
  0x62, 0x61, 0x5AE, 0x300, 0x1A7C, 0x315, 0x62, 0xE0, 0x5AE, 0x1A7C, 0x315, 0x62,
  0x61, 0x1A7C, 0x315, 0x300, 0x5AE, 0x62, 0x61, 0x5AE, 0x1A7C, 0x300, 0x315, 0x62,
  0x61, 0x5AE, 0x1A7C, 0x300, 0x315, 0x62, 0x61, 0x59A, 0x316, 0x1DFA, 0x1A7F, 0x62,
  0x61, 0x1DFA, 0x316, 0x1A7F, 0x59A, 0x62, 0x61, 0x1DFA, 0x316, 0x1A7F, 0x59A, 0x62,
  0x61, 0x1A7F, 0x59A, 0x316, 0x1DFA, 0x62, 0x61, 0x1DFA, 0x1A7F, 0x316, 0x59A, 0x62,
  0x61, 0x1DFA, 0x1A7F, 0x316, 0x59A, 0x62, 0x61, 0x315, 0x300, 0x5AE, 0x1AB0, 0x62,
  0xE0, 0x5AE, 0x1AB0, 0x315, 0x62, 0xE0, 0x5AE, 0x1AB0, 0x315, 0x62, 0x61, 0x5AE,
  0x300, 0x1AB0, 0x315, 0x62, 0xE0, 0x5AE, 0x1AB0, 0x315, 0x62, 0x61, 0x1AB0, 0x315,
  0x300, 0x5AE, 0x62, 0x61, 0x5AE, 0x1AB0, 0x300, 0x315, 0x62, 0x61, 0x5AE, 0x1AB0,
  0x300, 0x315, 0x62, 0x61, 0x315, 0x300, 0x5AE, 0x1AB1, 0x62, 0xE0, 0x5AE, 0x1AB1,
  0x315, 0x62, 0xE0, 0x5AE, 0x1AB1, 0x315, 0x62, 0x61, 0x5AE, 0x300, 0x1AB1, 0x315,
  0x62, 0xE0, 0x5AE, 0x1AB1, 0x315, 0x62, 0x61, 0x1AB1, 0x315, 0x300, 0x5AE, 0x62,
  0x61, 0x5AE, 0x1AB1, 0x300, 0x315, 0x62, 0x61, 0x5AE, 0x1AB1, 0x300, 0x315, 0x62,
  0x61, 0x315, 0x300, 0x5AE, 0x1AB2, 0x62, 0xE0, 0x5AE, 0x1AB2, 0x315, 0x62, 0xE0,
  0x5AE, 0x1AB2, 0x315, 0x62, 0x61, 0x5AE, 0x300, 0x1AB2, 0x315, 0x62, 0xE0, 0x5AE,
  0x1AB2, 0x315, 0x62, 0x61, 0x1AB2, 0x315, 0x300, 0x5AE, 0x62, 0x61, 0x5AE, 0x1AB2,
  0x300, 0x315, 0x62, 0x61, 0x5AE, 0x1AB2, 0x300, 0x315, 0x62, 0x61, 0x315, 0x300,
  0x5AE, 0x1AB3, 0x62, 0xE0, 0x5AE, 0x1AB3, 0x315, 0x62, 0xE0, 0x5AE, 0x1AB3, 0x315,
  0x62, 0x61, 0x5AE, 0x300, 0x1AB3, 0x315, 0x62, 0xE0, 0x5AE, 0x1AB3, 0x315, 0x62,
  0x61, 0x1AB3, 0x315, 0x300, 0x5AE, 0x62, 0x61, 0x5AE, 0x1AB3, 0x300, 0x315, 0x62,
  0x61, 0x5AE, 0x1AB3, 0x300, 0x315, 0x62, 0x61, 0x315, 0x300, 0x5AE, 0x1AB4, 0x62,
  0xE0, 0x5AE, 0x1AB4, 0x315, 0x62, 0xE0, 0x5AE, 0x1AB4, 0x315, 0x62, 0x61, 0x5AE,
  0x300, 0x1AB4, 0x315, 0x62, 0xE0, 0x5AE, 0x1AB4, 0x315, 0x62, 0x61, 0x1AB4, 0x315,
  0x300, 0x5AE, 0x62, 0x61, 0x5AE, 0x1AB4, 0x300, 0x315, 0x62, 0x61, 0x5AE, 0x1AB4,
  0x300, 0x315, 0x62, 0x61, 0x59A, 0x316, 0x1DFA, 0x1AB5, 0x62, 0x61, 0x1DFA, 0x316,
  0x1AB5, 0x59A, 0x62, 0x61, 0x1DFA, 0x316, 0x1AB5, 0x59A, 0x62, 0x61, 0x1AB5, 0x59A,
  0x316, 0x1DFA, 0x62, 0x61, 0x1DFA, 0x1AB5, 0x316, 0x59A, 0x62, 0x61, 0x1DFA, 0x1AB5,
  0x316, 0x59A, 0x62, 0x61, 0x59A, 0x316, 0x1DFA, 0x1AB6, 0x62, 0x61, 0x1DFA, 0x316,
  0x1AB6, 0x59A, 0x62, 0x61, 0x1DFA, 0x316, 0x1AB6, 0x59A, 0x62, 0x61, 0x1AB6, 0x59A,
  0x316, 0x1DFA, 0x62, 0x61, 0x1DFA, 0x1AB6, 0x316, 0x59A, 0x62, 0x61, 0x1DFA, 0x1AB6,
  0x316, 0x59A, 0x62, 0x61, 0x59A, 0x316, 0x1DFA, 0x1AB7, 0x62, 0x61, 0x1DFA, 0x316,
  0x1AB7, 0x59A, 0x62, 0x61, 0x1DFA, 0x316, 0x1AB7, 0x59A, 0x62, 0x61, 0x1AB7, 0x59A,
  0x316, 0x1DFA, 0x62, 0x61, 0x1DFA, 0x1AB7, 0x316, 0x59A, 0x62, 0x61, 0x1DFA, 0x1AB7,
  0x316, 0x59A, 0x62, 0x61, 0x59A, 0x316, 0x1DFA, 0x1AB8, 0x62, 0x61, 0x1DFA, 0x316,
  0x1AB8, 0x59A, 0x62, 0x61, 0x1DFA, 0x316, 0x1AB8, 0x59A, 0x62, 0x61, 0x1AB8, 0x59A,
  0x316, 0x1DFA, 0x62, 0x61, 0x1DFA, 0x1AB8, 0x316, 0x59A, 0x62, 0x61, 0x1DFA, 0x1AB8,
  0x316, 0x59A, 0x62, 0x61, 0x59A, 0x316, 0x1DFA, 0x1AB9, 0x62, 0x61, 0x1DFA, 0x316,
  0x1AB9, 0x59A, 0x62, 0x61, 0x1DFA, 0x316, 0x1AB9, 0x59A, 0x62, 0x61, 0x1AB9, 0x59A,
  0x316, 0x1DFA, 0x62, 0x61, 0x1DFA, 0x1AB9, 0x316, 0x59A, 0x62, 0x61, 0x1DFA, 0x1AB9,
  0x316, 0x59A, 0x62, 0x61, 0x59A, 0x316, 0x1DFA, 0x1ABA, 0x62, 0x61, 0x1DFA, 0x316,
  0x1ABA, 0x59A, 0x62, 0x61, 0x1DFA, 0x316, 0x1ABA, 0x59A, 0x62, 0x61, 0x1ABA, 0x59A,
  0x316, 0x1DFA, 0x62, 0x61, 0x1DFA, 0x1ABA, 0x316, 0x59A, 0x62, 0x61, 0x1DFA, 0x1ABA,
  0x316, 0x59A, 0x62, 0x61, 0x315, 0x300, 0x5AE, 0x1ABB, 0x62, 0xE0, 0x5AE, 0x1ABB,
  0x315, 0x62, 0xE0, 0x5AE, 0x1ABB, 0x315, 0x62, 0x61, 0x5AE, 0x300, 0x1ABB, 0x315,
  0x62, 0xE0, 0x5AE, 0x1ABB, 0x315, 0x62, 0x61, 0x1ABB, 0x315, 0x300, 0x5AE, 0x62,
  0x61, 0x5AE, 0x1ABB, 0x300, 0x315, 0x62, 0x61, 0x5AE, 0x1ABB, 0x300, 0x315, 0x62,
  0x61, 0x315, 0x300, 0x5AE, 0x1ABC, 0x62, 0xE0, 0x5AE, 0x1ABC, 0x315, 0x62, 0xE0,
  0x5AE, 0x1ABC, 0x315, 0x62, 0x61, 0x5AE, 0x300, 0x1ABC, 0x315, 0x62, 0xE0, 0x5AE,
  0x1ABC, 0x315, 0x62, 0x61, 0x1ABC, 0x315, 0x300, 0x5AE, 0x62, 0x61, 0x5AE, 0x1ABC,
  0x300, 0x315, 0x62, 0x61, 0x5AE, 0x1ABC, 0x300, 0x315, 0x62, 0x61, 0x59A, 0x316,
  0x1DFA, 0x1ABD, 0x62, 0x61, 0x1DFA, 0x316, 0x1ABD, 0x59A, 0x62, 0x61, 0x1DFA, 0x316,
  0x1ABD, 0x59A, 0x62, 0x61, 0x1ABD, 0x59A, 0x316, 0x1DFA, 0x62, 0x61, 0x1DFA, 0x1ABD,
  0x316, 0x59A, 0x62, 0x61, 0x1DFA, 0x1ABD, 0x316, 0x59A, 0x62, 0x61, 0x59A, 0x316,
  0x1DFA, 0x1ABF, 0x62, 0x61, 0x1DFA, 0x316, 0x1ABF, 0x59A, 0x62, 0x61, 0x1DFA, 0x316,
  0x1ABF, 0x59A, 0x62, 0x61, 0x1ABF, 0x59A, 0x316, 0x1DFA, 0x62, 0x61, 0x1DFA, 0x1ABF,
  0x316, 0x59A, 0x62, 0x61, 0x1DFA, 0x1ABF, 0x316, 0x59A, 0x62, 0x61, 0x59A, 0x316,
  0x1DFA, 0x1AC0, 0x62, 0x61, 0x1DFA, 0x316, 0x1AC0, 0x59A, 0x62, 0x61, 0x1DFA, 0x316,
  0x1AC0, 0x59A, 0x62, 0x61, 0x1AC0, 0x59A, 0x316, 0x1DFA, 0x62, 0x61, 0x1DFA, 0x1AC0,
  0x316, 0x59A, 0x62, 0x61, 0x1DFA, 0x1AC0, 0x316, 0x59A, 0x62, 0x61, 0x315, 0x300,
  0x5AE, 0x1AC1, 0x62, 0xE0, 0x5AE, 0x1AC1, 0x315, 0x62, 0xE0, 0x5AE, 0x1AC1, 0x315,
  0x62, 0x61, 0x5AE, 0x300, 0x1AC1, 0x315, 0x62, 0xE0, 0x5AE, 0x1AC1, 0x315, 0x62,
  0x61, 0x1AC1, 0x315, 0x300, 0x5AE, 0x62, 0x61, 0x5AE, 0x1AC1, 0x300, 0x315, 0x62,
  0x61, 0x5AE, 0x1AC1, 0x300, 0x315, 0x62, 0x61, 0x315, 0x300, 0x5AE, 0x1AC2, 0x62,
  0xE0, 0x5AE, 0x1AC2, 0x315, 0x62, 0xE0, 0x5AE, 0x1AC2, 0x315, 0x62, 0x61, 0x5AE,
  0x300, 0x1AC2, 0x315, 0x62, 0xE0, 0x5AE, 0x1AC2, 0x315, 0x62, 0x61, 0x1AC2, 0x315,
  0x300, 0x5AE, 0x62, 0x61, 0x5AE, 0x1AC2, 0x300, 0x315, 0x62, 0x61, 0x5AE, 0x1AC2,
  0x300, 0x315, 0x62, 0x61, 0x59A, 0x316, 0x1DFA, 0x1AC3, 0x62, 0x61, 0x1DFA, 0x316,
  0x1AC3, 0x59A, 0x62, 0x61, 0x1DFA, 0x316, 0x1AC3, 0x59A, 0x62, 0x61, 0x1AC3, 0x59A,
  0x316, 0x1DFA, 0x62, 0x61, 0x1DFA, 0x1AC3, 0x316, 0x59A, 0x62, 0x61, 0x1DFA, 0x1AC3,
  0x316, 0x59A, 0x62, 0x61, 0x59A, 0x316, 0x1DFA, 0x1AC4, 0x62, 0x61, 0x1DFA, 0x316,
  0x1AC4, 0x59A, 0x62, 0x61, 0x1DFA, 0x316, 0x1AC4, 0x59A, 0x62, 0x61, 0x1AC4, 0x59A,
  0x316, 0x1DFA, 0x62, 0x61, 0x1DFA, 0x1AC4, 0x316, 0x59A, 0x62, 0x61, 0x1DFA, 0x1AC4,
  0x316, 0x59A, 0x62, 0x61, 0x315, 0x300, 0x5AE, 0x1AC5, 0x62, 0xE0, 0x5AE, 0x1AC5,
  0x315, 0x62, 0xE0, 0x5AE, 0x1AC5, 0x315, 0x62, 0x61, 0x5AE, 0x300, 0x1AC5, 0x315,
  0x62, 0xE0, 0x5AE, 0x1AC5, 0x315, 0x62, 0x61, 0x1AC5, 0x315, 0x300, 0x5AE, 0x62,
  0x61, 0x5AE, 0x1AC5, 0x300, 0x315, 0x62, 0x61, 0x5AE, 0x1AC5, 0x300, 0x315, 0x62,
  0x61, 0x315, 0x300, 0x5AE, 0x1AC6, 0x62, 0xE0, 0x5AE, 0x1AC6, 0x315, 0x62, 0xE0,
  0x5AE, 0x1AC6, 0x315, 0x62, 0x61, 0x5AE, 0x300, 0x1AC6, 0x315, 0x62, 0xE0, 0x5AE,
  0x1AC6, 0x315, 0x62, 0x61, 0x1AC6, 0x315, 0x300, 0x5AE, 0x62, 0x61, 0x5AE, 0x1AC6,
  0x300, 0x315, 0x62, 0x61, 0x5AE, 0x1AC6, 0x300, 0x315, 0x62, 0x61, 0x315, 0x300,
  0x5AE, 0x1AC7, 0x62, 0xE0, 0x5AE, 0x1AC7, 0x315, 0x62, 0xE0, 0x5AE, 0x1AC7, 0x315,
  0x62, 0x61, 0x5AE, 0x300, 0x1AC7, 0x315, 0x62, 0xE0, 0x5AE, 0x1AC7, 0x315, 0x62,
  0x61, 0x1AC7, 0x315, 0x300, 0x5AE, 0x62, 0x61, 0x5AE, 0x1AC7, 0x300, 0x315, 0x62,
  0x61, 0x5AE, 0x1AC7, 0x300, 0x315, 0x62, 0x61, 0x315, 0x300, 0x5AE, 0x1AC8, 0x62,
  0xE0, 0x5AE, 0x1AC8, 0x315, 0x62, 0xE0, 0x5AE, 0x1AC8, 0x315, 0x62, 0x61, 0x5AE,
  0x300, 0x1AC8, 0x315, 0x62, 0xE0, 0x5AE, 0x1AC8, 0x315, 0x62, 0x61, 0x1AC8, 0x315,
  0x300, 0x5AE, 0x62, 0x61, 0x5AE, 0x1AC8, 0x300, 0x315, 0x62, 0x61, 0x5AE, 0x1AC8,
  0x300, 0x315, 0x62, 0x61, 0x315, 0x300, 0x5AE, 0x1AC9, 0x62, 0xE0, 0x5AE, 0x1AC9,
  0x315, 0x62, 0xE0, 0x5AE, 0x1AC9, 0x315, 0x62, 0x61, 0x5AE, 0x300, 0x1AC9, 0x315,
  0x62, 0xE0, 0x5AE, 0x1AC9, 0x315, 0x62, 0x61, 0x1AC9, 0x315, 0x300, 0x5AE, 0x62,
  0x61, 0x5AE, 0x1AC9, 0x300, 0x315, 0x62, 0x61, 0x5AE, 0x1AC9, 0x300, 0x315, 0x62,
  0x61, 0x59A, 0x316, 0x1DFA, 0x1ACA, 0x62, 0x61, 0x1DFA, 0x316, 0x1ACA, 0x59A, 0x62,
  0x61, 0x1DFA, 0x316, 0x1ACA, 0x59A, 0x62, 0x61, 0x1ACA, 0x59A, 0x316, 0x1DFA, 0x62,
  0x61, 0x1DFA, 0x1ACA, 0x316, 0x59A, 0x62, 0x61, 0x1DFA, 0x1ACA, 0x316, 0x59A, 0x62,
  0x61, 0x315, 0x300, 0x5AE, 0x1ACB, 0x62, 0xE0, 0x5AE, 0x1ACB, 0x315, 0x62, 0xE0,
  0x5AE, 0x1ACB, 0x315, 0x62, 0x61, 0x5AE, 0x300, 0x1ACB, 0x315, 0x62, 0xE0, 0x5AE,
  0x1ACB, 0x315, 0x62, 0x61, 0x1ACB, 0x315, 0x300, 0x5AE, 0x62, 0x61, 0x5AE, 0x1ACB,
  0x300, 0x315, 0x62, 0x61, 0x5AE, 0x1ACB, 0x300, 0x315, 0x62, 0x61, 0x315, 0x300,
  0x5AE, 0x1ACC, 0x62, 0xE0, 0x5AE, 0x1ACC, 0x315, 0x62, 0xE0, 0x5AE, 0x1ACC, 0x315,
  0x62, 0x61, 0x5AE, 0x300, 0x1ACC, 0x315, 0x62, 0xE0, 0x5AE, 0x1ACC, 0x315, 0x62,
  0x61, 0x1ACC, 0x315, 0x300, 0x5AE, 0x62, 0x61, 0x5AE, 0x1ACC, 0x300, 0x315, 0x62,
  0x61, 0x5AE, 0x1ACC, 0x300, 0x315, 0x62, 0x61, 0x315, 0x300, 0x5AE, 0x1ACD, 0x62,
  0xE0, 0x5AE, 0x1ACD, 0x315, 0x62, 0xE0, 0x5AE, 0x1ACD, 0x315, 0x62, 0x61, 0x5AE,
  0x300, 0x1ACD, 0x315, 0x62, 0xE0, 0x5AE, 0x1ACD, 0x315, 0x62, 0x61, 0x1ACD, 0x315,
  0x300, 0x5AE, 0x62, 0x61, 0x5AE, 0x1ACD, 0x300, 0x315, 0x62, 0x61, 0x5AE, 0x1ACD,
  0x300, 0x315, 0x62, 0x61, 0x315, 0x300, 0x5AE, 0x1ACE, 0x62, 0xE0, 0x5AE, 0x1ACE,
  0x315, 0x62, 0xE0, 0x5AE, 0x1ACE, 0x315, 0x62, 0x61, 0x5AE, 0x300, 0x1ACE, 0x315,
  0x62, 0xE0, 0x5AE, 0x1ACE, 0x315, 0x62, 0x61, 0x1ACE, 0x315, 0x300, 0x5AE, 0x62,
  0x61, 0x5AE, 0x1ACE, 0x300, 0x315, 0x62, 0x61, 0x5AE, 0x1ACE, 0x300, 0x315, 0x62,
  0x61, 0x3099, 0x93C, 0x16FF0, 0x1B34, 0x62, 0x61, 0x16FF0, 0x93C, 0x1B34, 0x3099, 0x62,
  0x61, 0x16FF0, 0x93C, 0x1B34, 0x3099, 0x62, 0x61, 0x1B34, 0x3099, 0x93C, 0x16FF0, 0x62,
  0x61, 0x16FF0, 0x1B34, 0x93C, 0x3099, 0x62, 0x61, 0x16FF0, 0x1B34, 0x93C, 0x3099, 0x62,
  0x61, 0x5B0, 0x94D, 0x3099, 0x1B44, 0x62, 0x61, 0x3099, 0x94D, 0x1B44, 0x5B0, 0x62,
  0x61, 0x3099, 0x94D, 0x1B44, 0x5B0, 0x62, 0x61, 0x1B44, 0x5B0, 0x94D, 0x3099, 0x62,
  0x61, 0x3099, 0x1B44, 0x94D, 0x5B0, 0x62, 0x61, 0x3099, 0x1B44, 0x94D, 0x5B0, 0x62,
  0x61, 0x315, 0x300, 0x5AE, 0x1B6B, 0x62, 0xE0, 0x5AE, 0x1B6B, 0x315, 0x62, 0xE0,
  0x5AE, 0x1B6B, 0x315, 0x62, 0x61, 0x5AE, 0x300, 0x1B6B, 0x315, 0x62, 0xE0, 0x5AE,
  0x1B6B, 0x315, 0x62, 0x61, 0x1B6B, 0x315, 0x300, 0x5AE, 0x62, 0x61, 0x5AE, 0x1B6B,
  0x300, 0x315, 0x62, 0x61, 0x5AE, 0x1B6B, 0x300, 0x315, 0x62, 0x61, 0x59A, 0x316,
  0x1DFA, 0x1B6C, 0x62, 0x61, 0x1DFA, 0x316, 0x1B6C, 0x59A, 0x62, 0x61, 0x1DFA, 0x316,
  0x1B6C, 0x59A, 0x62, 0x61, 0x1B6C, 0x59A, 0x316, 0x1DFA, 0x62, 0x61, 0x1DFA, 0x1B6C,
  0x316, 0x59A, 0x62, 0x61, 0x1DFA, 0x1B6C, 0x316, 0x59A, 0x62, 0x61, 0x315, 0x300,
  0x5AE, 0x1B6D, 0x62, 0xE0, 0x5AE, 0x1B6D, 0x315, 0x62, 0xE0, 0x5AE, 0x1B6D, 0x315,
  0x62, 0x61, 0x5AE, 0x300, 0x1B6D, 0x315, 0x62, 0xE0, 0x5AE, 0x1B6D, 0x315, 0x62,
  0x61, 0x1B6D, 0x315, 0x300, 0x5AE, 0x62, 0x61, 0x5AE, 0x1B6D, 0x300, 0x315, 0x62,
  0x61, 0x5AE, 0x1B6D, 0x300, 0x315, 0x62, 0x61, 0x315, 0x300, 0x5AE, 0x1B6E, 0x62,
  0xE0, 0x5AE, 0x1B6E, 0x315, 0x62, 0xE0, 0x5AE, 0x1B6E, 0x315, 0x62, 0x61, 0x5AE,
  0x300, 0x1B6E, 0x315, 0x62, 0xE0, 0x5AE, 0x1B6E, 0x315, 0x62, 0x61, 0x1B6E, 0x315,
  0x300, 0x5AE, 0x62, 0x61, 0x5AE, 0x1B6E, 0x300, 0x315, 0x62, 0x61, 0x5AE, 0x1B6E,
  0x300, 0x315, 0x62, 0x61, 0x315, 0x300, 0x5AE, 0x1B6F, 0x62, 0xE0, 0x5AE, 0x1B6F,
  0x315, 0x62, 0xE0, 0x5AE, 0x1B6F, 0x315, 0x62, 0x61, 0x5AE, 0x300, 0x1B6F, 0x315,
  0x62, 0xE0, 0x5AE, 0x1B6F, 0x315, 0x62, 0x61, 0x1B6F, 0x315, 0x300, 0x5AE, 0x62,
  0x61, 0x5AE, 0x1B6F, 0x300, 0x315, 0x62, 0x61, 0x5AE, 0x1B6F, 0x300, 0x315, 0x62,
  0x61, 0x315, 0x300, 0x5AE, 0x1B70, 0x62, 0xE0, 0x5AE, 0x1B70, 0x315, 0x62, 0xE0,
  0x5AE, 0x1B70, 0x315, 0x62, 0x61, 0x5AE, 0x300, 0x1B70, 0x315, 0x62, 0xE0, 0x5AE,
  0x1B70, 0x315, 0x62, 0x61, 0x1B70, 0x315, 0x300, 0x5AE, 0x62, 0x61, 0x5AE, 0x1B70,
  0x300, 0x315, 0x62, 0x61, 0x5AE, 0x1B70, 0x300, 0x315, 0x62, 0x61, 0x315, 0x300,
  0x5AE, 0x1B71, 0x62, 0xE0, 0x5AE, 0x1B71, 0x315, 0x62, 0xE0, 0x5AE, 0x1B71, 0x315,
  0x62, 0x61, 0x5AE, 0x300, 0x1B71, 0x315, 0x62, 0xE0, 0x5AE, 0x1B71, 0x315, 0x62,
  0x61, 0x1B71, 0x315, 0x300, 0x5AE, 0x62, 0x61, 0x5AE, 0x1B71, 0x300, 0x315, 0x62,
  0x61, 0x5AE, 0x1B71, 0x300, 0x315, 0x62, 0x61, 0x315, 0x300, 0x5AE, 0x1B72, 0x62,
  0xE0, 0x5AE, 0x1B72, 0x315, 0x62, 0xE0, 0x5AE, 0x1B72, 0x315, 0x62, 0x61, 0x5AE,
  0x300, 0x1B72, 0x315, 0x62, 0xE0, 0x5AE, 0x1B72, 0x315, 0x62, 0x61, 0x1B72, 0x315,
  0x300, 0x5AE, 0x62, 0x61, 0x5AE, 0x1B72, 0x300, 0x315, 0x62, 0x61, 0x5AE, 0x1B72,
  0x300, 0x315, 0x62, 0x61, 0x315, 0x300, 0x5AE, 0x1B73, 0x62, 0xE0, 0x5AE, 0x1B73,
  0x315, 0x62, 0xE0, 0x5AE, 0x1B73, 0x315, 0x62, 0x61, 0x5AE, 0x300, 0x1B73, 0x315,
  0x62, 0xE0, 0x5AE, 0x1B73, 0x315, 0x62, 0x61, 0x1B73, 0x315, 0x300, 0x5AE, 0x62,
  0x61, 0x5AE, 0x1B73, 0x300, 0x315, 0x62, 0x61, 0x5AE, 0x1B73, 0x300, 0x315, 0x62,
  0x61, 0x5B0, 0x94D, 0x3099, 0x1BAA, 0x62, 0x61, 0x3099, 0x94D, 0x1BAA, 0x5B0, 0x62,
  0x61, 0x3099, 0x94D, 0x1BAA, 0x5B0, 0x62, 0x61, 0x1BAA, 0x5B0, 0x94D, 0x3099, 0x62,
  0x61, 0x3099, 0x1BAA, 0x94D, 0x5B0, 0x62, 0x61, 0x3099, 0x1BAA, 0x94D, 0x5B0, 0x62,
  0x61, 0x5B0, 0x94D, 0x3099, 0x1BAB, 0x62, 0x61, 0x3099, 0x94D, 0x1BAB, 0x5B0, 0x62,
  0x61, 0x3099, 0x94D, 0x1BAB, 0x5B0, 0x62, 0x61, 0x1BAB, 0x5B0, 0x94D, 0x3099, 0x62,
  0x61, 0x3099, 0x1BAB, 0x94D, 0x5B0, 0x62, 0x61, 0x3099, 0x1BAB, 0x94D, 0x5B0, 0x62,
  0x61, 0x3099, 0x93C, 0x16FF0, 0x1BE6, 0x62, 0x61, 0x16FF0, 0x93C, 0x1BE6, 0x3099, 0x62,
  0x61, 0x16FF0, 0x93C, 0x1BE6, 0x3099, 0x62, 0x61, 0x1BE6, 0x3099, 0x93C, 0x16FF0, 0x62,
  0x61, 0x16FF0, 0x1BE6, 0x93C, 0x3099, 0x62, 0x61, 0x16FF0, 0x1BE6, 0x93C, 0x3099, 0x62,
  0x61, 0x5B0, 0x94D, 0x3099, 0x1BF2, 0x62, 0x61, 0x3099, 0x94D, 0x1BF2, 0x5B0, 0x62,
  0x61, 0x3099, 0x94D, 0x1BF2, 0x5B0, 0x62, 0x61, 0x1BF2, 0x5B0, 0x94D, 0x3099, 0x62,
  0x61, 0x3099, 0x1BF2, 0x94D, 0x5B0, 0x62, 0x61, 0x3099, 0x1BF2, 0x94D, 0x5B0, 0x62,
  0x61, 0x5B0, 0x94D, 0x3099, 0x1BF3, 0x62, 0x61, 0x3099, 0x94D, 0x1BF3, 0x5B0, 0x62,
  0x61, 0x3099, 0x94D, 0x1BF3, 0x5B0, 0x62, 0x61, 0x1BF3, 0x5B0, 0x94D, 0x3099, 0x62,
  0x61, 0x3099, 0x1BF3, 0x94D, 0x5B0, 0x62, 0x61, 0x3099, 0x1BF3, 0x94D, 0x5B0, 0x62,
  0x61, 0x3099, 0x93C, 0x16FF0, 0x1C37, 0x62, 0x61, 0x16FF0, 0x93C, 0x1C37, 0x3099, 0x62,
  0x61, 0x16FF0, 0x93C, 0x1C37, 0x3099, 0x62, 0x61, 0x1C37, 0x3099, 0x93C, 0x16FF0, 0x62,
  0x61, 0x16FF0, 0x1C37, 0x93C, 0x3099, 0x62, 0x61, 0x16FF0, 0x1C37, 0x93C, 0x3099, 0x62,
  0x61, 0x315, 0x300, 0x5AE, 0x1CD0, 0x62, 0xE0, 0x5AE, 0x1CD0, 0x315, 0x62, 0xE0,
  0x5AE, 0x1CD0, 0x315, 0x62, 0x61, 0x5AE, 0x300, 0x1CD0, 0x315, 0x62, 0xE0, 0x5AE,
  0x1CD0, 0x315, 0x62, 0x61, 0x1CD0, 0x315, 0x300, 0x5AE, 0x62, 0x61, 0x5AE, 0x1CD0,
  0x300, 0x315, 0x62, 0x61, 0x5AE, 0x1CD0, 0x300, 0x315, 0x62, 0x61, 0x315, 0x300,
  0x5AE, 0x1CD1, 0x62, 0xE0, 0x5AE, 0x1CD1, 0x315, 0x62, 0xE0, 0x5AE, 0x1CD1, 0x315,
  0x62, 0x61, 0x5AE, 0x300, 0x1CD1, 0x315, 0x62, 0xE0, 0x5AE, 0x1CD1, 0x315, 0x62,
  0x61, 0x1CD1, 0x315, 0x300, 0x5AE, 0x62, 0x61, 0x5AE, 0x1CD1, 0x300, 0x315, 0x62,
  0x61, 0x5AE, 0x1CD1, 0x300, 0x315, 0x62, 0x61, 0x315, 0x300, 0x5AE, 0x1CD2, 0x62,
  0xE0, 0x5AE, 0x1CD2, 0x315, 0x62, 0xE0, 0x5AE, 0x1CD2, 0x315, 0x62, 0x61, 0x5AE,
  0x300, 0x1CD2, 0x315, 0x62, 0xE0, 0x5AE, 0x1CD2, 0x315, 0x62, 0x61, 0x1CD2, 0x315,
  0x300, 0x5AE, 0x62, 0x61, 0x5AE, 0x1CD2, 0x300, 0x315, 0x62, 0x61, 0x5AE, 0x1CD2,
  0x300, 0x315, 0x62, 0x61, 0x16FF0, 0x334, 0x1CD4, 0x62, 0x61, 0x334, 0x1CD4, 0x16FF0,
  0x62, 0x61, 0x334, 0x1CD4, 0x16FF0, 0x62, 0x61, 0x1CD4, 0x16FF0, 0x334, 0x62, 0x61,
  0x1CD4, 0x334, 0x16FF0, 0x62, 0x61, 0x1CD4, 0x334, 0x16FF0, 0x62, 0x61, 0x59A, 0x316,
  0x1DFA, 0x1CD5, 0x62, 0x61, 0x1DFA, 0x316, 0x1CD5, 0x59A, 0x62, 0x61, 0x1DFA, 0x316,
  0x1CD5, 0x59A, 0x62, 0x61, 0x1CD5, 0x59A, 0x316, 0x1DFA, 0x62, 0x61, 0x1DFA, 0x1CD5,
  0x316, 0x59A, 0x62, 0x61, 0x1DFA, 0x1CD5, 0x316, 0x59A, 0x62, 0x61, 0x59A, 0x316,
  0x1DFA, 0x1CD6, 0x62, 0x61, 0x1DFA, 0x316, 0x1CD6, 0x59A, 0x62, 0x61, 0x1DFA, 0x316,
  0x1CD6, 0x59A, 0x62, 0x61, 0x1CD6, 0x59A, 0x316, 0x1DFA, 0x62, 0x61, 0x1DFA, 0x1CD6,
  0x316, 0x59A, 0x62, 0x61, 0x1DFA, 0x1CD6, 0x316, 0x59A, 0x62, 0x61, 0x59A, 0x316,
  0x1DFA, 0x1CD7, 0x62, 0x61, 0x1DFA, 0x316, 0x1CD7, 0x59A, 0x62, 0x61, 0x1DFA, 0x316,
  0x1CD7, 0x59A, 0x62, 0x61, 0x1CD7, 0x59A, 0x316, 0x1DFA, 0x62, 0x61, 0x1DFA, 0x1CD7,
  0x316, 0x59A, 0x62, 0x61, 0x1DFA, 0x1CD7, 0x316, 0x59A, 0x62, 0x61, 0x59A, 0x316,
  0x1DFA, 0x1CD8, 0x62, 0x61, 0x1DFA, 0x316, 0x1CD8, 0x59A, 0x62, 0x61, 0x1DFA, 0x316,
  0x1CD8, 0x59A, 0x62, 0x61, 0x1CD8, 0x59A, 0x316, 0x1DFA, 0x62, 0x61, 0x1DFA, 0x1CD8,
  0x316, 0x59A, 0x62, 0x61, 0x1DFA, 0x1CD8, 0x316, 0x59A, 0x62, 0x61, 0x59A, 0x316,
  0x1DFA, 0x1CD9, 0x62, 0x61, 0x1DFA, 0x316, 0x1CD9, 0x59A, 0x62, 0x61, 0x1DFA, 0x316,
  0x1CD9, 0x59A, 0x62, 0x61, 0x1CD9, 0x59A, 0x316, 0x1DFA, 0x62, 0x61, 0x1DFA, 0x1CD9,
  0x316, 0x59A, 0x62, 0x61, 0x1DFA, 0x1CD9, 0x316, 0x59A, 0x62, 0x61, 0x315, 0x300,
  0x5AE, 0x1CDA, 0x62, 0xE0, 0x5AE, 0x1CDA, 0x315, 0x62, 0xE0, 0x5AE, 0x1CDA, 0x315,
  0x62, 0x61, 0x5AE, 0x300, 0x1CDA, 0x315, 0x62, 0xE0, 0x5AE, 0x1CDA, 0x315, 0x62,
  0x61, 0x1CDA, 0x315, 0x300, 0x5AE, 0x62, 0x61, 0x5AE, 0x1CDA, 0x300, 0x315, 0x62,
  0x61, 0x5AE, 0x1CDA, 0x300, 0x315, 0x62, 0x61, 0x315, 0x300, 0x5AE, 0x1CDB, 0x62,
  0xE0, 0x5AE, 0x1CDB, 0x315, 0x62, 0xE0, 0x5AE, 0x1CDB, 0x315, 0x62, 0x61, 0x5AE,
  0x300, 0x1CDB, 0x315, 0x62, 0xE0, 0x5AE, 0x1CDB, 0x315, 0x62, 0x61, 0x1CDB, 0x315,
  0x300, 0x5AE, 0x62, 0x61, 0x5AE, 0x1CDB, 0x300, 0x315, 0x62, 0x61, 0x5AE, 0x1CDB,
  0x300, 0x315, 0x62, 0x61, 0x59A, 0x316, 0x1DFA, 0x1CDC, 0x62, 0x61, 0x1DFA, 0x316,
  0x1CDC, 0x59A, 0x62, 0x61, 0x1DFA, 0x316, 0x1CDC, 0x59A, 0x62, 0x61, 0x1CDC, 0x59A,
  0x316, 0x1DFA, 0x62, 0x61, 0x1DFA, 0x1CDC, 0x316, 0x59A, 0x62, 0x61, 0x1DFA, 0x1CDC,
  0x316, 0x59A, 0x62, 0x61, 0x59A, 0x316, 0x1DFA, 0x1CDD, 0x62, 0x61, 0x1DFA, 0x316,
  0x1CDD, 0x59A, 0x62, 0x61, 0x1DFA, 0x316, 0x1CDD, 0x59A, 0x62, 0x61, 0x1CDD, 0x59A,
  0x316, 0x1DFA, 0x62, 0x61, 0x1DFA, 0x1CDD, 0x316, 0x59A, 0x62, 0x61, 0x1DFA, 0x1CDD,
  0x316, 0x59A, 0x62, 0x61, 0x59A, 0x316, 0x1DFA, 0x1CDE, 0x62, 0x61, 0x1DFA, 0x316,
  0x1CDE, 0x59A, 0x62, 0x61, 0x1DFA, 0x316, 0x1CDE, 0x59A, 0x62, 0x61, 0x1CDE, 0x59A,
  0x316, 0x1DFA, 0x62, 0x61, 0x1DFA, 0x1CDE, 0x316, 0x59A, 0x62, 0x61, 0x1DFA, 0x1CDE,
  0x316, 0x59A, 0x62, 0x61, 0x59A, 0x316, 0x1DFA, 0x1CDF, 0x62, 0x61, 0x1DFA, 0x316,
  0x1CDF, 0x59A, 0x62, 0x61, 0x1DFA, 0x316, 0x1CDF, 0x59A, 0x62, 0x61, 0x1CDF, 0x59A,
  0x316, 0x1DFA, 0x62, 0x61, 0x1DFA, 0x1CDF, 0x316, 0x59A, 0x62, 0x61, 0x1DFA, 0x1CDF,
  0x316, 0x59A, 0x62, 0x61, 0x315, 0x300, 0x5AE, 0x1CE0, 0x62, 0xE0, 0x5AE, 0x1CE0,
  0x315, 0x62, 0xE0, 0x5AE, 0x1CE0, 0x315, 0x62, 0x61, 0x5AE, 0x300, 0x1CE0, 0x315,
  0x62, 0xE0, 0x5AE, 0x1CE0, 0x315, 0x62, 0x61, 0x1CE0, 0x315, 0x300, 0x5AE, 0x62,
  0x61, 0x5AE, 0x1CE0, 0x300, 0x315, 0x62, 0x61, 0x5AE, 0x1CE0, 0x300, 0x315, 0x62,
  0x61, 0x16FF0, 0x334, 0x1CE2, 0x62, 0x61, 0x334, 0x1CE2, 0x16FF0, 0x62, 0x61, 0x334,
  0x1CE2, 0x16FF0, 0x62, 0x61, 0x1CE2, 0x16FF0, 0x334, 0x62, 0x61, 0x1CE2, 0x334, 0x16FF0,
  0x62, 0x61, 0x1CE2, 0x334, 0x16FF0, 0x62, 0x61, 0x16FF0, 0x334, 0x1CE3, 0x62, 0x61,
  0x334, 0x1CE3, 0x16FF0, 0x62, 0x61, 0x334, 0x1CE3, 0x16FF0, 0x62, 0x61, 0x1CE3, 0x16FF0,
  0x334, 0x62, 0x61, 0x1CE3, 0x334, 0x16FF0, 0x62, 0x61, 0x1CE3, 0x334, 0x16FF0, 0x62,
  0x61, 0x16FF0, 0x334, 0x1CE4, 0x62, 0x61, 0x334, 0x1CE4, 0x16FF0, 0x62, 0x61, 0x334,
  0x1CE4, 0x16FF0, 0x62, 0x61, 0x1CE4, 0x16FF0, 0x334, 0x62, 0x61, 0x1CE4, 0x334, 0x16FF0,
  0x62, 0x61, 0x1CE4, 0x334, 0x16FF0, 0x62, 0x61, 0x16FF0, 0x334, 0x1CE5, 0x62, 0x61,
  0x334, 0x1CE5, 0x16FF0, 0x62, 0x61, 0x334, 0x1CE5, 0x16FF0, 0x62, 0x61, 0x1CE5, 0x16FF0,
  0x334, 0x62, 0x61, 0x1CE5, 0x334, 0x16FF0, 0x62, 0x61, 0x1CE5, 0x334, 0x16FF0, 0x62,
  0x61, 0x16FF0, 0x334, 0x1CE6, 0x62, 0x61, 0x334, 0x1CE6, 0x16FF0, 0x62, 0x61, 0x334,
  0x1CE6, 0x16FF0, 0x62, 0x61, 0x1CE6, 0x16FF0, 0x334, 0x62, 0x61, 0x1CE6, 0x334, 0x16FF0,
  0x62, 0x61, 0x1CE6, 0x334, 0x16FF0, 0x62, 0x61, 0x16FF0, 0x334, 0x1CE7, 0x62, 0x61,
  0x334, 0x1CE7, 0x16FF0, 0x62, 0x61, 0x334, 0x1CE7, 0x16FF0, 0x62, 0x61, 0x1CE7, 0x16FF0,
  0x334, 0x62, 0x61, 0x1CE7, 0x334, 0x16FF0, 0x62, 0x61, 0x1CE7, 0x334, 0x16FF0, 0x62,
  0x61, 0x16FF0, 0x334, 0x1CE8, 0x62, 0x61, 0x334, 0x1CE8, 0x16FF0, 0x62, 0x61, 0x334,
  0x1CE8, 0x16FF0, 0x62, 0x61, 0x1CE8, 0x16FF0, 0x334, 0x62, 0x61, 0x1CE8, 0x334, 0x16FF0,
  0x62, 0x61, 0x1CE8, 0x334, 0x16FF0, 0x62, 0x61, 0x59A, 0x316, 0x1DFA, 0x1CED, 0x62,
  0x61, 0x1DFA, 0x316, 0x1CED, 0x59A, 0x62, 0x61, 0x1DFA, 0x316, 0x1CED, 0x59A, 0x62,
  0x61, 0x1CED, 0x59A, 0x316, 0x1DFA, 0x62, 0x61, 0x1DFA, 0x1CED, 0x316, 0x59A, 0x62,
  0x61, 0x1DFA, 0x1CED, 0x316, 0x59A, 0x62, 0x61, 0x315, 0x300, 0x5AE, 0x1CF4, 0x62,
  0xE0, 0x5AE, 0x1CF4, 0x315, 0x62, 0xE0, 0x5AE, 0x1CF4, 0x315, 0x62, 0x61, 0x5AE,
  0x300, 0x1CF4, 0x315, 0x62, 0xE0, 0x5AE, 0x1CF4, 0x315, 0x62, 0x61, 0x1CF4, 0x315,
  0x300, 0x5AE, 0x62, 0x61, 0x5AE, 0x1CF4, 0x300, 0x315, 0x62, 0x61, 0x5AE, 0x1CF4,
  0x300, 0x315, 0x62, 0x61, 0x315, 0x300, 0x5AE, 0x1CF8, 0x62, 0xE0, 0x5AE, 0x1CF8,
  0x315, 0x62, 0xE0, 0x5AE, 0x1CF8, 0x315, 0x62, 0x61, 0x5AE, 0x300, 0x1CF8, 0x315,
  0x62, 0xE0, 0x5AE, 0x1CF8, 0x315, 0x62, 0x61, 0x1CF8, 0x315, 0x300, 0x5AE, 0x62,
  0x61, 0x5AE, 0x1CF8, 0x300, 0x315, 0x62, 0x61, 0x5AE, 0x1CF8, 0x300, 0x315, 0x62,
  0x61, 0x315, 0x300, 0x5AE, 0x1CF9, 0x62, 0xE0, 0x5AE, 0x1CF9, 0x315, 0x62, 0xE0,
  0x5AE, 0x1CF9, 0x315, 0x62, 0x61, 0x5AE, 0x300, 0x1CF9, 0x315, 0x62, 0xE0, 0x5AE,
  0x1CF9, 0x315, 0x62, 0x61, 0x1CF9, 0x315, 0x300, 0x5AE, 0x62, 0x61, 0x5AE, 0x1CF9,
  0x300, 0x315, 0x62, 0x61, 0x5AE, 0x1CF9, 0x300, 0x315, 0x62, 0x61, 0x315, 0x300,
  0x5AE, 0x1DC0, 0x62, 0xE0, 0x5AE, 0x1DC0, 0x315, 0x62, 0xE0, 0x5AE, 0x1DC0, 0x315,
  0x62, 0x61, 0x5AE, 0x300, 0x1DC0, 0x315, 0x62, 0xE0, 0x5AE, 0x1DC0, 0x315, 0x62,
  0x61, 0x1DC0, 0x315, 0x300, 0x5AE, 0x62, 0x61, 0x5AE, 0x1DC0, 0x300, 0x315, 0x62,
  0x61, 0x5AE, 0x1DC0, 0x300, 0x315, 0x62, 0x61, 0x315, 0x300, 0x5AE, 0x1DC1, 0x62,
  0xE0, 0x5AE, 0x1DC1, 0x315, 0x62, 0xE0, 0x5AE, 0x1DC1, 0x315, 0x62, 0x61, 0x5AE,
  0x300, 0x1DC1, 0x315, 0x62, 0xE0, 0x5AE, 0x1DC1, 0x315, 0x62, 0x61, 0x1DC1, 0x315,
  0x300, 0x5AE, 0x62, 0x61, 0x5AE, 0x1DC1, 0x300, 0x315, 0x62, 0x61, 0x5AE, 0x1DC1,
  0x300, 0x315, 0x62, 0x61, 0x59A, 0x316, 0x1DFA, 0x1DC2, 0x62, 0x61, 0x1DFA, 0x316,
  0x1DC2, 0x59A, 0x62, 0x61, 0x1DFA, 0x316, 0x1DC2, 0x59A, 0x62, 0x61, 0x1DC2, 0x59A,
  0x316, 0x1DFA, 0x62, 0x61, 0x1DFA, 0x1DC2, 0x316, 0x59A, 0x62, 0x61, 0x1DFA, 0x1DC2,
  0x316, 0x59A, 0x62, 0x61, 0x315, 0x300, 0x5AE, 0x1DC3, 0x62, 0xE0, 0x5AE, 0x1DC3,
  0x315, 0x62, 0xE0, 0x5AE, 0x1DC3, 0x315, 0x62, 0x61, 0x5AE, 0x300, 0x1DC3, 0x315,
  0x62, 0xE0, 0x5AE, 0x1DC3, 0x315, 0x62, 0x61, 0x1DC3, 0x315, 0x300, 0x5AE, 0x62,
  0x61, 0x5AE, 0x1DC3, 0x300, 0x315, 0x62, 0x61, 0x5AE, 0x1DC3, 0x300, 0x315, 0x62,
  0x61, 0x315, 0x300, 0x5AE, 0x1DC4, 0x62, 0xE0, 0x5AE, 0x1DC4, 0x315, 0x62, 0xE0,
  0x5AE, 0x1DC4, 0x315, 0x62, 0x61, 0x5AE, 0x300, 0x1DC4, 0x315, 0x62, 0xE0, 0x5AE,
  0x1DC4, 0x315, 0x62, 0x61, 0x1DC4, 0x315, 0x300, 0x5AE, 0x62, 0x61, 0x5AE, 0x1DC4,
  0x300, 0x315, 0x62, 0x61, 0x5AE, 0x1DC4, 0x300, 0x315, 0x62, 0x61, 0x315, 0x300,
  0x5AE, 0x1DC5, 0x62, 0xE0, 0x5AE, 0x1DC5, 0x315, 0x62, 0xE0, 0x5AE, 0x1DC5, 0x315,
  0x62, 0x61, 0x5AE, 0x300, 0x1DC5, 0x315, 0x62, 0xE0, 0x5AE, 0x1DC5, 0x315, 0x62,
  0x61, 0x1DC5, 0x315, 0x300, 0x5AE, 0x62, 0x61, 0x5AE, 0x1DC5, 0x300, 0x315, 0x62,
  0x61, 0x5AE, 0x1DC5, 0x300, 0x315, 0x62, 0x61, 0x315, 0x300, 0x5AE, 0x1DC6, 0x62,
  0xE0, 0x5AE, 0x1DC6, 0x315, 0x62, 0xE0, 0x5AE, 0x1DC6, 0x315, 0x62, 0x61, 0x5AE,
  0x300, 0x1DC6, 0x315, 0x62, 0xE0, 0x5AE, 0x1DC6, 0x315, 0x62, 0x61, 0x1DC6, 0x315,
  0x300, 0x5AE, 0x62, 0x61, 0x5AE, 0x1DC6, 0x300, 0x315, 0x62, 0x61, 0x5AE, 0x1DC6,
  0x300, 0x315, 0x62, 0x61, 0x315, 0x300, 0x5AE, 0x1DC7, 0x62, 0xE0, 0x5AE, 0x1DC7,
  0x315, 0x62, 0xE0, 0x5AE, 0x1DC7, 0x315, 0x62, 0x61, 0x5AE, 0x300, 0x1DC7, 0x315,
  0x62, 0xE0, 0x5AE, 0x1DC7, 0x315, 0x62, 0x61, 0x1DC7, 0x315, 0x300, 0x5AE, 0x62,
  0x61, 0x5AE, 0x1DC7, 0x300, 0x315, 0x62, 0x61, 0x5AE, 0x1DC7, 0x300, 0x315, 0x62,
  0x61, 0x315, 0x300, 0x5AE, 0x1DC8, 0x62, 0xE0, 0x5AE, 0x1DC8, 0x315, 0x62, 0xE0,
  0x5AE, 0x1DC8, 0x315, 0x62, 0x61, 0x5AE, 0x300, 0x1DC8, 0x315, 0x62, 0xE0, 0x5AE,
  0x1DC8, 0x315, 0x62, 0x61, 0x1DC8, 0x315, 0x300, 0x5AE, 0x62, 0x61, 0x5AE, 0x1DC8,
  0x300, 0x315, 0x62, 0x61, 0x5AE, 0x1DC8, 0x300, 0x315, 0x62, 0x61, 0x315, 0x300,
  0x5AE, 0x1DC9, 0x62, 0xE0, 0x5AE, 0x1DC9, 0x315, 0x62, 0xE0, 0x5AE, 0x1DC9, 0x315,
  0x62, 0x61, 0x5AE, 0x300, 0x1DC9, 0x315, 0x62, 0xE0, 0x5AE, 0x1DC9, 0x315, 0x62,
  0x61, 0x1DC9, 0x315, 0x300, 0x5AE, 0x62, 0x61, 0x5AE, 0x1DC9, 0x300, 0x315, 0x62,
  0x61, 0x5AE, 0x1DC9, 0x300, 0x315, 0x62, 0x61, 0x59A, 0x316, 0x1DFA, 0x1DCA, 0x62,
  0x61, 0x1DFA, 0x316, 0x1DCA, 0x59A, 0x62, 0x61, 0x1DFA, 0x316, 0x1DCA, 0x59A, 0x62,
  0x61, 0x1DCA, 0x59A, 0x316, 0x1DFA, 0x62, 0x61, 0x1DFA, 0x1DCA, 0x316, 0x59A, 0x62,
  0x61, 0x1DFA, 0x1DCA, 0x316, 0x59A, 0x62, 0x61, 0x315, 0x300, 0x5AE, 0x1DCB, 0x62,
  0xE0, 0x5AE, 0x1DCB, 0x315, 0x62, 0xE0, 0x5AE, 0x1DCB, 0x315, 0x62, 0x61, 0x5AE,
  0x300, 0x1DCB, 0x315, 0x62, 0xE0, 0x5AE, 0x1DCB, 0x315, 0x62, 0x61, 0x1DCB, 0x315,
  0x300, 0x5AE, 0x62, 0x61, 0x5AE, 0x1DCB, 0x300, 0x315, 0x62, 0x61, 0x5AE, 0x1DCB,
  0x300, 0x315, 0x62, 0x61, 0x315, 0x300, 0x5AE, 0x1DCC, 0x62, 0xE0, 0x5AE, 0x1DCC,
  0x315, 0x62, 0xE0, 0x5AE, 0x1DCC, 0x315, 0x62, 0x61, 0x5AE, 0x300, 0x1DCC, 0x315,
  0x62, 0xE0, 0x5AE, 0x1DCC, 0x315, 0x62, 0x61, 0x1DCC, 0x315, 0x300, 0x5AE, 0x62,
  0x61, 0x5AE, 0x1DCC, 0x300, 0x315, 0x62, 0x61, 0x5AE, 0x1DCC, 0x300, 0x315, 0x62,
  0x61, 0x345, 0x35D, 0x35C, 0x1DCD, 0x62, 0x61, 0x35C, 0x35D, 0x1DCD, 0x345, 0x62,
  0x61, 0x35C, 0x35D, 0x1DCD, 0x345, 0x62, 0x61, 0x1DCD, 0x345, 0x35D, 0x35C, 0x62,
  0x61, 0x35C, 0x1DCD, 0x35D, 0x345, 0x62, 0x61, 0x35C, 0x1DCD, 0x35D, 0x345, 0x62,
  0x61, 0x31B, 0x1DCE, 0x321, 0x1DCE, 0x62, 0x61, 0x321, 0x1DCE, 0x1DCE, 0x31B, 0x62,
  0x61, 0x321, 0x1DCE, 0x1DCE, 0x31B, 0x62, 0x61, 0x1DCE, 0x31B, 0x1DCE, 0x321, 0x62,
  0x61, 0x321, 0x1DCE, 0x1DCE, 0x31B, 0x62, 0x61, 0x59A, 0x316, 0x1DFA, 0x1DCF, 0x62,
  0x61, 0x1DFA, 0x316, 0x1DCF, 0x59A, 0x62, 0x61, 0x1DFA, 0x316, 0x1DCF, 0x59A, 0x62,
  0x61, 0x1DCF, 0x59A, 0x316, 0x1DFA, 0x62, 0x61, 0x1DFA, 0x1DCF, 0x316, 0x59A, 0x62,
  0x61, 0x1DFA, 0x1DCF, 0x316, 0x59A, 0x62, 0x61, 0x1DCE, 0x321, 0xF74, 0x1DD0, 0x62,
  0x61, 0xF74, 0x321, 0x1DD0, 0x1DCE, 0x62, 0x61, 0xF74, 0x321, 0x1DD0, 0x1DCE, 0x62,
  0x61, 0x1DD0, 0x1DCE, 0x321, 0xF74, 0x62, 0x61, 0xF74, 0x1DD0, 0x321, 0x1DCE, 0x62,
  0x61, 0xF74, 0x1DD0, 0x321, 0x1DCE, 0x62, 0x61, 0x315, 0x300, 0x5AE, 0x1DD1, 0x62,
  0xE0, 0x5AE, 0x1DD1, 0x315, 0x62, 0xE0, 0x5AE, 0x1DD1, 0x315, 0x62, 0x61, 0x5AE,
  0x300, 0x1DD1, 0x315, 0x62, 0xE0, 0x5AE, 0x1DD1, 0x315, 0x62, 0x61, 0x1DD1, 0x315,
  0x300, 0x5AE, 0x62, 0x61, 0x5AE, 0x1DD1, 0x300, 0x315, 0x62, 0x61, 0x5AE, 0x1DD1,
  0x300, 0x315, 0x62, 0x61, 0x315, 0x300, 0x5AE, 0x1DD2, 0x62, 0xE0, 0x5AE, 0x1DD2,
  0x315, 0x62, 0xE0, 0x5AE, 0x1DD2, 0x315, 0x62, 0x61, 0x5AE, 0x300, 0x1DD2, 0x315,
  0x62, 0xE0, 0x5AE, 0x1DD2, 0x315, 0x62, 0x61, 0x1DD2, 0x315, 0x300, 0x5AE, 0x62,
  0x61, 0x5AE, 0x1DD2, 0x300, 0x315, 0x62, 0x61, 0x5AE, 0x1DD2, 0x300, 0x315, 0x62,
  0x61, 0x315, 0x300, 0x5AE, 0x1DD3, 0x62, 0xE0, 0x5AE, 0x1DD3, 0x315, 0x62, 0xE0,
  0x5AE, 0x1DD3, 0x315, 0x62, 0x61, 0x5AE, 0x300, 0x1DD3, 0x315, 0x62, 0xE0, 0x5AE,
  0x1DD3, 0x315, 0x62, 0x61, 0x1DD3, 0x315, 0x300, 0x5AE, 0x62, 0x61, 0x5AE, 0x1DD3,
  0x300, 0x315, 0x62, 0x61, 0x5AE, 0x1DD3, 0x300, 0x315, 0x62, 0x61, 0x315, 0x300,
  0x5AE, 0x1DD4, 0x62, 0xE0, 0x5AE, 0x1DD4, 0x315, 0x62, 0xE0, 0x5AE, 0x1DD4, 0x315,
  0x62, 0x61, 0x5AE, 0x300, 0x1DD4, 0x315, 0x62, 0xE0, 0x5AE, 0x1DD4, 0x315, 0x62,
  0x61, 0x1DD4, 0x315, 0x300, 0x5AE, 0x62, 0x61, 0x5AE, 0x1DD4, 0x300, 0x315, 0x62,
  0x61, 0x5AE, 0x1DD4, 0x300, 0x315, 0x62, 0x61, 0x315, 0x300, 0x5AE, 0x1DD5, 0x62,
  0xE0, 0x5AE, 0x1DD5, 0x315, 0x62, 0xE0, 0x5AE, 0x1DD5, 0x315, 0x62, 0x61, 0x5AE,
  0x300, 0x1DD5, 0x315, 0x62, 0xE0, 0x5AE, 0x1DD5, 0x315, 0x62, 0x61, 0x1DD5, 0x315,
  0x300, 0x5AE, 0x62, 0x61, 0x5AE, 0x1DD5, 0x300, 0x315, 0x62, 0x61, 0x5AE, 0x1DD5,
  0x300, 0x315, 0x62, 0x61, 0x315, 0x300, 0x5AE, 0x1DD6, 0x62, 0xE0, 0x5AE, 0x1DD6,
  0x315, 0x62, 0xE0, 0x5AE, 0x1DD6, 0x315, 0x62, 0x61, 0x5AE, 0x300, 0x1DD6, 0x315,
  0x62, 0xE0, 0x5AE, 0x1DD6, 0x315, 0x62, 0x61, 0x1DD6, 0x315, 0x300, 0x5AE, 0x62,
  0x61, 0x5AE, 0x1DD6, 0x300, 0x315, 0x62, 0x61, 0x5AE, 0x1DD6, 0x300, 0x315, 0x62,
  0x61, 0x315, 0x300, 0x5AE, 0x1DD7, 0x62, 0xE0, 0x5AE, 0x1DD7, 0x315, 0x62, 0xE0,
  0x5AE, 0x1DD7, 0x315, 0x62, 0x61, 0x5AE, 0x300, 0x1DD7, 0x315, 0x62, 0xE0, 0x5AE,
  0x1DD7, 0x315, 0x62, 0x61, 0x1DD7, 0x315, 0x300, 0x5AE, 0x62, 0x61, 0x5AE, 0x1DD7,
  0x300, 0x315, 0x62, 0x61, 0x5AE, 0x1DD7, 0x300, 0x315, 0x62, 0x61, 0x315, 0x300,
  0x5AE, 0x1DD8, 0x62, 0xE0, 0x5AE, 0x1DD8, 0x315, 0x62, 0xE0, 0x5AE, 0x1DD8, 0x315,
  0x62, 0x61, 0x5AE, 0x300, 0x1DD8, 0x315, 0x62, 0xE0, 0x5AE, 0x1DD8, 0x315, 0x62,
  0x61, 0x1DD8, 0x315, 0x300, 0x5AE, 0x62, 0x61, 0x5AE, 0x1DD8, 0x300, 0x315, 0x62,
  0x61, 0x5AE, 0x1DD8, 0x300, 0x315, 0x62, 0x61, 0x315, 0x300, 0x5AE, 0x1DD9, 0x62,
  0xE0, 0x5AE, 0x1DD9, 0x315, 0x62, 0xE0, 0x5AE, 0x1DD9, 0x315, 0x62, 0x61, 0x5AE,
  0x300, 0x1DD9, 0x315, 0x62, 0xE0, 0x5AE, 0x1DD9, 0x315, 0x62, 0x61, 0x1DD9, 0x315,
  0x300, 0x5AE, 0x62, 0x61, 0x5AE, 0x1DD9, 0x300, 0x315, 0x62, 0x61, 0x5AE, 0x1DD9,
  0x300, 0x315, 0x62, 0x61, 0x315, 0x300, 0x5AE, 0x1DDA, 0x62, 0xE0, 0x5AE, 0x1DDA,
  0x315, 0x62, 0xE0, 0x5AE, 0x1DDA, 0x315, 0x62, 0x61, 0x5AE, 0x300, 0x1DDA, 0x315,
  0x62, 0xE0, 0x5AE, 0x1DDA, 0x315, 0x62, 0x61, 0x1DDA, 0x315, 0x300, 0x5AE, 0x62,
  0x61, 0x5AE, 0x1DDA, 0x300, 0x315, 0x62, 0x61, 0x5AE, 0x1DDA, 0x300, 0x315, 0x62,
  0x61, 0x315, 0x300, 0x5AE, 0x1DDB, 0x62, 0xE0, 0x5AE, 0x1DDB, 0x315, 0x62, 0xE0,
  0x5AE, 0x1DDB, 0x315, 0x62, 0x61, 0x5AE, 0x300, 0x1DDB, 0x315, 0x62, 0xE0, 0x5AE,
  0x1DDB, 0x315, 0x62, 0x61, 0x1DDB, 0x315, 0x300, 0x5AE, 0x62, 0x61, 0x5AE, 0x1DDB,
  0x300, 0x315, 0x62, 0x61, 0x5AE, 0x1DDB, 0x300, 0x315, 0x62, 0x61, 0x315, 0x300,
  0x5AE, 0x1DDC, 0x62, 0xE0, 0x5AE, 0x1DDC, 0x315, 0x62, 0xE0, 0x5AE, 0x1DDC, 0x315,
  0x62, 0x61, 0x5AE, 0x300, 0x1DDC, 0x315, 0x62, 0xE0, 0x5AE, 0x1DDC, 0x315, 0x62,
  0x61, 0x1DDC, 0x315, 0x300, 0x5AE, 0x62, 0x61, 0x5AE, 0x1DDC, 0x300, 0x315, 0x62,
  0x61, 0x5AE, 0x1DDC, 0x300, 0x315, 0x62, 0x61, 0x315, 0x300, 0x5AE, 0x1DDD, 0x62,
  0xE0, 0x5AE, 0x1DDD, 0x315, 0x62, 0xE0, 0x5AE, 0x1DDD, 0x315, 0x62, 0x61, 0x5AE,
  0x300, 0x1DDD, 0x315, 0x62, 0xE0, 0x5AE, 0x1DDD, 0x315, 0x62, 0x61, 0x1DDD, 0x315,
  0x300, 0x5AE, 0x62, 0x61, 0x5AE, 0x1DDD, 0x300, 0x315, 0x62, 0x61, 0x5AE, 0x1DDD,
  0x300, 0x315, 0x62, 0x61, 0x315, 0x300, 0x5AE, 0x1DDE, 0x62, 0xE0, 0x5AE, 0x1DDE,
  0x315, 0x62, 0xE0, 0x5AE, 0x1DDE, 0x315, 0x62, 0x61, 0x5AE, 0x300, 0x1DDE, 0x315,
  0x62, 0xE0, 0x5AE, 0x1DDE, 0x315, 0x62, 0x61, 0x1DDE, 0x315, 0x300, 0x5AE, 0x62,
  0x61, 0x5AE, 0x1DDE, 0x300, 0x315, 0x62, 0x61, 0x5AE, 0x1DDE, 0x300, 0x315, 0x62,
  0x61, 0x315, 0x300, 0x5AE, 0x1DDF, 0x62, 0xE0, 0x5AE, 0x1DDF, 0x315, 0x62, 0xE0,
  0x5AE, 0x1DDF, 0x315, 0x62, 0x61, 0x5AE, 0x300, 0x1DDF, 0x315, 0x62, 0xE0, 0x5AE,
  0x1DDF, 0x315, 0x62, 0x61, 0x1DDF, 0x315, 0x300, 0x5AE, 0x62, 0x61, 0x5AE, 0x1DDF,
  0x300, 0x315, 0x62, 0x61, 0x5AE, 0x1DDF, 0x300, 0x315, 0x62, 0x61, 0x315, 0x300,
  0x5AE, 0x1DE0, 0x62, 0xE0, 0x5AE, 0x1DE0, 0x315, 0x62, 0xE0, 0x5AE, 0x1DE0, 0x315,
  0x62, 0x61, 0x5AE, 0x300, 0x1DE0, 0x315, 0x62, 0xE0, 0x5AE, 0x1DE0, 0x315, 0x62,
  0x61, 0x1DE0, 0x315, 0x300, 0x5AE, 0x62, 0x61, 0x5AE, 0x1DE0, 0x300, 0x315, 0x62,
  0x61, 0x5AE, 0x1DE0, 0x300, 0x315, 0x62, 0x61, 0x315, 0x300, 0x5AE, 0x1DE1, 0x62,
  0xE0, 0x5AE, 0x1DE1, 0x315, 0x62, 0xE0, 0x5AE, 0x1DE1, 0x315, 0x62, 0x61, 0x5AE,
  0x300, 0x1DE1, 0x315, 0x62, 0xE0, 0x5AE, 0x1DE1, 0x315, 0x62, 0x61, 0x1DE1, 0x315,
  0x300, 0x5AE, 0x62, 0x61, 0x5AE, 0x1DE1, 0x300, 0x315, 0x62, 0x61, 0x5AE, 0x1DE1,
  0x300, 0x315, 0x62, 0x61, 0x315, 0x300, 0x5AE, 0x1DE2, 0x62, 0xE0, 0x5AE, 0x1DE2,
  0x315, 0x62, 0xE0, 0x5AE, 0x1DE2, 0x315, 0x62, 0x61, 0x5AE, 0x300, 0x1DE2, 0x315,
  0x62, 0xE0, 0x5AE, 0x1DE2, 0x315, 0x62, 0x61, 0x1DE2, 0x315, 0x300, 0x5AE, 0x62,
  0x61, 0x5AE, 0x1DE2, 0x300, 0x315, 0x62, 0x61, 0x5AE, 0x1DE2, 0x300, 0x315, 0x62,
  0x61, 0x315, 0x300, 0x5AE, 0x1DE3, 0x62, 0xE0, 0x5AE, 0x1DE3, 0x315, 0x62, 0xE0,
  0x5AE, 0x1DE3, 0x315, 0x62, 0x61, 0x5AE, 0x300, 0x1DE3, 0x315, 0x62, 0xE0, 0x5AE,
  0x1DE3, 0x315, 0x62, 0x61, 0x1DE3, 0x315, 0x300, 0x5AE, 0x62, 0x61, 0x5AE, 0x1DE3,
  0x300, 0x315, 0x62, 0x61, 0x5AE, 0x1DE3, 0x300, 0x315, 0x62, 0x61, 0x315, 0x300,
  0x5AE, 0x1DE4, 0x62, 0xE0, 0x5AE, 0x1DE4, 0x315, 0x62, 0xE0, 0x5AE, 0x1DE4, 0x315,
  0x62, 0x61, 0x5AE, 0x300, 0x1DE4, 0x315, 0x62, 0xE0, 0x5AE, 0x1DE4, 0x315, 0x62,
  0x61, 0x1DE4, 0x315, 0x300, 0x5AE, 0x62, 0x61, 0x5AE, 0x1DE4, 0x300, 0x315, 0x62,
  0x61, 0x5AE, 0x1DE4, 0x300, 0x315, 0x62, 0x61, 0x315, 0x300, 0x5AE, 0x1DE5, 0x62,
  0xE0, 0x5AE, 0x1DE5, 0x315, 0x62, 0xE0, 0x5AE, 0x1DE5, 0x315, 0x62, 0x61, 0x5AE,
  0x300, 0x1DE5, 0x315, 0x62, 0xE0, 0x5AE, 0x1DE5, 0x315, 0x62, 0x61, 0x1DE5, 0x315,
  0x300, 0x5AE, 0x62, 0x61, 0x5AE, 0x1DE5, 0x300, 0x315, 0x62, 0x61, 0x5AE, 0x1DE5,
  0x300, 0x315, 0x62, 0x61, 0x315, 0x300, 0x5AE, 0x1DE6, 0x62, 0xE0, 0x5AE, 0x1DE6,
  0x315, 0x62, 0xE0, 0x5AE, 0x1DE6, 0x315, 0x62, 0x61, 0x5AE, 0x300, 0x1DE6, 0x315,
  0x62, 0xE0, 0x5AE, 0x1DE6, 0x315, 0x62, 0x61, 0x1DE6, 0x315, 0x300, 0x5AE, 0x62,
  0x61, 0x5AE, 0x1DE6, 0x300, 0x315, 0x62, 0x61, 0x5AE, 0x1DE6, 0x300, 0x315, 0x62,
  0x61, 0x315, 0x300, 0x5AE, 0x1DE7, 0x62, 0xE0, 0x5AE, 0x1DE7, 0x315, 0x62, 0xE0,
  0x5AE, 0x1DE7, 0x315, 0x62, 0x61, 0x5AE, 0x300, 0x1DE7, 0x315, 0x62, 0xE0, 0x5AE,
  0x1DE7, 0x315, 0x62, 0x61, 0x1DE7, 0x315, 0x300, 0x5AE, 0x62, 0x61, 0x5AE, 0x1DE7,
  0x300, 0x315, 0x62, 0x61, 0x5AE, 0x1DE7, 0x300, 0x315, 0x62, 0x61, 0x315, 0x300,
  0x5AE, 0x1DE8, 0x62, 0xE0, 0x5AE, 0x1DE8, 0x315, 0x62, 0xE0, 0x5AE, 0x1DE8, 0x315,
  0x62, 0x61, 0x5AE, 0x300, 0x1DE8, 0x315, 0x62, 0xE0, 0x5AE, 0x1DE8, 0x315, 0x62,
  0x61, 0x1DE8, 0x315, 0x300, 0x5AE, 0x62, 0x61, 0x5AE, 0x1DE8, 0x300, 0x315, 0x62,
  0x61, 0x5AE, 0x1DE8, 0x300, 0x315, 0x62, 0x61, 0x315, 0x300, 0x5AE, 0x1DE9, 0x62,
  0xE0, 0x5AE, 0x1DE9, 0x315, 0x62, 0xE0, 0x5AE, 0x1DE9, 0x315, 0x62, 0x61, 0x5AE,
  0x300, 0x1DE9, 0x315, 0x62, 0xE0, 0x5AE, 0x1DE9, 0x315, 0x62, 0x61, 0x1DE9, 0x315,
  0x300, 0x5AE, 0x62, 0x61, 0x5AE, 0x1DE9, 0x300, 0x315, 0x62, 0x61, 0x5AE, 0x1DE9,
  0x300, 0x315, 0x62, 0x61, 0x315, 0x300, 0x5AE, 0x1DEA, 0x62, 0xE0, 0x5AE, 0x1DEA,
  0x315, 0x62, 0xE0, 0x5AE, 0x1DEA, 0x315, 0x62, 0x61, 0x5AE, 0x300, 0x1DEA, 0x315,
  0x62, 0xE0, 0x5AE, 0x1DEA, 0x315, 0x62, 0x61, 0x1DEA, 0x315, 0x300, 0x5AE, 0x62,
  0x61, 0x5AE, 0x1DEA, 0x300, 0x315, 0x62, 0x61, 0x5AE, 0x1DEA, 0x300, 0x315, 0x62,
  0x61, 0x315, 0x300, 0x5AE, 0x1DEB, 0x62, 0xE0, 0x5AE, 0x1DEB, 0x315, 0x62, 0xE0,
  0x5AE, 0x1DEB, 0x315, 0x62, 0x61, 0x5AE, 0x300, 0x1DEB, 0x315, 0x62, 0xE0, 0x5AE,
  0x1DEB, 0x315, 0x62, 0x61, 0x1DEB, 0x315, 0x300, 0x5AE, 0x62, 0x61, 0x5AE, 0x1DEB,
  0x300, 0x315, 0x62, 0x61, 0x5AE, 0x1DEB, 0x300, 0x315, 0x62, 0x61, 0x315, 0x300,
  0x5AE, 0x1DEC, 0x62, 0xE0, 0x5AE, 0x1DEC, 0x315, 0x62, 0xE0, 0x5AE, 0x1DEC, 0x315,
  0x62, 0x61, 0x5AE, 0x300, 0x1DEC, 0x315, 0x62, 0xE0, 0x5AE, 0x1DEC, 0x315, 0x62,
  0x61, 0x1DEC, 0x315, 0x300, 0x5AE, 0x62, 0x61, 0x5AE, 0x1DEC, 0x300, 0x315, 0x62,
  0x61, 0x5AE, 0x1DEC, 0x300, 0x315, 0x62, 0x61, 0x315, 0x300, 0x5AE, 0x1DED, 0x62,
  0xE0, 0x5AE, 0x1DED, 0x315, 0x62, 0xE0, 0x5AE, 0x1DED, 0x315, 0x62, 0x61, 0x5AE,
  0x300, 0x1DED, 0x315, 0x62, 0xE0, 0x5AE, 0x1DED, 0x315, 0x62, 0x61, 0x1DED, 0x315,
  0x300, 0x5AE, 0x62, 0x61, 0x5AE, 0x1DED, 0x300, 0x315, 0x62, 0x61, 0x5AE, 0x1DED,
  0x300, 0x315, 0x62, 0x61, 0x315, 0x300, 0x5AE, 0x1DEE, 0x62, 0xE0, 0x5AE, 0x1DEE,
  0x315, 0x62, 0xE0, 0x5AE, 0x1DEE, 0x315, 0x62, 0x61, 0x5AE, 0x300, 0x1DEE, 0x315,
  0x62, 0xE0, 0x5AE, 0x1DEE, 0x315, 0x62, 0x61, 0x1DEE, 0x315, 0x300, 0x5AE, 0x62,
  0x61, 0x5AE, 0x1DEE, 0x300, 0x315, 0x62, 0x61, 0x5AE, 0x1DEE, 0x300, 0x315, 0x62,
  0x61, 0x315, 0x300, 0x5AE, 0x1DEF, 0x62, 0xE0, 0x5AE, 0x1DEF, 0x315, 0x62, 0xE0,
  0x5AE, 0x1DEF, 0x315, 0x62, 0x61, 0x5AE, 0x300, 0x1DEF, 0x315, 0x62, 0xE0, 0x5AE,
  0x1DEF, 0x315, 0x62, 0x61, 0x1DEF, 0x315, 0x300, 0x5AE, 0x62, 0x61, 0x5AE, 0x1DEF,
  0x300, 0x315, 0x62, 0x61, 0x5AE, 0x1DEF, 0x300, 0x315, 0x62, 0x61, 0x315, 0x300,
  0x5AE, 0x1DF0, 0x62, 0xE0, 0x5AE, 0x1DF0, 0x315, 0x62, 0xE0, 0x5AE, 0x1DF0, 0x315,
  0x62, 0x61, 0x5AE, 0x300, 0x1DF0, 0x315, 0x62, 0xE0, 0x5AE, 0x1DF0, 0x315, 0x62,
  0x61, 0x1DF0, 0x315, 0x300, 0x5AE, 0x62, 0x61, 0x5AE, 0x1DF0, 0x300, 0x315, 0x62,
  0x61, 0x5AE, 0x1DF0, 0x300, 0x315, 0x62, 0x61, 0x315, 0x300, 0x5AE, 0x1DF1, 0x62,
  0xE0, 0x5AE, 0x1DF1, 0x315, 0x62, 0xE0, 0x5AE, 0x1DF1, 0x315, 0x62, 0x61, 0x5AE,
  0x300, 0x1DF1, 0x315, 0x62, 0xE0, 0x5AE, 0x1DF1, 0x315, 0x62, 0x61, 0x1DF1, 0x315,
  0x300, 0x5AE, 0x62, 0x61, 0x5AE, 0x1DF1, 0x300, 0x315, 0x62, 0x61, 0x5AE, 0x1DF1,
  0x300, 0x315, 0x62, 0x61, 0x315, 0x300, 0x5AE, 0x1DF2, 0x62, 0xE0, 0x5AE, 0x1DF2,
  0x315, 0x62, 0xE0, 0x5AE, 0x1DF2, 0x315, 0x62, 0x61, 0x5AE, 0x300, 0x1DF2, 0x315,
  0x62, 0xE0, 0x5AE, 0x1DF2, 0x315, 0x62, 0x61, 0x1DF2, 0x315, 0x300, 0x5AE, 0x62,
  0x61, 0x5AE, 0x1DF2, 0x300, 0x315, 0x62, 0x61, 0x5AE, 0x1DF2, 0x300, 0x315, 0x62,
  0x61, 0x315, 0x300, 0x5AE, 0x1DF3, 0x62, 0xE0, 0x5AE, 0x1DF3, 0x315, 0x62, 0xE0,
  0x5AE, 0x1DF3, 0x315, 0x62, 0x61, 0x5AE, 0x300, 0x1DF3, 0x315, 0x62, 0xE0, 0x5AE,
  0x1DF3, 0x315, 0x62, 0x61, 0x1DF3, 0x315, 0x300, 0x5AE, 0x62, 0x61, 0x5AE, 0x1DF3,
  0x300, 0x315, 0x62, 0x61, 0x5AE, 0x1DF3, 0x300, 0x315, 0x62, 0x61, 0x315, 0x300,
  0x5AE, 0x1DF4, 0x62, 0xE0, 0x5AE, 0x1DF4, 0x315, 0x62, 0xE0, 0x5AE, 0x1DF4, 0x315,
  0x62, 0x61, 0x5AE, 0x300, 0x1DF4, 0x315, 0x62, 0xE0, 0x5AE, 0x1DF4, 0x315, 0x62,
  0x61, 0x1DF4, 0x315, 0x300, 0x5AE, 0x62, 0x61, 0x5AE, 0x1DF4, 0x300, 0x315, 0x62,
  0x61, 0x5AE, 0x1DF4, 0x300, 0x315, 0x62, 0x61, 0x315, 0x300, 0x5AE, 0x1DF5, 0x62,
  0xE0, 0x5AE, 0x1DF5, 0x315, 0x62, 0xE0, 0x5AE, 0x1DF5, 0x315, 0x62, 0x61, 0x5AE,
  0x300, 0x1DF5, 0x315, 0x62, 0xE0, 0x5AE, 0x1DF5, 0x315, 0x62, 0x61, 0x1DF5, 0x315,
  0x300, 0x5AE, 0x62, 0x61, 0x5AE, 0x1DF5, 0x300, 0x315, 0x62, 0x61, 0x5AE, 0x1DF5,
  0x300, 0x315, 0x62, 0x61, 0x35C, 0x315, 0x300, 0x1DF6, 0x62, 0xE0, 0x315, 0x1DF6,
  0x35C, 0x62, 0xE0, 0x315, 0x1DF6, 0x35C, 0x62, 0x61, 0x300, 0x315, 0x1DF6, 0x35C,
  0x62, 0xE0, 0x315, 0x1DF6, 0x35C, 0x62, 0x61, 0x1DF6, 0x35C, 0x315, 0x300, 0x62,
  0xE0, 0x1DF6, 0x315, 0x35C, 0x62, 0xE0, 0x1DF6, 0x315, 0x35C, 0x62, 0x61, 0x300,
  0x1DF6, 0x315, 0x35C, 0x62, 0xE0, 0x1DF6, 0x315, 0x35C, 0x62, 0x61, 0x300, 0x5AE,
  0x1D16D, 0x1DF7, 0x62, 0xE0, 0x1D16D, 0x5AE, 0x1DF7, 0x62, 0xE0, 0x1D16D, 0x5AE, 0x1DF7,
  0x62, 0x61, 0x1D16D, 0x5AE, 0x1DF7, 0x300, 0x62, 0xE0, 0x1D16D, 0x5AE, 0x1DF7, 0x62,
  0x61, 0x1DF7, 0x300, 0x5AE, 0x1D16D, 0x62, 0xE0, 0x1D16D, 0x1DF7, 0x5AE, 0x62, 0xE0,
  0x1D16D, 0x1DF7, 0x5AE, 0x62, 0x61, 0x1D16D, 0x1DF7, 0x5AE, 0x300, 0x62, 0xE0, 0x1D16D,
  0x1DF7, 0x5AE, 0x62, 0x61, 0x300, 0x5AE, 0x1D16D, 0x1DF8, 0x62, 0xE0, 0x1D16D, 0x5AE,
  0x1DF8, 0x62, 0xE0, 0x1D16D, 0x5AE, 0x1DF8, 0x62, 0x61, 0x1D16D, 0x5AE, 0x1DF8, 0x300,
  0x62, 0xE0, 0x1D16D, 0x5AE, 0x1DF8, 0x62, 0x61, 0x1DF8, 0x300, 0x5AE, 0x1D16D, 0x62,
  0xE0, 0x1D16D, 0x1DF8, 0x5AE, 0x62, 0xE0, 0x1D16D, 0x1DF8, 0x5AE, 0x62, 0x61, 0x1D16D,
  0x1DF8, 0x5AE, 0x300, 0x62, 0xE0, 0x1D16D, 0x1DF8, 0x5AE, 0x62, 0x61, 0x59A, 0x316,
  0x1DFA, 0x1DF9, 0x62, 0x61, 0x1DFA, 0x316, 0x1DF9, 0x59A, 0x62, 0x61, 0x1DFA, 0x316,
  0x1DF9, 0x59A, 0x62, 0x61, 0x1DF9, 0x59A, 0x316, 0x1DFA, 0x62, 0x61, 0x1DFA, 0x1DF9,
  0x316, 0x59A, 0x62, 0x61, 0x1DFA, 0x1DF9, 0x316, 0x59A, 0x62, 0x61, 0x316, 0x1DFA,
  0x31B, 0x1DFA, 0x62, 0x61, 0x31B, 0x1DFA, 0x1DFA, 0x316, 0x62, 0x61, 0x31B, 0x1DFA,
  0x1DFA, 0x316, 0x62, 0x61, 0x1DFA, 0x316, 0x1DFA, 0x31B, 0x62, 0x61, 0x31B, 0x1DFA,
  0x1DFA, 0x316, 0x62, 0x61, 0x315, 0x300, 0x5AE, 0x1DFB, 0x62, 0xE0, 0x5AE, 0x1DFB,
  0x315, 0x62, 0xE0, 0x5AE, 0x1DFB, 0x315, 0x62, 0x61, 0x5AE, 0x300, 0x1DFB, 0x315,
  0x62, 0xE0, 0x5AE, 0x1DFB, 0x315, 0x62, 0x61, 0x1DFB, 0x315, 0x300, 0x5AE, 0x62,
  0x61, 0x5AE, 0x1DFB, 0x300, 0x315, 0x62, 0x61, 0x5AE, 0x1DFB, 0x300, 0x315, 0x62,
  0x61, 0x35D, 0x35C, 0x315, 0x1DFC, 0x62, 0x61, 0x315, 0x35C, 0x1DFC, 0x35D, 0x62,
  0x61, 0x315, 0x35C, 0x1DFC, 0x35D, 0x62, 0x61, 0x1DFC, 0x35D, 0x35C, 0x315, 0x62,
  0x61, 0x315, 0x1DFC, 0x35C, 0x35D, 0x62, 0x61, 0x315, 0x1DFC, 0x35C, 0x35D, 0x62,
  0x61, 0x59A, 0x316, 0x1DFA, 0x1DFD, 0x62, 0x61, 0x1DFA, 0x316, 0x1DFD, 0x59A, 0x62,
  0x61, 0x1DFA, 0x316, 0x1DFD, 0x59A, 0x62, 0x61, 0x1DFD, 0x59A, 0x316, 0x1DFA, 0x62,
  0x61, 0x1DFA, 0x1DFD, 0x316, 0x59A, 0x62, 0x61, 0x1DFA, 0x1DFD, 0x316, 0x59A, 0x62,
  0x61, 0x315, 0x300, 0x5AE, 0x1DFE, 0x62, 0xE0, 0x5AE, 0x1DFE, 0x315, 0x62, 0xE0,
  0x5AE, 0x1DFE, 0x315, 0x62, 0x61, 0x5AE, 0x300, 0x1DFE, 0x315, 0x62, 0xE0, 0x5AE,
  0x1DFE, 0x315, 0x62, 0x61, 0x1DFE, 0x315, 0x300, 0x5AE, 0x62, 0x61, 0x5AE, 0x1DFE,
  0x300, 0x315, 0x62, 0x61, 0x5AE, 0x1DFE, 0x300, 0x315, 0x62, 0x61, 0x59A, 0x316,
  0x1DFA, 0x1DFF, 0x62, 0x61, 0x1DFA, 0x316, 0x1DFF, 0x59A, 0x62, 0x61, 0x1DFA, 0x316,
  0x1DFF, 0x59A, 0x62, 0x61, 0x1DFF, 0x59A, 0x316, 0x1DFA, 0x62, 0x61, 0x1DFA, 0x1DFF,
  0x316, 0x59A, 0x62, 0x61, 0x1DFA, 0x1DFF, 0x316, 0x59A, 0x62, 0x61, 0x315, 0x300,
  0x5AE, 0x20D0, 0x62, 0xE0, 0x5AE, 0x20D0, 0x315, 0x62, 0xE0, 0x5AE, 0x20D0, 0x315,
  0x62, 0x61, 0x5AE, 0x300, 0x20D0, 0x315, 0x62, 0xE0, 0x5AE, 0x20D0, 0x315, 0x62,
  0x61, 0x20D0, 0x315, 0x300, 0x5AE, 0x62, 0x61, 0x5AE, 0x20D0, 0x300, 0x315, 0x62,
  0x61, 0x5AE, 0x20D0, 0x300, 0x315, 0x62, 0x61, 0x315, 0x300, 0x5AE, 0x20D1, 0x62,
  0xE0, 0x5AE, 0x20D1, 0x315, 0x62, 0xE0, 0x5AE, 0x20D1, 0x315, 0x62, 0x61, 0x5AE,
  0x300, 0x20D1, 0x315, 0x62, 0xE0, 0x5AE, 0x20D1, 0x315, 0x62, 0x61, 0x20D1, 0x315,
  0x300, 0x5AE, 0x62, 0x61, 0x5AE, 0x20D1, 0x300, 0x315, 0x62, 0x61, 0x5AE, 0x20D1,
  0x300, 0x315, 0x62, 0x61, 0x16FF0, 0x334, 0x20D2, 0x62, 0x61, 0x334, 0x20D2, 0x16FF0,
  0x62, 0x61, 0x334, 0x20D2, 0x16FF0, 0x62, 0x61, 0x20D2, 0x16FF0, 0x334, 0x62, 0x61,
  0x20D2, 0x334, 0x16FF0, 0x62, 0x61, 0x20D2, 0x334, 0x16FF0, 0x62, 0x61, 0x16FF0, 0x334,
  0x20D3, 0x62, 0x61, 0x334, 0x20D3, 0x16FF0, 0x62, 0x61, 0x334, 0x20D3, 0x16FF0, 0x62,
  0x61, 0x20D3, 0x16FF0, 0x334, 0x62, 0x61, 0x20D3, 0x334, 0x16FF0, 0x62, 0x61, 0x20D3,
  0x334, 0x16FF0, 0x62, 0x61, 0x315, 0x300, 0x5AE, 0x20D4, 0x62, 0xE0, 0x5AE, 0x20D4,
  0x315, 0x62, 0xE0, 0x5AE, 0x20D4, 0x315, 0x62, 0x61, 0x5AE, 0x300, 0x20D4, 0x315,
  0x62, 0xE0, 0x5AE, 0x20D4, 0x315, 0x62, 0x61, 0x20D4, 0x315, 0x300, 0x5AE, 0x62,
  0x61, 0x5AE, 0x20D4, 0x300, 0x315, 0x62, 0x61, 0x5AE, 0x20D4, 0x300, 0x315, 0x62,
  0x61, 0x315, 0x300, 0x5AE, 0x20D5, 0x62, 0xE0, 0x5AE, 0x20D5, 0x315, 0x62, 0xE0,
  0x5AE, 0x20D5, 0x315, 0x62, 0x61, 0x5AE, 0x300, 0x20D5, 0x315, 0x62, 0xE0, 0x5AE,
  0x20D5, 0x315, 0x62, 0x61, 0x20D5, 0x315, 0x300, 0x5AE, 0x62, 0x61, 0x5AE, 0x20D5,
  0x300, 0x315, 0x62, 0x61, 0x5AE, 0x20D5, 0x300, 0x315, 0x62, 0x61, 0x315, 0x300,
  0x5AE, 0x20D6, 0x62, 0xE0, 0x5AE, 0x20D6, 0x315, 0x62, 0xE0, 0x5AE, 0x20D6, 0x315,
  0x62, 0x61, 0x5AE, 0x300, 0x20D6, 0x315, 0x62, 0xE0, 0x5AE, 0x20D6, 0x315, 0x62,
  0x61, 0x20D6, 0x315, 0x300, 0x5AE, 0x62, 0x61, 0x5AE, 0x20D6, 0x300, 0x315, 0x62,
  0x61, 0x5AE, 0x20D6, 0x300, 0x315, 0x62, 0x61, 0x315, 0x300, 0x5AE, 0x20D7, 0x62,
  0xE0, 0x5AE, 0x20D7, 0x315, 0x62, 0xE0, 0x5AE, 0x20D7, 0x315, 0x62, 0x61, 0x5AE,
  0x300, 0x20D7, 0x315, 0x62, 0xE0, 0x5AE, 0x20D7, 0x315, 0x62, 0x61, 0x20D7, 0x315,
  0x300, 0x5AE, 0x62, 0x61, 0x5AE, 0x20D7, 0x300, 0x315, 0x62, 0x61, 0x5AE, 0x20D7,
  0x300, 0x315, 0x62, 0x61, 0x16FF0, 0x334, 0x20D8, 0x62, 0x61, 0x334, 0x20D8, 0x16FF0,
  0x62, 0x61, 0x334, 0x20D8, 0x16FF0, 0x62, 0x61, 0x20D8, 0x16FF0, 0x334, 0x62, 0x61,
  0x20D8, 0x334, 0x16FF0, 0x62, 0x61, 0x20D8, 0x334, 0x16FF0, 0x62, 0x61, 0x16FF0, 0x334,
  0x20D9, 0x62, 0x61, 0x334, 0x20D9, 0x16FF0, 0x62, 0x61, 0x334, 0x20D9, 0x16FF0, 0x62,
  0x61, 0x20D9, 0x16FF0, 0x334, 0x62, 0x61, 0x20D9, 0x334, 0x16FF0, 0x62, 0x61, 0x20D9,
  0x334, 0x16FF0, 0x62, 0x61, 0x16FF0, 0x334, 0x20DA, 0x62, 0x61, 0x334, 0x20DA, 0x16FF0,
  0x62, 0x61, 0x334, 0x20DA, 0x16FF0, 0x62, 0x61, 0x20DA, 0x16FF0, 0x334, 0x62, 0x61,
  0x20DA, 0x334, 0x16FF0, 0x62, 0x61, 0x20DA, 0x334, 0x16FF0, 0x62, 0x61, 0x315, 0x300,
  0x5AE, 0x20DB, 0x62, 0xE0, 0x5AE, 0x20DB, 0x315, 0x62, 0xE0, 0x5AE, 0x20DB, 0x315,
  0x62, 0x61, 0x5AE, 0x300, 0x20DB, 0x315, 0x62, 0xE0, 0x5AE, 0x20DB, 0x315, 0x62,
  0x61, 0x20DB, 0x315, 0x300, 0x5AE, 0x62, 0x61, 0x5AE, 0x20DB, 0x300, 0x315, 0x62,
  0x61, 0x5AE, 0x20DB, 0x300, 0x315, 0x62, 0x61, 0x315, 0x300, 0x5AE, 0x20DC, 0x62,
  0xE0, 0x5AE, 0x20DC, 0x315, 0x62, 0xE0, 0x5AE, 0x20DC, 0x315, 0x62, 0x61, 0x5AE,
  0x300, 0x20DC, 0x315, 0x62, 0xE0, 0x5AE, 0x20DC, 0x315, 0x62, 0x61, 0x20DC, 0x315,
  0x300, 0x5AE, 0x62, 0x61, 0x5AE, 0x20DC, 0x300, 0x315, 0x62, 0x61, 0x5AE, 0x20DC,
  0x300, 0x315, 0x62, 0x61, 0x315, 0x300, 0x5AE, 0x20E1, 0x62, 0xE0, 0x5AE, 0x20E1,
  0x315, 0x62, 0xE0, 0x5AE, 0x20E1, 0x315, 0x62, 0x61, 0x5AE, 0x300, 0x20E1, 0x315,
  0x62, 0xE0, 0x5AE, 0x20E1, 0x315, 0x62, 0x61, 0x20E1, 0x315, 0x300, 0x5AE, 0x62,
  0x61, 0x5AE, 0x20E1, 0x300, 0x315, 0x62, 0x61, 0x5AE, 0x20E1, 0x300, 0x315, 0x62,
  0x61, 0x16FF0, 0x334, 0x20E5, 0x62, 0x61, 0x334, 0x20E5, 0x16FF0, 0x62, 0x61, 0x334,
  0x20E5, 0x16FF0, 0x62, 0x61, 0x20E5, 0x16FF0, 0x334, 0x62, 0x61, 0x20E5, 0x334, 0x16FF0,
  0x62, 0x61, 0x20E5, 0x334, 0x16FF0, 0x62, 0x61, 0x16FF0, 0x334, 0x20E6, 0x62, 0x61,
  0x334, 0x20E6, 0x16FF0, 0x62, 0x61, 0x334, 0x20E6, 0x16FF0, 0x62, 0x61, 0x20E6, 0x16FF0,
  0x334, 0x62, 0x61, 0x20E6, 0x334, 0x16FF0, 0x62, 0x61, 0x20E6, 0x334, 0x16FF0, 0x62,
  0x61, 0x315, 0x300, 0x5AE, 0x20E7, 0x62, 0xE0, 0x5AE, 0x20E7, 0x315, 0x62, 0xE0,
  0x5AE, 0x20E7, 0x315, 0x62, 0x61, 0x5AE, 0x300, 0x20E7, 0x315, 0x62, 0xE0, 0x5AE,
  0x20E7, 0x315, 0x62, 0x61, 0x20E7, 0x315, 0x300, 0x5AE, 0x62, 0x61, 0x5AE, 0x20E7,
  0x300, 0x315, 0x62, 0x61, 0x5AE, 0x20E7, 0x300, 0x315, 0x62, 0x61, 0x59A, 0x316,
  0x1DFA, 0x20E8, 0x62, 0x61, 0x1DFA, 0x316, 0x20E8, 0x59A, 0x62, 0x61, 0x1DFA, 0x316,
  0x20E8, 0x59A, 0x62, 0x61, 0x20E8, 0x59A, 0x316, 0x1DFA, 0x62, 0x61, 0x1DFA, 0x20E8,
  0x316, 0x59A, 0x62, 0x61, 0x1DFA, 0x20E8, 0x316, 0x59A, 0x62, 0x61, 0x315, 0x300,
  0x5AE, 0x20E9, 0x62, 0xE0, 0x5AE, 0x20E9, 0x315, 0x62, 0xE0, 0x5AE, 0x20E9, 0x315,
  0x62, 0x61, 0x5AE, 0x300, 0x20E9, 0x315, 0x62, 0xE0, 0x5AE, 0x20E9, 0x315, 0x62,
  0x61, 0x20E9, 0x315, 0x300, 0x5AE, 0x62, 0x61, 0x5AE, 0x20E9, 0x300, 0x315, 0x62,
  0x61, 0x5AE, 0x20E9, 0x300, 0x315, 0x62, 0x61, 0x16FF0, 0x334, 0x20EA, 0x62, 0x61,
  0x334, 0x20EA, 0x16FF0, 0x62, 0x61, 0x334, 0x20EA, 0x16FF0, 0x62, 0x61, 0x20EA, 0x16FF0,
  0x334, 0x62, 0x61, 0x20EA, 0x334, 0x16FF0, 0x62, 0x61, 0x20EA, 0x334, 0x16FF0, 0x62,
  0x61, 0x16FF0, 0x334, 0x20EB, 0x62, 0x61, 0x334, 0x20EB, 0x16FF0, 0x62, 0x61, 0x334,
  0x20EB, 0x16FF0, 0x62, 0x61, 0x20EB, 0x16FF0, 0x334, 0x62, 0x61, 0x20EB, 0x334, 0x16FF0,
  0x62, 0x61, 0x20EB, 0x334, 0x16FF0, 0x62, 0x61, 0x59A, 0x316, 0x1DFA, 0x20EC, 0x62,
  0x61, 0x1DFA, 0x316, 0x20EC, 0x59A, 0x62, 0x61, 0x1DFA, 0x316, 0x20EC, 0x59A, 0x62,
  0x61, 0x20EC, 0x59A, 0x316, 0x1DFA, 0x62, 0x61, 0x1DFA, 0x20EC, 0x316, 0x59A, 0x62,
  0x61, 0x1DFA, 0x20EC, 0x316, 0x59A, 0x62, 0x61, 0x59A, 0x316, 0x1DFA, 0x20ED, 0x62,
  0x61, 0x1DFA, 0x316, 0x20ED, 0x59A, 0x62, 0x61, 0x1DFA, 0x316, 0x20ED, 0x59A, 0x62,
  0x61, 0x20ED, 0x59A, 0x316, 0x1DFA, 0x62, 0x61, 0x1DFA, 0x20ED, 0x316, 0x59A, 0x62,
  0x61, 0x1DFA, 0x20ED, 0x316, 0x59A, 0x62, 0x61, 0x59A, 0x316, 0x1DFA, 0x20EE, 0x62,
  0x61, 0x1DFA, 0x316, 0x20EE, 0x59A, 0x62, 0x61, 0x1DFA, 0x316, 0x20EE, 0x59A, 0x62,
  0x61, 0x20EE, 0x59A, 0x316, 0x1DFA, 0x62, 0x61, 0x1DFA, 0x20EE, 0x316, 0x59A, 0x62,
  0x61, 0x1DFA, 0x20EE, 0x316, 0x59A, 0x62, 0x61, 0x59A, 0x316, 0x1DFA, 0x20EF, 0x62,
  0x61, 0x1DFA, 0x316, 0x20EF, 0x59A, 0x62, 0x61, 0x1DFA, 0x316, 0x20EF, 0x59A, 0x62,
  0x61, 0x20EF, 0x59A, 0x316, 0x1DFA, 0x62, 0x61, 0x1DFA, 0x20EF, 0x316, 0x59A, 0x62,
  0x61, 0x1DFA, 0x20EF, 0x316, 0x59A, 0x62, 0x61, 0x315, 0x300, 0x5AE, 0x20F0, 0x62,
  0xE0, 0x5AE, 0x20F0, 0x315, 0x62, 0xE0, 0x5AE, 0x20F0, 0x315, 0x62, 0x61, 0x5AE,
  0x300, 0x20F0, 0x315, 0x62, 0xE0, 0x5AE, 0x20F0, 0x315, 0x62, 0x61, 0x20F0, 0x315,
  0x300, 0x5AE, 0x62, 0x61, 0x5AE, 0x20F0, 0x300, 0x315, 0x62, 0x61, 0x5AE, 0x20F0,
  0x300, 0x315, 0x62, 0x61, 0x315, 0x300, 0x5AE, 0x2CEF, 0x62, 0xE0, 0x5AE, 0x2CEF,
  0x315, 0x62, 0xE0, 0x5AE, 0x2CEF, 0x315, 0x62, 0x61, 0x5AE, 0x300, 0x2CEF, 0x315,
  0x62, 0xE0, 0x5AE, 0x2CEF, 0x315, 0x62, 0x61, 0x2CEF, 0x315, 0x300, 0x5AE, 0x62,
  0x61, 0x5AE, 0x2CEF, 0x300, 0x315, 0x62, 0x61, 0x5AE, 0x2CEF, 0x300, 0x315, 0x62,
  0x61, 0x315, 0x300, 0x5AE, 0x2CF0, 0x62, 0xE0, 0x5AE, 0x2CF0, 0x315, 0x62, 0xE0,
  0x5AE, 0x2CF0, 0x315, 0x62, 0x61, 0x5AE, 0x300, 0x2CF0, 0x315, 0x62, 0xE0, 0x5AE,
  0x2CF0, 0x315, 0x62, 0x61, 0x2CF0, 0x315, 0x300, 0x5AE, 0x62, 0x61, 0x5AE, 0x2CF0,
  0x300, 0x315, 0x62, 0x61, 0x5AE, 0x2CF0, 0x300, 0x315, 0x62, 0x61, 0x315, 0x300,
  0x5AE, 0x2CF1, 0x62, 0xE0, 0x5AE, 0x2CF1, 0x315, 0x62, 0xE0, 0x5AE, 0x2CF1, 0x315,
  0x62, 0x61, 0x5AE, 0x300, 0x2CF1, 0x315, 0x62, 0xE0, 0x5AE, 0x2CF1, 0x315, 0x62,
  0x61, 0x2CF1, 0x315, 0x300, 0x5AE, 0x62, 0x61, 0x5AE, 0x2CF1, 0x300, 0x315, 0x62,
  0x61, 0x5AE, 0x2CF1, 0x300, 0x315, 0x62, 0x61, 0x5B0, 0x94D, 0x3099, 0x2D7F, 0x62,
  0x61, 0x3099, 0x94D, 0x2D7F, 0x5B0, 0x62, 0x61, 0x3099, 0x94D, 0x2D7F, 0x5B0, 0x62,
  0x61, 0x2D7F, 0x5B0, 0x94D, 0x3099, 0x62, 0x61, 0x3099, 0x2D7F, 0x94D, 0x5B0, 0x62,
  0x61, 0x3099, 0x2D7F, 0x94D, 0x5B0, 0x62, 0x61, 0x315, 0x300, 0x5AE, 0x2DE0, 0x62,
  0xE0, 0x5AE, 0x2DE0, 0x315, 0x62, 0xE0, 0x5AE, 0x2DE0, 0x315, 0x62, 0x61, 0x5AE,
  0x300, 0x2DE0, 0x315, 0x62, 0xE0, 0x5AE, 0x2DE0, 0x315, 0x62, 0x61, 0x2DE0, 0x315,
  0x300, 0x5AE, 0x62, 0x61, 0x5AE, 0x2DE0, 0x300, 0x315, 0x62, 0x61, 0x5AE, 0x2DE0,
  0x300, 0x315, 0x62, 0x61, 0x315, 0x300, 0x5AE, 0x2DE1, 0x62, 0xE0, 0x5AE, 0x2DE1,
  0x315, 0x62, 0xE0, 0x5AE, 0x2DE1, 0x315, 0x62, 0x61, 0x5AE, 0x300, 0x2DE1, 0x315,
  0x62, 0xE0, 0x5AE, 0x2DE1, 0x315, 0x62, 0x61, 0x2DE1, 0x315, 0x300, 0x5AE, 0x62,
  0x61, 0x5AE, 0x2DE1, 0x300, 0x315, 0x62, 0x61, 0x5AE, 0x2DE1, 0x300, 0x315, 0x62,
  0x61, 0x315, 0x300, 0x5AE, 0x2DE2, 0x62, 0xE0, 0x5AE, 0x2DE2, 0x315, 0x62, 0xE0,
  0x5AE, 0x2DE2, 0x315, 0x62, 0x61, 0x5AE, 0x300, 0x2DE2, 0x315, 0x62, 0xE0, 0x5AE,
  0x2DE2, 0x315, 0x62, 0x61, 0x2DE2, 0x315, 0x300, 0x5AE, 0x62, 0x61, 0x5AE, 0x2DE2,
  0x300, 0x315, 0x62, 0x61, 0x5AE, 0x2DE2, 0x300, 0x315, 0x62, 0x61, 0x315, 0x300,
  0x5AE, 0x2DE3, 0x62, 0xE0, 0x5AE, 0x2DE3, 0x315, 0x62, 0xE0, 0x5AE, 0x2DE3, 0x315,
  0x62, 0x61, 0x5AE, 0x300, 0x2DE3, 0x315, 0x62, 0xE0, 0x5AE, 0x2DE3, 0x315, 0x62,
  0x61, 0x2DE3, 0x315, 0x300, 0x5AE, 0x62, 0x61, 0x5AE, 0x2DE3, 0x300, 0x315, 0x62,
  0x61, 0x5AE, 0x2DE3, 0x300, 0x315, 0x62, 0x61, 0x315, 0x300, 0x5AE, 0x2DE4, 0x62,
  0xE0, 0x5AE, 0x2DE4, 0x315, 0x62, 0xE0, 0x5AE, 0x2DE4, 0x315, 0x62, 0x61, 0x5AE,
  0x300, 0x2DE4, 0x315, 0x62, 0xE0, 0x5AE, 0x2DE4, 0x315, 0x62, 0x61, 0x2DE4, 0x315,
  0x300, 0x5AE, 0x62, 0x61, 0x5AE, 0x2DE4, 0x300, 0x315, 0x62, 0x61, 0x5AE, 0x2DE4,
  0x300, 0x315, 0x62, 0x61, 0x315, 0x300, 0x5AE, 0x2DE5, 0x62, 0xE0, 0x5AE, 0x2DE5,
  0x315, 0x62, 0xE0, 0x5AE, 0x2DE5, 0x315, 0x62, 0x61, 0x5AE, 0x300, 0x2DE5, 0x315,
  0x62, 0xE0, 0x5AE, 0x2DE5, 0x315, 0x62, 0x61, 0x2DE5, 0x315, 0x300, 0x5AE, 0x62,
  0x61, 0x5AE, 0x2DE5, 0x300, 0x315, 0x62, 0x61, 0x5AE, 0x2DE5, 0x300, 0x315, 0x62,
  0x61, 0x315, 0x300, 0x5AE, 0x2DE6, 0x62, 0xE0, 0x5AE, 0x2DE6, 0x315, 0x62, 0xE0,
  0x5AE, 0x2DE6, 0x315, 0x62, 0x61, 0x5AE, 0x300, 0x2DE6, 0x315, 0x62, 0xE0, 0x5AE,
  0x2DE6, 0x315, 0x62, 0x61, 0x2DE6, 0x315, 0x300, 0x5AE, 0x62, 0x61, 0x5AE, 0x2DE6,
  0x300, 0x315, 0x62, 0x61, 0x5AE, 0x2DE6, 0x300, 0x315, 0x62, 0x61, 0x315, 0x300,
  0x5AE, 0x2DE7, 0x62, 0xE0, 0x5AE, 0x2DE7, 0x315, 0x62, 0xE0, 0x5AE, 0x2DE7, 0x315,
  0x62, 0x61, 0x5AE, 0x300, 0x2DE7, 0x315, 0x62, 0xE0, 0x5AE, 0x2DE7, 0x315, 0x62,
  0x61, 0x2DE7, 0x315, 0x300, 0x5AE, 0x62, 0x61, 0x5AE, 0x2DE7, 0x300, 0x315, 0x62,
  0x61, 0x5AE, 0x2DE7, 0x300, 0x315, 0x62, 0x61, 0x315, 0x300, 0x5AE, 0x2DE8, 0x62,
  0xE0, 0x5AE, 0x2DE8, 0x315, 0x62, 0xE0, 0x5AE, 0x2DE8, 0x315, 0x62, 0x61, 0x5AE,
  0x300, 0x2DE8, 0x315, 0x62, 0xE0, 0x5AE, 0x2DE8, 0x315, 0x62, 0x61, 0x2DE8, 0x315,
  0x300, 0x5AE, 0x62, 0x61, 0x5AE, 0x2DE8, 0x300, 0x315, 0x62, 0x61, 0x5AE, 0x2DE8,
  0x300, 0x315, 0x62, 0x61, 0x315, 0x300, 0x5AE, 0x2DE9, 0x62, 0xE0, 0x5AE, 0x2DE9,
  0x315, 0x62, 0xE0, 0x5AE, 0x2DE9, 0x315, 0x62, 0x61, 0x5AE, 0x300, 0x2DE9, 0x315,
  0x62, 0xE0, 0x5AE, 0x2DE9, 0x315, 0x62, 0x61, 0x2DE9, 0x315, 0x300, 0x5AE, 0x62,
  0x61, 0x5AE, 0x2DE9, 0x300, 0x315, 0x62, 0x61, 0x5AE, 0x2DE9, 0x300, 0x315, 0x62,
  0x61, 0x315, 0x300, 0x5AE, 0x2DEA, 0x62, 0xE0, 0x5AE, 0x2DEA, 0x315, 0x62, 0xE0,
  0x5AE, 0x2DEA, 0x315, 0x62, 0x61, 0x5AE, 0x300, 0x2DEA, 0x315, 0x62, 0xE0, 0x5AE,
  0x2DEA, 0x315, 0x62, 0x61, 0x2DEA, 0x315, 0x300, 0x5AE, 0x62, 0x61, 0x5AE, 0x2DEA,
  0x300, 0x315, 0x62, 0x61, 0x5AE, 0x2DEA, 0x300, 0x315, 0x62, 0x61, 0x315, 0x300,
  0x5AE, 0x2DEB, 0x62, 0xE0, 0x5AE, 0x2DEB, 0x315, 0x62, 0xE0, 0x5AE, 0x2DEB, 0x315,
  0x62, 0x61, 0x5AE, 0x300, 0x2DEB, 0x315, 0x62, 0xE0, 0x5AE, 0x2DEB, 0x315, 0x62,
  0x61, 0x2DEB, 0x315, 0x300, 0x5AE, 0x62, 0x61, 0x5AE, 0x2DEB, 0x300, 0x315, 0x62,
  0x61, 0x5AE, 0x2DEB, 0x300, 0x315, 0x62, 0x61, 0x315, 0x300, 0x5AE, 0x2DEC, 0x62,
  0xE0, 0x5AE, 0x2DEC, 0x315, 0x62, 0xE0, 0x5AE, 0x2DEC, 0x315, 0x62, 0x61, 0x5AE,
  0x300, 0x2DEC, 0x315, 0x62, 0xE0, 0x5AE, 0x2DEC, 0x315, 0x62, 0x61, 0x2DEC, 0x315,
  0x300, 0x5AE, 0x62, 0x61, 0x5AE, 0x2DEC, 0x300, 0x315, 0x62, 0x61, 0x5AE, 0x2DEC,
  0x300, 0x315, 0x62, 0x61, 0x315, 0x300, 0x5AE, 0x2DED, 0x62, 0xE0, 0x5AE, 0x2DED,
  0x315, 0x62, 0xE0, 0x5AE, 0x2DED, 0x315, 0x62, 0x61, 0x5AE, 0x300, 0x2DED, 0x315,
  0x62, 0xE0, 0x5AE, 0x2DED, 0x315, 0x62, 0x61, 0x2DED, 0x315, 0x300, 0x5AE, 0x62,
  0x61, 0x5AE, 0x2DED, 0x300, 0x315, 0x62, 0x61, 0x5AE, 0x2DED, 0x300, 0x315, 0x62,
  0x61, 0x315, 0x300, 0x5AE, 0x2DEE, 0x62, 0xE0, 0x5AE, 0x2DEE, 0x315, 0x62, 0xE0,
  0x5AE, 0x2DEE, 0x315, 0x62, 0x61, 0x5AE, 0x300, 0x2DEE, 0x315, 0x62, 0xE0, 0x5AE,
  0x2DEE, 0x315, 0x62, 0x61, 0x2DEE, 0x315, 0x300, 0x5AE, 0x62, 0x61, 0x5AE, 0x2DEE,
  0x300, 0x315, 0x62, 0x61, 0x5AE, 0x2DEE, 0x300, 0x315, 0x62, 0x61, 0x315, 0x300,
  0x5AE, 0x2DEF, 0x62, 0xE0, 0x5AE, 0x2DEF, 0x315, 0x62, 0xE0, 0x5AE, 0x2DEF, 0x315,
  0x62, 0x61, 0x5AE, 0x300, 0x2DEF, 0x315, 0x62, 0xE0, 0x5AE, 0x2DEF, 0x315, 0x62,
  0x61, 0x2DEF, 0x315, 0x300, 0x5AE, 0x62, 0x61, 0x5AE, 0x2DEF, 0x300, 0x315, 0x62,
  0x61, 0x5AE, 0x2DEF, 0x300, 0x315, 0x62, 0x61, 0x315, 0x300, 0x5AE, 0x2DF0, 0x62,
  0xE0, 0x5AE, 0x2DF0, 0x315, 0x62, 0xE0, 0x5AE, 0x2DF0, 0x315, 0x62, 0x61, 0x5AE,
  0x300, 0x2DF0, 0x315, 0x62, 0xE0, 0x5AE, 0x2DF0, 0x315, 0x62, 0x61, 0x2DF0, 0x315,
  0x300, 0x5AE, 0x62, 0x61, 0x5AE, 0x2DF0, 0x300, 0x315, 0x62, 0x61, 0x5AE, 0x2DF0,
  0x300, 0x315, 0x62, 0x61, 0x315, 0x300, 0x5AE, 0x2DF1, 0x62, 0xE0, 0x5AE, 0x2DF1,
  0x315, 0x62, 0xE0, 0x5AE, 0x2DF1, 0x315, 0x62, 0x61, 0x5AE, 0x300, 0x2DF1, 0x315,
  0x62, 0xE0, 0x5AE, 0x2DF1, 0x315, 0x62, 0x61, 0x2DF1, 0x315, 0x300, 0x5AE, 0x62,
  0x61, 0x5AE, 0x2DF1, 0x300, 0x315, 0x62, 0x61, 0x5AE, 0x2DF1, 0x300, 0x315, 0x62,
  0x61, 0x315, 0x300, 0x5AE, 0x2DF2, 0x62, 0xE0, 0x5AE, 0x2DF2, 0x315, 0x62, 0xE0,
  0x5AE, 0x2DF2, 0x315, 0x62, 0x61, 0x5AE, 0x300, 0x2DF2, 0x315, 0x62, 0xE0, 0x5AE,
  0x2DF2, 0x315, 0x62, 0x61, 0x2DF2, 0x315, 0x300, 0x5AE, 0x62, 0x61, 0x5AE, 0x2DF2,
  0x300, 0x315, 0x62, 0x61, 0x5AE, 0x2DF2, 0x300, 0x315, 0x62, 0x61, 0x315, 0x300,
  0x5AE, 0x2DF3, 0x62, 0xE0, 0x5AE, 0x2DF3, 0x315, 0x62, 0xE0, 0x5AE, 0x2DF3, 0x315,
  0x62, 0x61, 0x5AE, 0x300, 0x2DF3, 0x315, 0x62, 0xE0, 0x5AE, 0x2DF3, 0x315, 0x62,
  0x61, 0x2DF3, 0x315, 0x300, 0x5AE, 0x62, 0x61, 0x5AE, 0x2DF3, 0x300, 0x315, 0x62,
  0x61, 0x5AE, 0x2DF3, 0x300, 0x315, 0x62, 0x61, 0x315, 0x300, 0x5AE, 0x2DF4, 0x62,
  0xE0, 0x5AE, 0x2DF4, 0x315, 0x62, 0xE0, 0x5AE, 0x2DF4, 0x315, 0x62, 0x61, 0x5AE,
  0x300, 0x2DF4, 0x315, 0x62, 0xE0, 0x5AE, 0x2DF4, 0x315, 0x62, 0x61, 0x2DF4, 0x315,
  0x300, 0x5AE, 0x62, 0x61, 0x5AE, 0x2DF4, 0x300, 0x315, 0x62, 0x61, 0x5AE, 0x2DF4,
  0x300, 0x315, 0x62, 0x61, 0x315, 0x300, 0x5AE, 0x2DF5, 0x62, 0xE0, 0x5AE, 0x2DF5,
  0x315, 0x62, 0xE0, 0x5AE, 0x2DF5, 0x315, 0x62, 0x61, 0x5AE, 0x300, 0x2DF5, 0x315,
  0x62, 0xE0, 0x5AE, 0x2DF5, 0x315, 0x62, 0x61, 0x2DF5, 0x315, 0x300, 0x5AE, 0x62,
  0x61, 0x5AE, 0x2DF5, 0x300, 0x315, 0x62, 0x61, 0x5AE, 0x2DF5, 0x300, 0x315, 0x62,
  0x61, 0x315, 0x300, 0x5AE, 0x2DF6, 0x62, 0xE0, 0x5AE, 0x2DF6, 0x315, 0x62, 0xE0,
  0x5AE, 0x2DF6, 0x315, 0x62, 0x61, 0x5AE, 0x300, 0x2DF6, 0x315, 0x62, 0xE0, 0x5AE,
  0x2DF6, 0x315, 0x62, 0x61, 0x2DF6, 0x315, 0x300, 0x5AE, 0x62, 0x61, 0x5AE, 0x2DF6,
  0x300, 0x315, 0x62, 0x61, 0x5AE, 0x2DF6, 0x300, 0x315, 0x62, 0x61, 0x315, 0x300,
  0x5AE, 0x2DF7, 0x62, 0xE0, 0x5AE, 0x2DF7, 0x315, 0x62, 0xE0, 0x5AE, 0x2DF7, 0x315,
  0x62, 0x61, 0x5AE, 0x300, 0x2DF7, 0x315, 0x62, 0xE0, 0x5AE, 0x2DF7, 0x315, 0x62,
  0x61, 0x2DF7, 0x315, 0x300, 0x5AE, 0x62, 0x61, 0x5AE, 0x2DF7, 0x300, 0x315, 0x62,
  0x61, 0x5AE, 0x2DF7, 0x300, 0x315, 0x62, 0x61, 0x315, 0x300, 0x5AE, 0x2DF8, 0x62,
  0xE0, 0x5AE, 0x2DF8, 0x315, 0x62, 0xE0, 0x5AE, 0x2DF8, 0x315, 0x62, 0x61, 0x5AE,
  0x300, 0x2DF8, 0x315, 0x62, 0xE0, 0x5AE, 0x2DF8, 0x315, 0x62, 0x61, 0x2DF8, 0x315,
  0x300, 0x5AE, 0x62, 0x61, 0x5AE, 0x2DF8, 0x300, 0x315, 0x62, 0x61, 0x5AE, 0x2DF8,
  0x300, 0x315, 0x62, 0x61, 0x315, 0x300, 0x5AE, 0x2DF9, 0x62, 0xE0, 0x5AE, 0x2DF9,
  0x315, 0x62, 0xE0, 0x5AE, 0x2DF9, 0x315, 0x62, 0x61, 0x5AE, 0x300, 0x2DF9, 0x315,
  0x62, 0xE0, 0x5AE, 0x2DF9, 0x315, 0x62, 0x61, 0x2DF9, 0x315, 0x300, 0x5AE, 0x62,
  0x61, 0x5AE, 0x2DF9, 0x300, 0x315, 0x62, 0x61, 0x5AE, 0x2DF9, 0x300, 0x315, 0x62,
  0x61, 0x315, 0x300, 0x5AE, 0x2DFA, 0x62, 0xE0, 0x5AE, 0x2DFA, 0x315, 0x62, 0xE0,
  0x5AE, 0x2DFA, 0x315, 0x62, 0x61, 0x5AE, 0x300, 0x2DFA, 0x315, 0x62, 0xE0, 0x5AE,
  0x2DFA, 0x315, 0x62, 0x61, 0x2DFA, 0x315, 0x300, 0x5AE, 0x62, 0x61, 0x5AE, 0x2DFA,
  0x300, 0x315, 0x62, 0x61, 0x5AE, 0x2DFA, 0x300, 0x315, 0x62, 0x61, 0x315, 0x300,
  0x5AE, 0x2DFB, 0x62, 0xE0, 0x5AE, 0x2DFB, 0x315, 0x62, 0xE0, 0x5AE, 0x2DFB, 0x315,
  0x62, 0x61, 0x5AE, 0x300, 0x2DFB, 0x315, 0x62, 0xE0, 0x5AE, 0x2DFB, 0x315, 0x62,
  0x61, 0x2DFB, 0x315, 0x300, 0x5AE, 0x62, 0x61, 0x5AE, 0x2DFB, 0x300, 0x315, 0x62,
  0x61, 0x5AE, 0x2DFB, 0x300, 0x315, 0x62, 0x61, 0x315, 0x300, 0x5AE, 0x2DFC, 0x62,
  0xE0, 0x5AE, 0x2DFC, 0x315, 0x62, 0xE0, 0x5AE, 0x2DFC, 0x315, 0x62, 0x61, 0x5AE,
  0x300, 0x2DFC, 0x315, 0x62, 0xE0, 0x5AE, 0x2DFC, 0x315, 0x62, 0x61, 0x2DFC, 0x315,
  0x300, 0x5AE, 0x62, 0x61, 0x5AE, 0x2DFC, 0x300, 0x315, 0x62, 0x61, 0x5AE, 0x2DFC,
  0x300, 0x315, 0x62, 0x61, 0x315, 0x300, 0x5AE, 0x2DFD, 0x62, 0xE0, 0x5AE, 0x2DFD,
  0x315, 0x62, 0xE0, 0x5AE, 0x2DFD, 0x315, 0x62, 0x61, 0x5AE, 0x300, 0x2DFD, 0x315,
  0x62, 0xE0, 0x5AE, 0x2DFD, 0x315, 0x62, 0x61, 0x2DFD, 0x315, 0x300, 0x5AE, 0x62,
  0x61, 0x5AE, 0x2DFD, 0x300, 0x315, 0x62, 0x61, 0x5AE, 0x2DFD, 0x300, 0x315, 0x62,
  0x61, 0x315, 0x300, 0x5AE, 0x2DFE, 0x62, 0xE0, 0x5AE, 0x2DFE, 0x315, 0x62, 0xE0,
  0x5AE, 0x2DFE, 0x315, 0x62, 0x61, 0x5AE, 0x300, 0x2DFE, 0x315, 0x62, 0xE0, 0x5AE,
  0x2DFE, 0x315, 0x62, 0x61, 0x2DFE, 0x315, 0x300, 0x5AE, 0x62, 0x61, 0x5AE, 0x2DFE,
  0x300, 0x315, 0x62, 0x61, 0x5AE, 0x2DFE, 0x300, 0x315, 0x62, 0x61, 0x315, 0x300,
  0x5AE, 0x2DFF, 0x62, 0xE0, 0x5AE, 0x2DFF, 0x315, 0x62, 0xE0, 0x5AE, 0x2DFF, 0x315,
  0x62, 0x61, 0x5AE, 0x300, 0x2DFF, 0x315, 0x62, 0xE0, 0x5AE, 0x2DFF, 0x315, 0x62,
  0x61, 0x2DFF, 0x315, 0x300, 0x5AE, 0x62, 0x61, 0x5AE, 0x2DFF, 0x300, 0x315, 0x62,
  0x61, 0x5AE, 0x2DFF, 0x300, 0x315, 0x62, 0x61, 0x316, 0x1DFA, 0x31B, 0x302A, 0x62,
  0x61, 0x31B, 0x1DFA, 0x302A, 0x316, 0x62, 0x61, 0x31B, 0x1DFA, 0x302A, 0x316, 0x62,
  0x61, 0x302A, 0x316, 0x1DFA, 0x31B, 0x62, 0x61, 0x31B, 0x302A, 0x1DFA, 0x316, 0x62,
  0x61, 0x31B, 0x302A, 0x1DFA, 0x316, 0x62, 0x61, 0x300, 0x5AE, 0x1D16D, 0x302B, 0x62,
  0xE0, 0x1D16D, 0x5AE, 0x302B, 0x62, 0xE0, 0x1D16D, 0x5AE, 0x302B, 0x62, 0x61, 0x1D16D,
  0x5AE, 0x302B, 0x300, 0x62, 0xE0, 0x1D16D, 0x5AE, 0x302B, 0x62, 0x61, 0x302B, 0x300,
  0x5AE, 0x1D16D, 0x62, 0xE0, 0x1D16D, 0x302B, 0x5AE, 0x62, 0xE0, 0x1D16D, 0x302B, 0x5AE,
  0x62, 0x61, 0x1D16D, 0x302B, 0x5AE, 0x300, 0x62, 0xE0, 0x1D16D, 0x302B, 0x5AE, 0x62,
  0x61, 0x35C, 0x315, 0x300, 0x302C, 0x62, 0xE0, 0x315, 0x302C, 0x35C, 0x62, 0xE0,
  0x315, 0x302C, 0x35C, 0x62, 0x61, 0x300, 0x315, 0x302C, 0x35C, 0x62, 0xE0, 0x315,
  0x302C, 0x35C, 0x62, 0x61, 0x302C, 0x35C, 0x315, 0x300, 0x62, 0xE0, 0x302C, 0x315,
  0x35C, 0x62, 0xE0, 0x302C, 0x315, 0x35C, 0x62, 0x61, 0x300, 0x302C, 0x315, 0x35C,
  0x62, 0xE0, 0x302C, 0x315, 0x35C, 0x62, 0x61, 0x302E, 0x59A, 0x316, 0x302D, 0x62,
  0x61, 0x316, 0x59A, 0x302D, 0x302E, 0x62, 0x61, 0x316, 0x59A, 0x302D, 0x302E, 0x62,
  0x61, 0x302D, 0x302E, 0x59A, 0x316, 0x62, 0x61, 0x316, 0x302D, 0x59A, 0x302E, 0x62,
  0x61, 0x316, 0x302D, 0x59A, 0x302E, 0x62, 0x61, 0x1D16D, 0x302E, 0x59A, 0x302E, 0x62,
  0x61, 0x59A, 0x302E, 0x302E, 0x1D16D, 0x62, 0x61, 0x59A, 0x302E, 0x302E, 0x1D16D, 0x62,
  0x61, 0x302E, 0x1D16D, 0x302E, 0x59A, 0x62, 0x61, 0x59A, 0x302E, 0x302E, 0x1D16D, 0x62,
  0x61, 0x1D16D, 0x302E, 0x59A, 0x302F, 0x62, 0x61, 0x59A, 0x302E, 0x302F, 0x1D16D, 0x62,
  0x61, 0x59A, 0x302E, 0x302F, 0x1D16D, 0x62, 0x61, 0x302F, 0x1D16D, 0x302E, 0x59A, 0x62,
  0x61, 0x59A, 0x302F, 0x302E, 0x1D16D, 0x62, 0x61, 0x59A, 0x302F, 0x302E, 0x1D16D, 0x62,
  0x61, 0x94D, 0x3099, 0x93C, 0x3099, 0x62, 0x61, 0x93C, 0x3099, 0x3099, 0x94D, 0x62,
  0x61, 0x93C, 0x3099, 0x3099, 0x94D, 0x62, 0x61, 0x3099, 0x94D, 0x3099, 0x93C, 0x62,
  0x61, 0x93C, 0x3099, 0x3099, 0x94D, 0x62, 0x61, 0x94D, 0x3099, 0x93C, 0x309A, 0x62,
  0x61, 0x93C, 0x3099, 0x309A, 0x94D, 0x62, 0x61, 0x93C, 0x3099, 0x309A, 0x94D, 0x62,
  0x61, 0x309A, 0x94D, 0x3099, 0x93C, 0x62, 0x61, 0x93C, 0x309A, 0x3099, 0x94D, 0x62,
  0x61, 0x93C, 0x309A, 0x3099, 0x94D, 0x62, 0x61, 0x315, 0x300, 0x5AE, 0xA66F, 0x62,
  0xE0, 0x5AE, 0xA66F, 0x315, 0x62, 0xE0, 0x5AE, 0xA66F, 0x315, 0x62, 0x61, 0x5AE,
  0x300, 0xA66F, 0x315, 0x62, 0xE0, 0x5AE, 0xA66F, 0x315, 0x62, 0x61, 0xA66F, 0x315,
  0x300, 0x5AE, 0x62, 0x61, 0x5AE, 0xA66F, 0x300, 0x315, 0x62, 0x61, 0x5AE, 0xA66F,
  0x300, 0x315, 0x62, 0x61, 0x315, 0x300, 0x5AE, 0xA674, 0x62, 0xE0, 0x5AE, 0xA674,
  0x315, 0x62, 0xE0, 0x5AE, 0xA674, 0x315, 0x62, 0x61, 0x5AE, 0x300, 0xA674, 0x315,
  0x62, 0xE0, 0x5AE, 0xA674, 0x315, 0x62, 0x61, 0xA674, 0x315, 0x300, 0x5AE, 0x62,
  0x61, 0x5AE, 0xA674, 0x300, 0x315, 0x62, 0x61, 0x5AE, 0xA674, 0x300, 0x315, 0x62,
  0x61, 0x315, 0x300, 0x5AE, 0xA675, 0x62, 0xE0, 0x5AE, 0xA675, 0x315, 0x62, 0xE0,
  0x5AE, 0xA675, 0x315, 0x62, 0x61, 0x5AE, 0x300, 0xA675, 0x315, 0x62, 0xE0, 0x5AE,
  0xA675, 0x315, 0x62, 0x61, 0xA675, 0x315, 0x300, 0x5AE, 0x62, 0x61, 0x5AE, 0xA675,
  0x300, 0x315, 0x62, 0x61, 0x5AE, 0xA675, 0x300, 0x315, 0x62, 0x61, 0x315, 0x300,
  0x5AE, 0xA676, 0x62, 0xE0, 0x5AE, 0xA676, 0x315, 0x62, 0xE0, 0x5AE, 0xA676, 0x315,
  0x62, 0x61, 0x5AE, 0x300, 0xA676, 0x315, 0x62, 0xE0, 0x5AE, 0xA676, 0x315, 0x62,
  0x61, 0xA676, 0x315, 0x300, 0x5AE, 0x62, 0x61, 0x5AE, 0xA676, 0x300, 0x315, 0x62,
  0x61, 0x5AE, 0xA676, 0x300, 0x315, 0x62, 0x61, 0x315, 0x300, 0x5AE, 0xA677, 0x62,
  0xE0, 0x5AE, 0xA677, 0x315, 0x62, 0xE0, 0x5AE, 0xA677, 0x315, 0x62, 0x61, 0x5AE,
  0x300, 0xA677, 0x315, 0x62, 0xE0, 0x5AE, 0xA677, 0x315, 0x62, 0x61, 0xA677, 0x315,
  0x300, 0x5AE, 0x62, 0x61, 0x5AE, 0xA677, 0x300, 0x315, 0x62, 0x61, 0x5AE, 0xA677,
  0x300, 0x315, 0x62, 0x61, 0x315, 0x300, 0x5AE, 0xA678, 0x62, 0xE0, 0x5AE, 0xA678,
  0x315, 0x62, 0xE0, 0x5AE, 0xA678, 0x315, 0x62, 0x61, 0x5AE, 0x300, 0xA678, 0x315,
  0x62, 0xE0, 0x5AE, 0xA678, 0x315, 0x62, 0x61, 0xA678, 0x315, 0x300, 0x5AE, 0x62,
  0x61, 0x5AE, 0xA678, 0x300, 0x315, 0x62, 0x61, 0x5AE, 0xA678, 0x300, 0x315, 0x62,
  0x61, 0x315, 0x300, 0x5AE, 0xA679, 0x62, 0xE0, 0x5AE, 0xA679, 0x315, 0x62, 0xE0,
  0x5AE, 0xA679, 0x315, 0x62, 0x61, 0x5AE, 0x300, 0xA679, 0x315, 0x62, 0xE0, 0x5AE,
  0xA679, 0x315, 0x62, 0x61, 0xA679, 0x315, 0x300, 0x5AE, 0x62, 0x61, 0x5AE, 0xA679,
  0x300, 0x315, 0x62, 0x61, 0x5AE, 0xA679, 0x300, 0x315, 0x62, 0x61, 0x315, 0x300,
  0x5AE, 0xA67A, 0x62, 0xE0, 0x5AE, 0xA67A, 0x315, 0x62, 0xE0, 0x5AE, 0xA67A, 0x315,
  0x62, 0x61, 0x5AE, 0x300, 0xA67A, 0x315, 0x62, 0xE0, 0x5AE, 0xA67A, 0x315, 0x62,
  0x61, 0xA67A, 0x315, 0x300, 0x5AE, 0x62, 0x61, 0x5AE, 0xA67A, 0x300, 0x315, 0x62,
  0x61, 0x5AE, 0xA67A, 0x300, 0x315, 0x62, 0x61, 0x315, 0x300, 0x5AE, 0xA67B, 0x62,
  0xE0, 0x5AE, 0xA67B, 0x315, 0x62, 0xE0, 0x5AE, 0xA67B, 0x315, 0x62, 0x61, 0x5AE,
  0x300, 0xA67B, 0x315, 0x62, 0xE0, 0x5AE, 0xA67B, 0x315, 0x62, 0x61, 0xA67B, 0x315,
  0x300, 0x5AE, 0x62, 0x61, 0x5AE, 0xA67B, 0x300, 0x315, 0x62, 0x61, 0x5AE, 0xA67B,
  0x300, 0x315, 0x62, 0x61, 0x315, 0x300, 0x5AE, 0xA67C, 0x62, 0xE0, 0x5AE, 0xA67C,
  0x315, 0x62, 0xE0, 0x5AE, 0xA67C, 0x315, 0x62, 0x61, 0x5AE, 0x300, 0xA67C, 0x315,
  0x62, 0xE0, 0x5AE, 0xA67C, 0x315, 0x62, 0x61, 0xA67C, 0x315, 0x300, 0x5AE, 0x62,
  0x61, 0x5AE, 0xA67C, 0x300, 0x315, 0x62, 0x61, 0x5AE, 0xA67C, 0x300, 0x315, 0x62,
  0x61, 0x315, 0x300, 0x5AE, 0xA67D, 0x62, 0xE0, 0x5AE, 0xA67D, 0x315, 0x62, 0xE0,
  0x5AE, 0xA67D, 0x315, 0x62, 0x61, 0x5AE, 0x300, 0xA67D, 0x315, 0x62, 0xE0, 0x5AE,
  0xA67D, 0x315, 0x62, 0x61, 0xA67D, 0x315, 0x300, 0x5AE, 0x62, 0x61, 0x5AE, 0xA67D,
  0x300, 0x315, 0x62, 0x61, 0x5AE, 0xA67D, 0x300, 0x315, 0x62, 0x61, 0x315, 0x300,
  0x5AE, 0xA69E, 0x62, 0xE0, 0x5AE, 0xA69E, 0x315, 0x62, 0xE0, 0x5AE, 0xA69E, 0x315,
  0x62, 0x61, 0x5AE, 0x300, 0xA69E, 0x315, 0x62, 0xE0, 0x5AE, 0xA69E, 0x315, 0x62,
  0x61, 0xA69E, 0x315, 0x300, 0x5AE, 0x62, 0x61, 0x5AE, 0xA69E, 0x300, 0x315, 0x62,
  0x61, 0x5AE, 0xA69E, 0x300, 0x315, 0x62, 0x61, 0x315, 0x300, 0x5AE, 0xA69F, 0x62,
  0xE0, 0x5AE, 0xA69F, 0x315, 0x62, 0xE0, 0x5AE, 0xA69F, 0x315, 0x62, 0x61, 0x5AE,
  0x300, 0xA69F, 0x315, 0x62, 0xE0, 0x5AE, 0xA69F, 0x315, 0x62, 0x61, 0xA69F, 0x315,
  0x300, 0x5AE, 0x62, 0x61, 0x5AE, 0xA69F, 0x300, 0x315, 0x62, 0x61, 0x5AE, 0xA69F,
  0x300, 0x315, 0x62, 0x61, 0x315, 0x300, 0x5AE, 0xA6F0, 0x62, 0xE0, 0x5AE, 0xA6F0,
  0x315, 0x62, 0xE0, 0x5AE, 0xA6F0, 0x315, 0x62, 0x61, 0x5AE, 0x300, 0xA6F0, 0x315,
  0x62, 0xE0, 0x5AE, 0xA6F0, 0x315, 0x62, 0x61, 0xA6F0, 0x315, 0x300, 0x5AE, 0x62,
  0x61, 0x5AE, 0xA6F0, 0x300, 0x315, 0x62, 0x61, 0x5AE, 0xA6F0, 0x300, 0x315, 0x62,
  0x61, 0x315, 0x300, 0x5AE, 0xA6F1, 0x62, 0xE0, 0x5AE, 0xA6F1, 0x315, 0x62, 0xE0,
  0x5AE, 0xA6F1, 0x315, 0x62, 0x61, 0x5AE, 0x300, 0xA6F1, 0x315, 0x62, 0xE0, 0x5AE,
  0xA6F1, 0x315, 0x62, 0x61, 0xA6F1, 0x315, 0x300, 0x5AE, 0x62, 0x61, 0x5AE, 0xA6F1,
  0x300, 0x315, 0x62, 0x61, 0x5AE, 0xA6F1, 0x300, 0x315, 0x62, 0x61, 0x5B0, 0x94D,
  0x3099, 0xA806, 0x62, 0x61, 0x3099, 0x94D, 0xA806, 0x5B0, 0x62, 0x61, 0x3099, 0x94D,
  0xA806, 0x5B0, 0x62, 0x61, 0xA806, 0x5B0, 0x94D, 0x3099, 0x62, 0x61, 0x3099, 0xA806,
  0x94D, 0x5B0, 0x62, 0x61, 0x3099, 0xA806, 0x94D, 0x5B0, 0x62, 0x61, 0x5B0, 0x94D,
  0x3099, 0xA82C, 0x62, 0x61, 0x3099, 0x94D, 0xA82C, 0x5B0, 0x62, 0x61, 0x3099, 0x94D,
  0xA82C, 0x5B0, 0x62, 0x61, 0xA82C, 0x5B0, 0x94D, 0x3099, 0x62, 0x61, 0x3099, 0xA82C,
  0x94D, 0x5B0, 0x62, 0x61, 0x3099, 0xA82C, 0x94D, 0x5B0, 0x62, 0x61, 0x5B0, 0x94D,
  0x3099, 0xA8C4, 0x62, 0x61, 0x3099, 0x94D, 0xA8C4, 0x5B0, 0x62, 0x61, 0x3099, 0x94D,
  0xA8C4, 0x5B0, 0x62, 0x61, 0xA8C4, 0x5B0, 0x94D, 0x3099, 0x62, 0x61, 0x3099, 0xA8C4,
  0x94D, 0x5B0, 0x62, 0x61, 0x3099, 0xA8C4, 0x94D, 0x5B0, 0x62, 0x61, 0x315, 0x300,
  0x5AE, 0xA8E0, 0x62, 0xE0, 0x5AE, 0xA8E0, 0x315, 0x62, 0xE0, 0x5AE, 0xA8E0, 0x315,
  0x62, 0x61, 0x5AE, 0x300, 0xA8E0, 0x315, 0x62, 0xE0, 0x5AE, 0xA8E0, 0x315, 0x62,
  0x61, 0xA8E0, 0x315, 0x300, 0x5AE, 0x62, 0x61, 0x5AE, 0xA8E0, 0x300, 0x315, 0x62,
  0x61, 0x5AE, 0xA8E0, 0x300, 0x315, 0x62, 0x61, 0x315, 0x300, 0x5AE, 0xA8E1, 0x62,
  0xE0, 0x5AE, 0xA8E1, 0x315, 0x62, 0xE0, 0x5AE, 0xA8E1, 0x315, 0x62, 0x61, 0x5AE,
  0x300, 0xA8E1, 0x315, 0x62, 0xE0, 0x5AE, 0xA8E1, 0x315, 0x62, 0x61, 0xA8E1, 0x315,
  0x300, 0x5AE, 0x62, 0x61, 0x5AE, 0xA8E1, 0x300, 0x315, 0x62, 0x61, 0x5AE, 0xA8E1,
  0x300, 0x315, 0x62, 0x61, 0x315, 0x300, 0x5AE, 0xA8E2, 0x62, 0xE0, 0x5AE, 0xA8E2,
  0x315, 0x62, 0xE0, 0x5AE, 0xA8E2, 0x315, 0x62, 0x61, 0x5AE, 0x300, 0xA8E2, 0x315,
  0x62, 0xE0, 0x5AE, 0xA8E2, 0x315, 0x62, 0x61, 0xA8E2, 0x315, 0x300, 0x5AE, 0x62,
  0x61, 0x5AE, 0xA8E2, 0x300, 0x315, 0x62, 0x61, 0x5AE, 0xA8E2, 0x300, 0x315, 0x62,
  0x61, 0x315, 0x300, 0x5AE, 0xA8E3, 0x62, 0xE0, 0x5AE, 0xA8E3, 0x315, 0x62, 0xE0,
  0x5AE, 0xA8E3, 0x315, 0x62, 0x61, 0x5AE, 0x300, 0xA8E3, 0x315, 0x62, 0xE0, 0x5AE,
  0xA8E3, 0x315, 0x62, 0x61, 0xA8E3, 0x315, 0x300, 0x5AE, 0x62, 0x61, 0x5AE, 0xA8E3,
  0x300, 0x315, 0x62, 0x61, 0x5AE, 0xA8E3, 0x300, 0x315, 0x62, 0x61, 0x315, 0x300,
  0x5AE, 0xA8E4, 0x62, 0xE0, 0x5AE, 0xA8E4, 0x315, 0x62, 0xE0, 0x5AE, 0xA8E4, 0x315,
  0x62, 0x61, 0x5AE, 0x300, 0xA8E4, 0x315, 0x62, 0xE0, 0x5AE, 0xA8E4, 0x315, 0x62,
  0x61, 0xA8E4, 0x315, 0x300, 0x5AE, 0x62, 0x61, 0x5AE, 0xA8E4, 0x300, 0x315, 0x62,
  0x61, 0x5AE, 0xA8E4, 0x300, 0x315, 0x62, 0x61, 0x315, 0x300, 0x5AE, 0xA8E5, 0x62,
  0xE0, 0x5AE, 0xA8E5, 0x315, 0x62, 0xE0, 0x5AE, 0xA8E5, 0x315, 0x62, 0x61, 0x5AE,
  0x300, 0xA8E5, 0x315, 0x62, 0xE0, 0x5AE, 0xA8E5, 0x315, 0x62, 0x61, 0xA8E5, 0x315,
  0x300, 0x5AE, 0x62, 0x61, 0x5AE, 0xA8E5, 0x300, 0x315, 0x62, 0x61, 0x5AE, 0xA8E5,
  0x300, 0x315, 0x62, 0x61, 0x315, 0x300, 0x5AE, 0xA8E6, 0x62, 0xE0, 0x5AE, 0xA8E6,
  0x315, 0x62, 0xE0, 0x5AE, 0xA8E6, 0x315, 0x62, 0x61, 0x5AE, 0x300, 0xA8E6, 0x315,
  0x62, 0xE0, 0x5AE, 0xA8E6, 0x315, 0x62, 0x61, 0xA8E6, 0x315, 0x300, 0x5AE, 0x62,
  0x61, 0x5AE, 0xA8E6, 0x300, 0x315, 0x62, 0x61, 0x5AE, 0xA8E6, 0x300, 0x315, 0x62,
  0x61, 0x315, 0x300, 0x5AE, 0xA8E7, 0x62, 0xE0, 0x5AE, 0xA8E7, 0x315, 0x62, 0xE0,
  0x5AE, 0xA8E7, 0x315, 0x62, 0x61, 0x5AE, 0x300, 0xA8E7, 0x315, 0x62, 0xE0, 0x5AE,
  0xA8E7, 0x315, 0x62, 0x61, 0xA8E7, 0x315, 0x300, 0x5AE, 0x62, 0x61, 0x5AE, 0xA8E7,
  0x300, 0x315, 0x62, 0x61, 0x5AE, 0xA8E7, 0x300, 0x315, 0x62, 0x61, 0x315, 0x300,
  0x5AE, 0xA8E8, 0x62, 0xE0, 0x5AE, 0xA8E8, 0x315, 0x62, 0xE0, 0x5AE, 0xA8E8, 0x315,
  0x62, 0x61, 0x5AE, 0x300, 0xA8E8, 0x315, 0x62, 0xE0, 0x5AE, 0xA8E8, 0x315, 0x62,
  0x61, 0xA8E8, 0x315, 0x300, 0x5AE, 0x62, 0x61, 0x5AE, 0xA8E8, 0x300, 0x315, 0x62,
  0x61, 0x5AE, 0xA8E8, 0x300, 0x315, 0x62, 0x61, 0x315, 0x300, 0x5AE, 0xA8E9, 0x62,
  0xE0, 0x5AE, 0xA8E9, 0x315, 0x62, 0xE0, 0x5AE, 0xA8E9, 0x315, 0x62, 0x61, 0x5AE,
  0x300, 0xA8E9, 0x315, 0x62, 0xE0, 0x5AE, 0xA8E9, 0x315, 0x62, 0x61, 0xA8E9, 0x315,
  0x300, 0x5AE, 0x62, 0x61, 0x5AE, 0xA8E9, 0x300, 0x315, 0x62, 0x61, 0x5AE, 0xA8E9,
  0x300, 0x315, 0x62, 0x61, 0x315, 0x300, 0x5AE, 0xA8EA, 0x62, 0xE0, 0x5AE, 0xA8EA,
  0x315, 0x62, 0xE0, 0x5AE, 0xA8EA, 0x315, 0x62, 0x61, 0x5AE, 0x300, 0xA8EA, 0x315,
  0x62, 0xE0, 0x5AE, 0xA8EA, 0x315, 0x62, 0x61, 0xA8EA, 0x315, 0x300, 0x5AE, 0x62,
  0x61, 0x5AE, 0xA8EA, 0x300, 0x315, 0x62, 0x61, 0x5AE, 0xA8EA, 0x300, 0x315, 0x62,
  0x61, 0x315, 0x300, 0x5AE, 0xA8EB, 0x62, 0xE0, 0x5AE, 0xA8EB, 0x315, 0x62, 0xE0,
  0x5AE, 0xA8EB, 0x315, 0x62, 0x61, 0x5AE, 0x300, 0xA8EB, 0x315, 0x62, 0xE0, 0x5AE,
  0xA8EB, 0x315, 0x62, 0x61, 0xA8EB, 0x315, 0x300, 0x5AE, 0x62, 0x61, 0x5AE, 0xA8EB,
  0x300, 0x315, 0x62, 0x61, 0x5AE, 0xA8EB, 0x300, 0x315, 0x62, 0x61, 0x315, 0x300,
  0x5AE, 0xA8EC, 0x62, 0xE0, 0x5AE, 0xA8EC, 0x315, 0x62, 0xE0, 0x5AE, 0xA8EC, 0x315,
  0x62, 0x61, 0x5AE, 0x300, 0xA8EC, 0x315, 0x62, 0xE0, 0x5AE, 0xA8EC, 0x315, 0x62,
  0x61, 0xA8EC, 0x315, 0x300, 0x5AE, 0x62, 0x61, 0x5AE, 0xA8EC, 0x300, 0x315, 0x62,
  0x61, 0x5AE, 0xA8EC, 0x300, 0x315, 0x62, 0x61, 0x315, 0x300, 0x5AE, 0xA8ED, 0x62,
  0xE0, 0x5AE, 0xA8ED, 0x315, 0x62, 0xE0, 0x5AE, 0xA8ED, 0x315, 0x62, 0x61, 0x5AE,
  0x300, 0xA8ED, 0x315, 0x62, 0xE0, 0x5AE, 0xA8ED, 0x315, 0x62, 0x61, 0xA8ED, 0x315,
  0x300, 0x5AE, 0x62, 0x61, 0x5AE, 0xA8ED, 0x300, 0x315, 0x62, 0x61, 0x5AE, 0xA8ED,
  0x300, 0x315, 0x62, 0x61, 0x315, 0x300, 0x5AE, 0xA8EE, 0x62, 0xE0, 0x5AE, 0xA8EE,
  0x315, 0x62, 0xE0, 0x5AE, 0xA8EE, 0x315, 0x62, 0x61, 0x5AE, 0x300, 0xA8EE, 0x315,
  0x62, 0xE0, 0x5AE, 0xA8EE, 0x315, 0x62, 0x61, 0xA8EE, 0x315, 0x300, 0x5AE, 0x62,
  0x61, 0x5AE, 0xA8EE, 0x300, 0x315, 0x62, 0x61, 0x5AE, 0xA8EE, 0x300, 0x315, 0x62,
  0x61, 0x315, 0x300, 0x5AE, 0xA8EF, 0x62, 0xE0, 0x5AE, 0xA8EF, 0x315, 0x62, 0xE0,
  0x5AE, 0xA8EF, 0x315, 0x62, 0x61, 0x5AE, 0x300, 0xA8EF, 0x315, 0x62, 0xE0, 0x5AE,
  0xA8EF, 0x315, 0x62, 0x61, 0xA8EF, 0x315, 0x300, 0x5AE, 0x62, 0x61, 0x5AE, 0xA8EF,
  0x300, 0x315, 0x62, 0x61, 0x5AE, 0xA8EF, 0x300, 0x315, 0x62, 0x61, 0x315, 0x300,
  0x5AE, 0xA8F0, 0x62, 0xE0, 0x5AE, 0xA8F0, 0x315, 0x62, 0xE0, 0x5AE, 0xA8F0, 0x315,
  0x62, 0x61, 0x5AE, 0x300, 0xA8F0, 0x315, 0x62, 0xE0, 0x5AE, 0xA8F0, 0x315, 0x62,
  0x61, 0xA8F0, 0x315, 0x300, 0x5AE, 0x62, 0x61, 0x5AE, 0xA8F0, 0x300, 0x315, 0x62,
  0x61, 0x5AE, 0xA8F0, 0x300, 0x315, 0x62, 0x61, 0x315, 0x300, 0x5AE, 0xA8F1, 0x62,
  0xE0, 0x5AE, 0xA8F1, 0x315, 0x62, 0xE0, 0x5AE, 0xA8F1, 0x315, 0x62, 0x61, 0x5AE,
  0x300, 0xA8F1, 0x315, 0x62, 0xE0, 0x5AE, 0xA8F1, 0x315, 0x62, 0x61, 0xA8F1, 0x315,
  0x300, 0x5AE, 0x62, 0x61, 0x5AE, 0xA8F1, 0x300, 0x315, 0x62, 0x61, 0x5AE, 0xA8F1,
  0x300, 0x315, 0x62, 0x61, 0x59A, 0x316, 0x1DFA, 0xA92B, 0x62, 0x61, 0x1DFA, 0x316,
  0xA92B, 0x59A, 0x62, 0x61, 0x1DFA, 0x316, 0xA92B, 0x59A, 0x62, 0x61, 0xA92B, 0x59A,
  0x316, 0x1DFA, 0x62, 0x61, 0x1DFA, 0xA92B, 0x316, 0x59A, 0x62, 0x61, 0x1DFA, 0xA92B,
  0x316, 0x59A, 0x62, 0x61, 0x59A, 0x316, 0x1DFA, 0xA92C, 0x62, 0x61, 0x1DFA, 0x316,
  0xA92C, 0x59A, 0x62, 0x61, 0x1DFA, 0x316, 0xA92C, 0x59A, 0x62, 0x61, 0xA92C, 0x59A,
  0x316, 0x1DFA, 0x62, 0x61, 0x1DFA, 0xA92C, 0x316, 0x59A, 0x62, 0x61, 0x1DFA, 0xA92C,
  0x316, 0x59A, 0x62, 0x61, 0x59A, 0x316, 0x1DFA, 0xA92D, 0x62, 0x61, 0x1DFA, 0x316,
  0xA92D, 0x59A, 0x62, 0x61, 0x1DFA, 0x316, 0xA92D, 0x59A, 0x62, 0x61, 0xA92D, 0x59A,
  0x316, 0x1DFA, 0x62, 0x61, 0x1DFA, 0xA92D, 0x316, 0x59A, 0x62, 0x61, 0x1DFA, 0xA92D,
  0x316, 0x59A, 0x62, 0x61, 0x5B0, 0x94D, 0x3099, 0xA953, 0x62, 0x61, 0x3099, 0x94D,
  0xA953, 0x5B0, 0x62, 0x61, 0x3099, 0x94D, 0xA953, 0x5B0, 0x62, 0x61, 0xA953, 0x5B0,
  0x94D, 0x3099, 0x62, 0x61, 0x3099, 0xA953, 0x94D, 0x5B0, 0x62, 0x61, 0x3099, 0xA953,
  0x94D, 0x5B0, 0x62, 0x61, 0x3099, 0x93C, 0x16FF0, 0xA9B3, 0x62, 0x61, 0x16FF0, 0x93C,
  0xA9B3, 0x3099, 0x62, 0x61, 0x16FF0, 0x93C, 0xA9B3, 0x3099, 0x62, 0x61, 0xA9B3, 0x3099,
  0x93C, 0x16FF0, 0x62, 0x61, 0x16FF0, 0xA9B3, 0x93C, 0x3099, 0x62, 0x61, 0x16FF0, 0xA9B3,
  0x93C, 0x3099, 0x62, 0x61, 0x5B0, 0x94D, 0x3099, 0xA9C0, 0x62, 0x61, 0x3099, 0x94D,
  0xA9C0, 0x5B0, 0x62, 0x61, 0x3099, 0x94D, 0xA9C0, 0x5B0, 0x62, 0x61, 0xA9C0, 0x5B0,
  0x94D, 0x3099, 0x62, 0x61, 0x3099, 0xA9C0, 0x94D, 0x5B0, 0x62, 0x61, 0x3099, 0xA9C0,
  0x94D, 0x5B0, 0x62, 0x61, 0x315, 0x300, 0x5AE, 0xAAB0, 0x62, 0xE0, 0x5AE, 0xAAB0,
  0x315, 0x62, 0xE0, 0x5AE, 0xAAB0, 0x315, 0x62, 0x61, 0x5AE, 0x300, 0xAAB0, 0x315,
  0x62, 0xE0, 0x5AE, 0xAAB0, 0x315, 0x62, 0x61, 0xAAB0, 0x315, 0x300, 0x5AE, 0x62,
  0x61, 0x5AE, 0xAAB0, 0x300, 0x315, 0x62, 0x61, 0x5AE, 0xAAB0, 0x300, 0x315, 0x62,
  0x61, 0x315, 0x300, 0x5AE, 0xAAB2, 0x62, 0xE0, 0x5AE, 0xAAB2, 0x315, 0x62, 0xE0,
  0x5AE, 0xAAB2, 0x315, 0x62, 0x61, 0x5AE, 0x300, 0xAAB2, 0x315, 0x62, 0xE0, 0x5AE,
  0xAAB2, 0x315, 0x62, 0x61, 0xAAB2, 0x315, 0x300, 0x5AE, 0x62, 0x61, 0x5AE, 0xAAB2,
  0x300, 0x315, 0x62, 0x61, 0x5AE, 0xAAB2, 0x300, 0x315, 0x62, 0x61, 0x315, 0x300,
  0x5AE, 0xAAB3, 0x62, 0xE0, 0x5AE, 0xAAB3, 0x315, 0x62, 0xE0, 0x5AE, 0xAAB3, 0x315,
  0x62, 0x61, 0x5AE, 0x300, 0xAAB3, 0x315, 0x62, 0xE0, 0x5AE, 0xAAB3, 0x315, 0x62,
  0x61, 0xAAB3, 0x315, 0x300, 0x5AE, 0x62, 0x61, 0x5AE, 0xAAB3, 0x300, 0x315, 0x62,
  0x61, 0x5AE, 0xAAB3, 0x300, 0x315, 0x62, 0x61, 0x59A, 0x316, 0x1DFA, 0xAAB4, 0x62,
  0x61, 0x1DFA, 0x316, 0xAAB4, 0x59A, 0x62, 0x61, 0x1DFA, 0x316, 0xAAB4, 0x59A, 0x62,
  0x61, 0xAAB4, 0x59A, 0x316, 0x1DFA, 0x62, 0x61, 0x1DFA, 0xAAB4, 0x316, 0x59A, 0x62,
  0x61, 0x1DFA, 0xAAB4, 0x316, 0x59A, 0x62, 0x61, 0x315, 0x300, 0x5AE, 0xAAB7, 0x62,
  0xE0, 0x5AE, 0xAAB7, 0x315, 0x62, 0xE0, 0x5AE, 0xAAB7, 0x315, 0x62, 0x61, 0x5AE,
  0x300, 0xAAB7, 0x315, 0x62, 0xE0, 0x5AE, 0xAAB7, 0x315, 0x62, 0x61, 0xAAB7, 0x315,
  0x300, 0x5AE, 0x62, 0x61, 0x5AE, 0xAAB7, 0x300, 0x315, 0x62, 0x61, 0x5AE, 0xAAB7,
  0x300, 0x315, 0x62, 0x61, 0x315, 0x300, 0x5AE, 0xAAB8, 0x62, 0xE0, 0x5AE, 0xAAB8,
  0x315, 0x62, 0xE0, 0x5AE, 0xAAB8, 0x315, 0x62, 0x61, 0x5AE, 0x300, 0xAAB8, 0x315,
  0x62, 0xE0, 0x5AE, 0xAAB8, 0x315, 0x62, 0x61, 0xAAB8, 0x315, 0x300, 0x5AE, 0x62,
  0x61, 0x5AE, 0xAAB8, 0x300, 0x315, 0x62, 0x61, 0x5AE, 0xAAB8, 0x300, 0x315, 0x62,
  0x61, 0x315, 0x300, 0x5AE, 0xAABE, 0x62, 0xE0, 0x5AE, 0xAABE, 0x315, 0x62, 0xE0,
  0x5AE, 0xAABE, 0x315, 0x62, 0x61, 0x5AE, 0x300, 0xAABE, 0x315, 0x62, 0xE0, 0x5AE,
  0xAABE, 0x315, 0x62, 0x61, 0xAABE, 0x315, 0x300, 0x5AE, 0x62, 0x61, 0x5AE, 0xAABE,
  0x300, 0x315, 0x62, 0x61, 0x5AE, 0xAABE, 0x300, 0x315, 0x62, 0x61, 0x315, 0x300,
  0x5AE, 0xAABF, 0x62, 0xE0, 0x5AE, 0xAABF, 0x315, 0x62, 0xE0, 0x5AE, 0xAABF, 0x315,
  0x62, 0x61, 0x5AE, 0x300, 0xAABF, 0x315, 0x62, 0xE0, 0x5AE, 0xAABF, 0x315, 0x62,
  0x61, 0xAABF, 0x315, 0x300, 0x5AE, 0x62, 0x61, 0x5AE, 0xAABF, 0x300, 0x315, 0x62,
  0x61, 0x5AE, 0xAABF, 0x300, 0x315, 0x62, 0x61, 0x315, 0x300, 0x5AE, 0xAAC1, 0x62,
  0xE0, 0x5AE, 0xAAC1, 0x315, 0x62, 0xE0, 0x5AE, 0xAAC1, 0x315, 0x62, 0x61, 0x5AE,
  0x300, 0xAAC1, 0x315, 0x62, 0xE0, 0x5AE, 0xAAC1, 0x315, 0x62, 0x61, 0xAAC1, 0x315,
  0x300, 0x5AE, 0x62, 0x61, 0x5AE, 0xAAC1, 0x300, 0x315, 0x62, 0x61, 0x5AE, 0xAAC1,
  0x300, 0x315, 0x62, 0x61, 0x5B0, 0x94D, 0x3099, 0xAAF6, 0x62, 0x61, 0x3099, 0x94D,
  0xAAF6, 0x5B0, 0x62, 0x61, 0x3099, 0x94D, 0xAAF6, 0x5B0, 0x62, 0x61, 0xAAF6, 0x5B0,
  0x94D, 0x3099, 0x62, 0x61, 0x3099, 0xAAF6, 0x94D, 0x5B0, 0x62, 0x61, 0x3099, 0xAAF6,
  0x94D, 0x5B0, 0x62, 0x61, 0x5B0, 0x94D, 0x3099, 0xABED, 0x62, 0x61, 0x3099, 0x94D,
  0xABED, 0x5B0, 0x62, 0x61, 0x3099, 0x94D, 0xABED, 0x5B0, 0x62, 0x61, 0xABED, 0x5B0,
  0x94D, 0x3099, 0x62, 0x61, 0x3099, 0xABED, 0x94D, 0x5B0, 0x62, 0x61, 0x3099, 0xABED,
  0x94D, 0x5B0, 0x62, 0x61, 0x64B, 0xFB1E, 0x5C2, 0xFB1E, 0x62, 0x61, 0x5C2, 0xFB1E,
  0xFB1E, 0x64B, 0x62, 0x61, 0x5C2, 0xFB1E, 0xFB1E, 0x64B, 0x62, 0x61, 0xFB1E, 0x64B,
  0xFB1E, 0x5C2, 0x62, 0x61, 0x5C2, 0xFB1E, 0xFB1E, 0x64B, 0x62, 0x61, 0x315, 0x300,
  0x5AE, 0xFE20, 0x62, 0xE0, 0x5AE, 0xFE20, 0x315, 0x62, 0xE0, 0x5AE, 0xFE20, 0x315,
  0x62, 0x61, 0x5AE, 0x300, 0xFE20, 0x315, 0x62, 0xE0, 0x5AE, 0xFE20, 0x315, 0x62,
  0x61, 0xFE20, 0x315, 0x300, 0x5AE, 0x62, 0x61, 0x5AE, 0xFE20, 0x300, 0x315, 0x62,
  0x61, 0x5AE, 0xFE20, 0x300, 0x315, 0x62, 0x61, 0x315, 0x300, 0x5AE, 0xFE21, 0x62,
  0xE0, 0x5AE, 0xFE21, 0x315, 0x62, 0xE0, 0x5AE, 0xFE21, 0x315, 0x62, 0x61, 0x5AE,
  0x300, 0xFE21, 0x315, 0x62, 0xE0, 0x5AE, 0xFE21, 0x315, 0x62, 0x61, 0xFE21, 0x315,
  0x300, 0x5AE, 0x62, 0x61, 0x5AE, 0xFE21, 0x300, 0x315, 0x62, 0x61, 0x5AE, 0xFE21,
  0x300, 0x315, 0x62, 0x61, 0x315, 0x300, 0x5AE, 0xFE22, 0x62, 0xE0, 0x5AE, 0xFE22,
  0x315, 0x62, 0xE0, 0x5AE, 0xFE22, 0x315, 0x62, 0x61, 0x5AE, 0x300, 0xFE22, 0x315,
  0x62, 0xE0, 0x5AE, 0xFE22, 0x315, 0x62, 0x61, 0xFE22, 0x315, 0x300, 0x5AE, 0x62,
  0x61, 0x5AE, 0xFE22, 0x300, 0x315, 0x62, 0x61, 0x5AE, 0xFE22, 0x300, 0x315, 0x62,
  0x61, 0x315, 0x300, 0x5AE, 0xFE23, 0x62, 0xE0, 0x5AE, 0xFE23, 0x315, 0x62, 0xE0,
  0x5AE, 0xFE23, 0x315, 0x62, 0x61, 0x5AE, 0x300, 0xFE23, 0x315, 0x62, 0xE0, 0x5AE,
  0xFE23, 0x315, 0x62, 0x61, 0xFE23, 0x315, 0x300, 0x5AE, 0x62, 0x61, 0x5AE, 0xFE23,
  0x300, 0x315, 0x62, 0x61, 0x5AE, 0xFE23, 0x300, 0x315, 0x62, 0x61, 0x315, 0x300,
  0x5AE, 0xFE24, 0x62, 0xE0, 0x5AE, 0xFE24, 0x315, 0x62, 0xE0, 0x5AE, 0xFE24, 0x315,
  0x62, 0x61, 0x5AE, 0x300, 0xFE24, 0x315, 0x62, 0xE0, 0x5AE, 0xFE24, 0x315, 0x62,
  0x61, 0xFE24, 0x315, 0x300, 0x5AE, 0x62, 0x61, 0x5AE, 0xFE24, 0x300, 0x315, 0x62,
  0x61, 0x5AE, 0xFE24, 0x300, 0x315, 0x62, 0x61, 0x315, 0x300, 0x5AE, 0xFE25, 0x62,
  0xE0, 0x5AE, 0xFE25, 0x315, 0x62, 0xE0, 0x5AE, 0xFE25, 0x315, 0x62, 0x61, 0x5AE,
  0x300, 0xFE25, 0x315, 0x62, 0xE0, 0x5AE, 0xFE25, 0x315, 0x62, 0x61, 0xFE25, 0x315,
  0x300, 0x5AE, 0x62, 0x61, 0x5AE, 0xFE25, 0x300, 0x315, 0x62, 0x61, 0x5AE, 0xFE25,
  0x300, 0x315, 0x62, 0x61, 0x315, 0x300, 0x5AE, 0xFE26, 0x62, 0xE0, 0x5AE, 0xFE26,
  0x315, 0x62, 0xE0, 0x5AE, 0xFE26, 0x315, 0x62, 0x61, 0x5AE, 0x300, 0xFE26, 0x315,
  0x62, 0xE0, 0x5AE, 0xFE26, 0x315, 0x62, 0x61, 0xFE26, 0x315, 0x300, 0x5AE, 0x62,
  0x61, 0x5AE, 0xFE26, 0x300, 0x315, 0x62, 0x61, 0x5AE, 0xFE26, 0x300, 0x315, 0x62,
  0x61, 0x59A, 0x316, 0x1DFA, 0xFE27, 0x62, 0x61, 0x1DFA, 0x316, 0xFE27, 0x59A, 0x62,
  0x61, 0x1DFA, 0x316, 0xFE27, 0x59A, 0x62, 0x61, 0xFE27, 0x59A, 0x316, 0x1DFA, 0x62,
  0x61, 0x1DFA, 0xFE27, 0x316, 0x59A, 0x62, 0x61, 0x1DFA, 0xFE27, 0x316, 0x59A, 0x62,
  0x61, 0x59A, 0x316, 0x1DFA, 0xFE28, 0x62, 0x61, 0x1DFA, 0x316, 0xFE28, 0x59A, 0x62,
  0x61, 0x1DFA, 0x316, 0xFE28, 0x59A, 0x62, 0x61, 0xFE28, 0x59A, 0x316, 0x1DFA, 0x62,
  0x61, 0x1DFA, 0xFE28, 0x316, 0x59A, 0x62, 0x61, 0x1DFA, 0xFE28, 0x316, 0x59A, 0x62,
  0x61, 0x59A, 0x316, 0x1DFA, 0xFE29, 0x62, 0x61, 0x1DFA, 0x316, 0xFE29, 0x59A, 0x62,
  0x61, 0x1DFA, 0x316, 0xFE29, 0x59A, 0x62, 0x61, 0xFE29, 0x59A, 0x316, 0x1DFA, 0x62,
  0x61, 0x1DFA, 0xFE29, 0x316, 0x59A, 0x62, 0x61, 0x1DFA, 0xFE29, 0x316, 0x59A, 0x62,
  0x61, 0x59A, 0x316, 0x1DFA, 0xFE2A, 0x62, 0x61, 0x1DFA, 0x316, 0xFE2A, 0x59A, 0x62,
  0x61, 0x1DFA, 0x316, 0xFE2A, 0x59A, 0x62, 0x61, 0xFE2A, 0x59A, 0x316, 0x1DFA, 0x62,
  0x61, 0x1DFA, 0xFE2A, 0x316, 0x59A, 0x62, 0x61, 0x1DFA, 0xFE2A, 0x316, 0x59A, 0x62,
  0x61, 0x59A, 0x316, 0x1DFA, 0xFE2B, 0x62, 0x61, 0x1DFA, 0x316, 0xFE2B, 0x59A, 0x62,
  0x61, 0x1DFA, 0x316, 0xFE2B, 0x59A, 0x62, 0x61, 0xFE2B, 0x59A, 0x316, 0x1DFA, 0x62,
  0x61, 0x1DFA, 0xFE2B, 0x316, 0x59A, 0x62, 0x61, 0x1DFA, 0xFE2B, 0x316, 0x59A, 0x62,
  0x61, 0x59A, 0x316, 0x1DFA, 0xFE2C, 0x62, 0x61, 0x1DFA, 0x316, 0xFE2C, 0x59A, 0x62,
  0x61, 0x1DFA, 0x316, 0xFE2C, 0x59A, 0x62, 0x61, 0xFE2C, 0x59A, 0x316, 0x1DFA, 0x62,
  0x61, 0x1DFA, 0xFE2C, 0x316, 0x59A, 0x62, 0x61, 0x1DFA, 0xFE2C, 0x316, 0x59A, 0x62,
  0x61, 0x59A, 0x316, 0x1DFA, 0xFE2D, 0x62, 0x61, 0x1DFA, 0x316, 0xFE2D, 0x59A, 0x62,
  0x61, 0x1DFA, 0x316, 0xFE2D, 0x59A, 0x62, 0x61, 0xFE2D, 0x59A, 0x316, 0x1DFA, 0x62,
  0x61, 0x1DFA, 0xFE2D, 0x316, 0x59A, 0x62, 0x61, 0x1DFA, 0xFE2D, 0x316, 0x59A, 0x62,
  0x61, 0x315, 0x300, 0x5AE, 0xFE2E, 0x62, 0xE0, 0x5AE, 0xFE2E, 0x315, 0x62, 0xE0,
  0x5AE, 0xFE2E, 0x315, 0x62, 0x61, 0x5AE, 0x300, 0xFE2E, 0x315, 0x62, 0xE0, 0x5AE,
  0xFE2E, 0x315, 0x62, 0x61, 0xFE2E, 0x315, 0x300, 0x5AE, 0x62, 0x61, 0x5AE, 0xFE2E,
  0x300, 0x315, 0x62, 0x61, 0x5AE, 0xFE2E, 0x300, 0x315, 0x62, 0x61, 0x315, 0x300,
  0x5AE, 0xFE2F, 0x62, 0xE0, 0x5AE, 0xFE2F, 0x315, 0x62, 0xE0, 0x5AE, 0xFE2F, 0x315,
  0x62, 0x61, 0x5AE, 0x300, 0xFE2F, 0x315, 0x62, 0xE0, 0x5AE, 0xFE2F, 0x315, 0x62,
  0x61, 0xFE2F, 0x315, 0x300, 0x5AE, 0x62, 0x61, 0x5AE, 0xFE2F, 0x300, 0x315, 0x62,
  0x61, 0x5AE, 0xFE2F, 0x300, 0x315, 0x62, 0x61, 0x59A, 0x316, 0x1DFA, 0x101FD, 0x62,
  0x61, 0x1DFA, 0x316, 0x101FD, 0x59A, 0x62, 0x61, 0x1DFA, 0x316, 0x101FD, 0x59A, 0x62,
  0x61, 0x101FD, 0x59A, 0x316, 0x1DFA, 0x62, 0x61, 0x1DFA, 0x101FD, 0x316, 0x59A, 0x62,
  0x61, 0x1DFA, 0x101FD, 0x316, 0x59A, 0x62, 0x61, 0x59A, 0x316, 0x1DFA, 0x102E0, 0x62,
  0x61, 0x1DFA, 0x316, 0x102E0, 0x59A, 0x62, 0x61, 0x1DFA, 0x316, 0x102E0, 0x59A, 0x62,
  0x61, 0x102E0, 0x59A, 0x316, 0x1DFA, 0x62, 0x61, 0x1DFA, 0x102E0, 0x316, 0x59A, 0x62,
  0x61, 0x1DFA, 0x102E0, 0x316, 0x59A, 0x62, 0x61, 0x315, 0x300, 0x5AE, 0x10376, 0x62,
  0xE0, 0x5AE, 0x10376, 0x315, 0x62, 0xE0, 0x5AE, 0x10376, 0x315, 0x62, 0x61, 0x5AE,
  0x300, 0x10376, 0x315, 0x62, 0xE0, 0x5AE, 0x10376, 0x315, 0x62, 0x61, 0x10376, 0x315,
  0x300, 0x5AE, 0x62, 0x61, 0x5AE, 0x10376, 0x300, 0x315, 0x62, 0x61, 0x5AE, 0x10376,
  0x300, 0x315, 0x62, 0x61, 0x315, 0x300, 0x5AE, 0x10377, 0x62, 0xE0, 0x5AE, 0x10377,
  0x315, 0x62, 0xE0, 0x5AE, 0x10377, 0x315, 0x62, 0x61, 0x5AE, 0x300, 0x10377, 0x315,
  0x62, 0xE0, 0x5AE, 0x10377, 0x315, 0x62, 0x61, 0x10377, 0x315, 0x300, 0x5AE, 0x62,
  0x61, 0x5AE, 0x10377, 0x300, 0x315, 0x62, 0x61, 0x5AE, 0x10377, 0x300, 0x315, 0x62,
  0x61, 0x315, 0x300, 0x5AE, 0x10378, 0x62, 0xE0, 0x5AE, 0x10378, 0x315, 0x62, 0xE0,
  0x5AE, 0x10378, 0x315, 0x62, 0x61, 0x5AE, 0x300, 0x10378, 0x315, 0x62, 0xE0, 0x5AE,
  0x10378, 0x315, 0x62, 0x61, 0x10378, 0x315, 0x300, 0x5AE, 0x62, 0x61, 0x5AE, 0x10378,
  0x300, 0x315, 0x62, 0x61, 0x5AE, 0x10378, 0x300, 0x315, 0x62, 0x61, 0x315, 0x300,
  0x5AE, 0x10379, 0x62, 0xE0, 0x5AE, 0x10379, 0x315, 0x62, 0xE0, 0x5AE, 0x10379, 0x315,
  0x62, 0x61, 0x5AE, 0x300, 0x10379, 0x315, 0x62, 0xE0, 0x5AE, 0x10379, 0x315, 0x62,
  0x61, 0x10379, 0x315, 0x300, 0x5AE, 0x62, 0x61, 0x5AE, 0x10379, 0x300, 0x315, 0x62,
  0x61, 0x5AE, 0x10379, 0x300, 0x315, 0x62, 0x61, 0x315, 0x300, 0x5AE, 0x1037A, 0x62,
  0xE0, 0x5AE, 0x1037A, 0x315, 0x62, 0xE0, 0x5AE, 0x1037A, 0x315, 0x62, 0x61, 0x5AE,
  0x300, 0x1037A, 0x315, 0x62, 0xE0, 0x5AE, 0x1037A, 0x315, 0x62, 0x61, 0x1037A, 0x315,
  0x300, 0x5AE, 0x62, 0x61, 0x5AE, 0x1037A, 0x300, 0x315, 0x62, 0x61, 0x5AE, 0x1037A,
  0x300, 0x315, 0x62, 0x61, 0x59A, 0x316, 0x1DFA, 0x10A0D, 0x62, 0x61, 0x1DFA, 0x316,
  0x10A0D, 0x59A, 0x62, 0x61, 0x1DFA, 0x316, 0x10A0D, 0x59A, 0x62, 0x61, 0x10A0D, 0x59A,
  0x316, 0x1DFA, 0x62, 0x61, 0x1DFA, 0x10A0D, 0x316, 0x59A, 0x62, 0x61, 0x1DFA, 0x10A0D,
  0x316, 0x59A, 0x62, 0x61, 0x315, 0x300, 0x5AE, 0x10A0F, 0x62, 0xE0, 0x5AE, 0x10A0F,
  0x315, 0x62, 0xE0, 0x5AE, 0x10A0F, 0x315, 0x62, 0x61, 0x5AE, 0x300, 0x10A0F, 0x315,
  0x62, 0xE0, 0x5AE, 0x10A0F, 0x315, 0x62, 0x61, 0x10A0F, 0x315, 0x300, 0x5AE, 0x62,
  0x61, 0x5AE, 0x10A0F, 0x300, 0x315, 0x62, 0x61, 0x5AE, 0x10A0F, 0x300, 0x315, 0x62,
  0x61, 0x315, 0x300, 0x5AE, 0x10A38, 0x62, 0xE0, 0x5AE, 0x10A38, 0x315, 0x62, 0xE0,
  0x5AE, 0x10A38, 0x315, 0x62, 0x61, 0x5AE, 0x300, 0x10A38, 0x315, 0x62, 0xE0, 0x5AE,
  0x10A38, 0x315, 0x62, 0x61, 0x10A38, 0x315, 0x300, 0x5AE, 0x62, 0x61, 0x5AE, 0x10A38,
  0x300, 0x315, 0x62, 0x61, 0x5AE, 0x10A38, 0x300, 0x315, 0x62, 0x61, 0x16FF0, 0x334,
  0x10A39, 0x62, 0x61, 0x334, 0x10A39, 0x16FF0, 0x62, 0x61, 0x334, 0x10A39, 0x16FF0, 0x62,
  0x61, 0x10A39, 0x16FF0, 0x334, 0x62, 0x61, 0x10A39, 0x334, 0x16FF0, 0x62, 0x61, 0x10A39,
  0x334, 0x16FF0, 0x62, 0x61, 0x59A, 0x316, 0x1DFA, 0x10A3A, 0x62, 0x61, 0x1DFA, 0x316,
  0x10A3A, 0x59A, 0x62, 0x61, 0x1DFA, 0x316, 0x10A3A, 0x59A, 0x62, 0x61, 0x10A3A, 0x59A,
  0x316, 0x1DFA, 0x62, 0x61, 0x1DFA, 0x10A3A, 0x316, 0x59A, 0x62, 0x61, 0x1DFA, 0x10A3A,
  0x316, 0x59A, 0x62, 0x61, 0x5B0, 0x94D, 0x3099, 0x10A3F, 0x62, 0x61, 0x3099, 0x94D,
  0x10A3F, 0x5B0, 0x62, 0x61, 0x3099, 0x94D, 0x10A3F, 0x5B0, 0x62, 0x61, 0x10A3F, 0x5B0,
  0x94D, 0x3099, 0x62, 0x61, 0x3099, 0x10A3F, 0x94D, 0x5B0, 0x62, 0x61, 0x3099, 0x10A3F,
  0x94D, 0x5B0, 0x62, 0x61, 0x315, 0x300, 0x5AE, 0x10AE5, 0x62, 0xE0, 0x5AE, 0x10AE5,
  0x315, 0x62, 0xE0, 0x5AE, 0x10AE5, 0x315, 0x62, 0x61, 0x5AE, 0x300, 0x10AE5, 0x315,
  0x62, 0xE0, 0x5AE, 0x10AE5, 0x315, 0x62, 0x61, 0x10AE5, 0x315, 0x300, 0x5AE, 0x62,
  0x61, 0x5AE, 0x10AE5, 0x300, 0x315, 0x62, 0x61, 0x5AE, 0x10AE5, 0x300, 0x315, 0x62,
  0x61, 0x59A, 0x316, 0x1DFA, 0x10AE6, 0x62, 0x61, 0x1DFA, 0x316, 0x10AE6, 0x59A, 0x62,
  0x61, 0x1DFA, 0x316, 0x10AE6, 0x59A, 0x62, 0x61, 0x10AE6, 0x59A, 0x316, 0x1DFA, 0x62,
  0x61, 0x1DFA, 0x10AE6, 0x316, 0x59A, 0x62, 0x61, 0x1DFA, 0x10AE6, 0x316, 0x59A, 0x62,
  0x61, 0x315, 0x300, 0x5AE, 0x10D24, 0x62, 0xE0, 0x5AE, 0x10D24, 0x315, 0x62, 0xE0,
  0x5AE, 0x10D24, 0x315, 0x62, 0x61, 0x5AE, 0x300, 0x10D24, 0x315, 0x62, 0xE0, 0x5AE,
  0x10D24, 0x315, 0x62, 0x61, 0x10D24, 0x315, 0x300, 0x5AE, 0x62, 0x61, 0x5AE, 0x10D24,
  0x300, 0x315, 0x62, 0x61, 0x5AE, 0x10D24, 0x300, 0x315, 0x62, 0x61, 0x315, 0x300,
  0x5AE, 0x10D25, 0x62, 0xE0, 0x5AE, 0x10D25, 0x315, 0x62, 0xE0, 0x5AE, 0x10D25, 0x315,
  0x62, 0x61, 0x5AE, 0x300, 0x10D25, 0x315, 0x62, 0xE0, 0x5AE, 0x10D25, 0x315, 0x62,
  0x61, 0x10D25, 0x315, 0x300, 0x5AE, 0x62, 0x61, 0x5AE, 0x10D25, 0x300, 0x315, 0x62,
  0x61, 0x5AE, 0x10D25, 0x300, 0x315, 0x62, 0x61, 0x315, 0x300, 0x5AE, 0x10D26, 0x62,
  0xE0, 0x5AE, 0x10D26, 0x315, 0x62, 0xE0, 0x5AE, 0x10D26, 0x315, 0x62, 0x61, 0x5AE,
  0x300, 0x10D26, 0x315, 0x62, 0xE0, 0x5AE, 0x10D26, 0x315, 0x62, 0x61, 0x10D26, 0x315,
  0x300, 0x5AE, 0x62, 0x61, 0x5AE, 0x10D26, 0x300, 0x315, 0x62, 0x61, 0x5AE, 0x10D26,
  0x300, 0x315, 0x62, 0x61, 0x315, 0x300, 0x5AE, 0x10D27, 0x62, 0xE0, 0x5AE, 0x10D27,
  0x315, 0x62, 0xE0, 0x5AE, 0x10D27, 0x315, 0x62, 0x61, 0x5AE, 0x300, 0x10D27, 0x315,
  0x62, 0xE0, 0x5AE, 0x10D27, 0x315, 0x62, 0x61, 0x10D27, 0x315, 0x300, 0x5AE, 0x62,
  0x61, 0x5AE, 0x10D27, 0x300, 0x315, 0x62, 0x61, 0x5AE, 0x10D27, 0x300, 0x315, 0x62,
  0x61, 0x315, 0x300, 0x5AE, 0x10D69, 0x62, 0xE0, 0x5AE, 0x10D69, 0x315, 0x62, 0xE0,
  0x5AE, 0x10D69, 0x315, 0x62, 0x61, 0x5AE, 0x300, 0x10D69, 0x315, 0x62, 0xE0, 0x5AE,
  0x10D69, 0x315, 0x62, 0x61, 0x10D69, 0x315, 0x300, 0x5AE, 0x62, 0x61, 0x5AE, 0x10D69,
  0x300, 0x315, 0x62, 0x61, 0x5AE, 0x10D69, 0x300, 0x315, 0x62, 0x61, 0x315, 0x300,
  0x5AE, 0x10D6A, 0x62, 0xE0, 0x5AE, 0x10D6A, 0x315, 0x62, 0xE0, 0x5AE, 0x10D6A, 0x315,
  0x62, 0x61, 0x5AE, 0x300, 0x10D6A, 0x315, 0x62, 0xE0, 0x5AE, 0x10D6A, 0x315, 0x62,
  0x61, 0x10D6A, 0x315, 0x300, 0x5AE, 0x62, 0x61, 0x5AE, 0x10D6A, 0x300, 0x315, 0x62,
  0x61, 0x5AE, 0x10D6A, 0x300, 0x315, 0x62, 0x61, 0x315, 0x300, 0x5AE, 0x10D6B, 0x62,
  0xE0, 0x5AE, 0x10D6B, 0x315, 0x62, 0xE0, 0x5AE, 0x10D6B, 0x315, 0x62, 0x61, 0x5AE,
  0x300, 0x10D6B, 0x315, 0x62, 0xE0, 0x5AE, 0x10D6B, 0x315, 0x62, 0x61, 0x10D6B, 0x315,
  0x300, 0x5AE, 0x62, 0x61, 0x5AE, 0x10D6B, 0x300, 0x315, 0x62, 0x61, 0x5AE, 0x10D6B,
  0x300, 0x315, 0x62, 0x61, 0x315, 0x300, 0x5AE, 0x10D6C, 0x62, 0xE0, 0x5AE, 0x10D6C,
  0x315, 0x62, 0xE0, 0x5AE, 0x10D6C, 0x315, 0x62, 0x61, 0x5AE, 0x300, 0x10D6C, 0x315,
  0x62, 0xE0, 0x5AE, 0x10D6C, 0x315, 0x62, 0x61, 0x10D6C, 0x315, 0x300, 0x5AE, 0x62,
  0x61, 0x5AE, 0x10D6C, 0x300, 0x315, 0x62, 0x61, 0x5AE, 0x10D6C, 0x300, 0x315, 0x62,
  0x61, 0x315, 0x300, 0x5AE, 0x10D6D, 0x62, 0xE0, 0x5AE, 0x10D6D, 0x315, 0x62, 0xE0,
  0x5AE, 0x10D6D, 0x315, 0x62, 0x61, 0x5AE, 0x300, 0x10D6D, 0x315, 0x62, 0xE0, 0x5AE,
  0x10D6D, 0x315, 0x62, 0x61, 0x10D6D, 0x315, 0x300, 0x5AE, 0x62, 0x61, 0x5AE, 0x10D6D,
  0x300, 0x315, 0x62, 0x61, 0x5AE, 0x10D6D, 0x300, 0x315, 0x62, 0x61, 0x315, 0x300,
  0x5AE, 0x10EAB, 0x62, 0xE0, 0x5AE, 0x10EAB, 0x315, 0x62, 0xE0, 0x5AE, 0x10EAB, 0x315,
  0x62, 0x61, 0x5AE, 0x300, 0x10EAB, 0x315, 0x62, 0xE0, 0x5AE, 0x10EAB, 0x315, 0x62,
  0x61, 0x10EAB, 0x315, 0x300, 0x5AE, 0x62, 0x61, 0x5AE, 0x10EAB, 0x300, 0x315, 0x62,
  0x61, 0x5AE, 0x10EAB, 0x300, 0x315, 0x62, 0x61, 0x315, 0x300, 0x5AE, 0x10EAC, 0x62,
  0xE0, 0x5AE, 0x10EAC, 0x315, 0x62, 0xE0, 0x5AE, 0x10EAC, 0x315, 0x62, 0x61, 0x5AE,
  0x300, 0x10EAC, 0x315, 0x62, 0xE0, 0x5AE, 0x10EAC, 0x315, 0x62, 0x61, 0x10EAC, 0x315,
  0x300, 0x5AE, 0x62, 0x61, 0x5AE, 0x10EAC, 0x300, 0x315, 0x62, 0x61, 0x5AE, 0x10EAC,
  0x300, 0x315, 0x62, 0x61, 0x59A, 0x316, 0x1DFA, 0x10EFD, 0x62, 0x61, 0x1DFA, 0x316,
  0x10EFD, 0x59A, 0x62, 0x61, 0x1DFA, 0x316, 0x10EFD, 0x59A, 0x62, 0x61, 0x10EFD, 0x59A,
  0x316, 0x1DFA, 0x62, 0x61, 0x1DFA, 0x10EFD, 0x316, 0x59A, 0x62, 0x61, 0x1DFA, 0x10EFD,
  0x316, 0x59A, 0x62, 0x61, 0x59A, 0x316, 0x1DFA, 0x10EFE, 0x62, 0x61, 0x1DFA, 0x316,
  0x10EFE, 0x59A, 0x62, 0x61, 0x1DFA, 0x316, 0x10EFE, 0x59A, 0x62, 0x61, 0x10EFE, 0x59A,
  0x316, 0x1DFA, 0x62, 0x61, 0x1DFA, 0x10EFE, 0x316, 0x59A, 0x62, 0x61, 0x1DFA, 0x10EFE,
  0x316, 0x59A, 0x62, 0x61, 0x59A, 0x316, 0x1DFA, 0x10EFF, 0x62, 0x61, 0x1DFA, 0x316,
  0x10EFF, 0x59A, 0x62, 0x61, 0x1DFA, 0x316, 0x10EFF, 0x59A, 0x62, 0x61, 0x10EFF, 0x59A,
  0x316, 0x1DFA, 0x62, 0x61, 0x1DFA, 0x10EFF, 0x316, 0x59A, 0x62, 0x61, 0x1DFA, 0x10EFF,
  0x316, 0x59A, 0x62, 0x61, 0x59A, 0x316, 0x1DFA, 0x10F46, 0x62, 0x61, 0x1DFA, 0x316,
  0x10F46, 0x59A, 0x62, 0x61, 0x1DFA, 0x316, 0x10F46, 0x59A, 0x62, 0x61, 0x10F46, 0x59A,
  0x316, 0x1DFA, 0x62, 0x61, 0x1DFA, 0x10F46, 0x316, 0x59A, 0x62, 0x61, 0x1DFA, 0x10F46,
  0x316, 0x59A, 0x62, 0x61, 0x59A, 0x316, 0x1DFA, 0x10F47, 0x62, 0x61, 0x1DFA, 0x316,
  0x10F47, 0x59A, 0x62, 0x61, 0x1DFA, 0x316, 0x10F47, 0x59A, 0x62, 0x61, 0x10F47, 0x59A,
  0x316, 0x1DFA, 0x62, 0x61, 0x1DFA, 0x10F47, 0x316, 0x59A, 0x62, 0x61, 0x1DFA, 0x10F47,
  0x316, 0x59A, 0x62, 0x61, 0x315, 0x300, 0x5AE, 0x10F48, 0x62, 0xE0, 0x5AE, 0x10F48,
  0x315, 0x62, 0xE0, 0x5AE, 0x10F48, 0x315, 0x62, 0x61, 0x5AE, 0x300, 0x10F48, 0x315,
  0x62, 0xE0, 0x5AE, 0x10F48, 0x315, 0x62, 0x61, 0x10F48, 0x315, 0x300, 0x5AE, 0x62,
  0x61, 0x5AE, 0x10F48, 0x300, 0x315, 0x62, 0x61, 0x5AE, 0x10F48, 0x300, 0x315, 0x62,
  0x61, 0x315, 0x300, 0x5AE, 0x10F49, 0x62, 0xE0, 0x5AE, 0x10F49, 0x315, 0x62, 0xE0,
  0x5AE, 0x10F49, 0x315, 0x62, 0x61, 0x5AE, 0x300, 0x10F49, 0x315, 0x62, 0xE0, 0x5AE,
  0x10F49, 0x315, 0x62, 0x61, 0x10F49, 0x315, 0x300, 0x5AE, 0x62, 0x61, 0x5AE, 0x10F49,
  0x300, 0x315, 0x62, 0x61, 0x5AE, 0x10F49, 0x300, 0x315, 0x62, 0x61, 0x315, 0x300,
  0x5AE, 0x10F4A, 0x62, 0xE0, 0x5AE, 0x10F4A, 0x315, 0x62, 0xE0, 0x5AE, 0x10F4A, 0x315,
  0x62, 0x61, 0x5AE, 0x300, 0x10F4A, 0x315, 0x62, 0xE0, 0x5AE, 0x10F4A, 0x315, 0x62,
  0x61, 0x10F4A, 0x315, 0x300, 0x5AE, 0x62, 0x61, 0x5AE, 0x10F4A, 0x300, 0x315, 0x62,
  0x61, 0x5AE, 0x10F4A, 0x300, 0x315, 0x62, 0x61, 0x59A, 0x316, 0x1DFA, 0x10F4B, 0x62,
  0x61, 0x1DFA, 0x316, 0x10F4B, 0x59A, 0x62, 0x61, 0x1DFA, 0x316, 0x10F4B, 0x59A, 0x62,
  0x61, 0x10F4B, 0x59A, 0x316, 0x1DFA, 0x62, 0x61, 0x1DFA, 0x10F4B, 0x316, 0x59A, 0x62,
  0x61, 0x1DFA, 0x10F4B, 0x316, 0x59A, 0x62, 0x61, 0x315, 0x300, 0x5AE, 0x10F4C, 0x62,
  0xE0, 0x5AE, 0x10F4C, 0x315, 0x62, 0xE0, 0x5AE, 0x10F4C, 0x315, 0x62, 0x61, 0x5AE,
  0x300, 0x10F4C, 0x315, 0x62, 0xE0, 0x5AE, 0x10F4C, 0x315, 0x62, 0x61, 0x10F4C, 0x315,
  0x300, 0x5AE, 0x62, 0x61, 0x5AE, 0x10F4C, 0x300, 0x315, 0x62, 0x61, 0x5AE, 0x10F4C,
  0x300, 0x315, 0x62, 0x61, 0x59A, 0x316, 0x1DFA, 0x10F4D, 0x62, 0x61, 0x1DFA, 0x316,
  0x10F4D, 0x59A, 0x62, 0x61, 0x1DFA, 0x316, 0x10F4D, 0x59A, 0x62, 0x61, 0x10F4D, 0x59A,
  0x316, 0x1DFA, 0x62, 0x61, 0x1DFA, 0x10F4D, 0x316, 0x59A, 0x62, 0x61, 0x1DFA, 0x10F4D,
  0x316, 0x59A, 0x62, 0x61, 0x59A, 0x316, 0x1DFA, 0x10F4E, 0x62, 0x61, 0x1DFA, 0x316,
  0x10F4E, 0x59A, 0x62, 0x61, 0x1DFA, 0x316, 0x10F4E, 0x59A, 0x62, 0x61, 0x10F4E, 0x59A,
  0x316, 0x1DFA, 0x62, 0x61, 0x1DFA, 0x10F4E, 0x316, 0x59A, 0x62, 0x61, 0x1DFA, 0x10F4E,
  0x316, 0x59A, 0x62, 0x61, 0x59A, 0x316, 0x1DFA, 0x10F4F, 0x62, 0x61, 0x1DFA, 0x316,
  0x10F4F, 0x59A, 0x62, 0x61, 0x1DFA, 0x316, 0x10F4F, 0x59A, 0x62, 0x61, 0x10F4F, 0x59A,
  0x316, 0x1DFA, 0x62, 0x61, 0x1DFA, 0x10F4F, 0x316, 0x59A, 0x62, 0x61, 0x1DFA, 0x10F4F,
  0x316, 0x59A, 0x62, 0x61, 0x59A, 0x316, 0x1DFA, 0x10F50, 0x62, 0x61, 0x1DFA, 0x316,
  0x10F50, 0x59A, 0x62, 0x61, 0x1DFA, 0x316, 0x10F50, 0x59A, 0x62, 0x61, 0x10F50, 0x59A,
  0x316, 0x1DFA, 0x62, 0x61, 0x1DFA, 0x10F50, 0x316, 0x59A, 0x62, 0x61, 0x1DFA, 0x10F50,
  0x316, 0x59A, 0x62, 0x61, 0x315, 0x300, 0x5AE, 0x10F82, 0x62, 0xE0, 0x5AE, 0x10F82,
  0x315, 0x62, 0xE0, 0x5AE, 0x10F82, 0x315, 0x62, 0x61, 0x5AE, 0x300, 0x10F82, 0x315,
  0x62, 0xE0, 0x5AE, 0x10F82, 0x315, 0x62, 0x61, 0x10F82, 0x315, 0x300, 0x5AE, 0x62,
  0x61, 0x5AE, 0x10F82, 0x300, 0x315, 0x62, 0x61, 0x5AE, 0x10F82, 0x300, 0x315, 0x62,
  0x61, 0x59A, 0x316, 0x1DFA, 0x10F83, 0x62, 0x61, 0x1DFA, 0x316, 0x10F83, 0x59A, 0x62,
  0x61, 0x1DFA, 0x316, 0x10F83, 0x59A, 0x62, 0x61, 0x10F83, 0x59A, 0x316, 0x1DFA, 0x62,
  0x61, 0x1DFA, 0x10F83, 0x316, 0x59A, 0x62, 0x61, 0x1DFA, 0x10F83, 0x316, 0x59A, 0x62,
  0x61, 0x315, 0x300, 0x5AE, 0x10F84, 0x62, 0xE0, 0x5AE, 0x10F84, 0x315, 0x62, 0xE0,
  0x5AE, 0x10F84, 0x315, 0x62, 0x61, 0x5AE, 0x300, 0x10F84, 0x315, 0x62, 0xE0, 0x5AE,
  0x10F84, 0x315, 0x62, 0x61, 0x10F84, 0x315, 0x300, 0x5AE, 0x62, 0x61, 0x5AE, 0x10F84,
  0x300, 0x315, 0x62, 0x61, 0x5AE, 0x10F84, 0x300, 0x315, 0x62, 0x61, 0x59A, 0x316,
  0x1DFA, 0x10F85, 0x62, 0x61, 0x1DFA, 0x316, 0x10F85, 0x59A, 0x62, 0x61, 0x1DFA, 0x316,
  0x10F85, 0x59A, 0x62, 0x61, 0x10F85, 0x59A, 0x316, 0x1DFA, 0x62, 0x61, 0x1DFA, 0x10F85,
  0x316, 0x59A, 0x62, 0x61, 0x1DFA, 0x10F85, 0x316, 0x59A, 0x62, 0x61, 0x5B0, 0x94D,
  0x3099, 0x11046, 0x62, 0x61, 0x3099, 0x94D, 0x11046, 0x5B0, 0x62, 0x61, 0x3099, 0x94D,
  0x11046, 0x5B0, 0x62, 0x61, 0x11046, 0x5B0, 0x94D, 0x3099, 0x62, 0x61, 0x3099, 0x11046,
  0x94D, 0x5B0, 0x62, 0x61, 0x3099, 0x11046, 0x94D, 0x5B0, 0x62, 0x61, 0x5B0, 0x94D,
  0x3099, 0x11070, 0x62, 0x61, 0x3099, 0x94D, 0x11070, 0x5B0, 0x62, 0x61, 0x3099, 0x94D,
  0x11070, 0x5B0, 0x62, 0x61, 0x11070, 0x5B0, 0x94D, 0x3099, 0x62, 0x61, 0x3099, 0x11070,
  0x94D, 0x5B0, 0x62, 0x61, 0x3099, 0x11070, 0x94D, 0x5B0, 0x62, 0x61, 0x5B0, 0x94D,
  0x3099, 0x1107F, 0x62, 0x61, 0x3099, 0x94D, 0x1107F, 0x5B0, 0x62, 0x61, 0x3099, 0x94D,
  0x1107F, 0x5B0, 0x62, 0x61, 0x1107F, 0x5B0, 0x94D, 0x3099, 0x62, 0x61, 0x3099, 0x1107F,
  0x94D, 0x5B0, 0x62, 0x61, 0x3099, 0x1107F, 0x94D, 0x5B0, 0x62, 0x61, 0x5B0, 0x94D,
  0x3099, 0x110B9, 0x62, 0x61, 0x3099, 0x94D, 0x110B9, 0x5B0, 0x62, 0x61, 0x3099, 0x94D,
  0x110B9, 0x5B0, 0x62, 0x61, 0x110B9, 0x5B0, 0x94D, 0x3099, 0x62, 0x61, 0x3099, 0x110B9,
  0x94D, 0x5B0, 0x62, 0x61, 0x3099, 0x110B9, 0x94D, 0x5B0, 0x62, 0x61, 0x3099, 0x93C,
  0x16FF0, 0x110BA, 0x62, 0x61, 0x16FF0, 0x93C, 0x110BA, 0x3099, 0x62, 0x61, 0x16FF0, 0x93C,
  0x110BA, 0x3099, 0x62, 0x61, 0x110BA, 0x3099, 0x93C, 0x16FF0, 0x62, 0x61, 0x16FF0, 0x110BA,
  0x93C, 0x3099, 0x62, 0x61, 0x16FF0, 0x110BA, 0x93C, 0x3099, 0x62, 0x61, 0x315, 0x300,
  0x5AE, 0x11100, 0x62, 0xE0, 0x5AE, 0x11100, 0x315, 0x62, 0xE0, 0x5AE, 0x11100, 0x315,
  0x62, 0x61, 0x5AE, 0x300, 0x11100, 0x315, 0x62, 0xE0, 0x5AE, 0x11100, 0x315, 0x62,
  0x61, 0x11100, 0x315, 0x300, 0x5AE, 0x62, 0x61, 0x5AE, 0x11100, 0x300, 0x315, 0x62,
  0x61, 0x5AE, 0x11100, 0x300, 0x315, 0x62, 0x61, 0x315, 0x300, 0x5AE, 0x11101, 0x62,
  0xE0, 0x5AE, 0x11101, 0x315, 0x62, 0xE0, 0x5AE, 0x11101, 0x315, 0x62, 0x61, 0x5AE,
  0x300, 0x11101, 0x315, 0x62, 0xE0, 0x5AE, 0x11101, 0x315, 0x62, 0x61, 0x11101, 0x315,
  0x300, 0x5AE, 0x62, 0x61, 0x5AE, 0x11101, 0x300, 0x315, 0x62, 0x61, 0x5AE, 0x11101,
  0x300, 0x315, 0x62, 0x61, 0x315, 0x300, 0x5AE, 0x11102, 0x62, 0xE0, 0x5AE, 0x11102,
  0x315, 0x62, 0xE0, 0x5AE, 0x11102, 0x315, 0x62, 0x61, 0x5AE, 0x300, 0x11102, 0x315,
  0x62, 0xE0, 0x5AE, 0x11102, 0x315, 0x62, 0x61, 0x11102, 0x315, 0x300, 0x5AE, 0x62,
  0x61, 0x5AE, 0x11102, 0x300, 0x315, 0x62, 0x61, 0x5AE, 0x11102, 0x300, 0x315, 0x62,
  0x61, 0x5B0, 0x94D, 0x3099, 0x11133, 0x62, 0x61, 0x3099, 0x94D, 0x11133, 0x5B0, 0x62,
  0x61, 0x3099, 0x94D, 0x11133, 0x5B0, 0x62, 0x61, 0x11133, 0x5B0, 0x94D, 0x3099, 0x62,
  0x61, 0x3099, 0x11133, 0x94D, 0x5B0, 0x62, 0x61, 0x3099, 0x11133, 0x94D, 0x5B0, 0x62,
  0x61, 0x5B0, 0x94D, 0x3099, 0x11134, 0x62, 0x61, 0x3099, 0x94D, 0x11134, 0x5B0, 0x62,
  0x61, 0x3099, 0x94D, 0x11134, 0x5B0, 0x62, 0x61, 0x11134, 0x5B0, 0x94D, 0x3099, 0x62,
  0x61, 0x3099, 0x11134, 0x94D, 0x5B0, 0x62, 0x61, 0x3099, 0x11134, 0x94D, 0x5B0, 0x62,
  0x61, 0x3099, 0x93C, 0x16FF0, 0x11173, 0x62, 0x61, 0x16FF0, 0x93C, 0x11173, 0x3099, 0x62,
  0x61, 0x16FF0, 0x93C, 0x11173, 0x3099, 0x62, 0x61, 0x11173, 0x3099, 0x93C, 0x16FF0, 0x62,
  0x61, 0x16FF0, 0x11173, 0x93C, 0x3099, 0x62, 0x61, 0x16FF0, 0x11173, 0x93C, 0x3099, 0x62,
  0x61, 0x5B0, 0x94D, 0x3099, 0x111C0, 0x62, 0x61, 0x3099, 0x94D, 0x111C0, 0x5B0, 0x62,
  0x61, 0x3099, 0x94D, 0x111C0, 0x5B0, 0x62, 0x61, 0x111C0, 0x5B0, 0x94D, 0x3099, 0x62,
  0x61, 0x3099, 0x111C0, 0x94D, 0x5B0, 0x62, 0x61, 0x3099, 0x111C0, 0x94D, 0x5B0, 0x62,
  0x61, 0x3099, 0x93C, 0x16FF0, 0x111CA, 0x62, 0x61, 0x16FF0, 0x93C, 0x111CA, 0x3099, 0x62,
  0x61, 0x16FF0, 0x93C, 0x111CA, 0x3099, 0x62, 0x61, 0x111CA, 0x3099, 0x93C, 0x16FF0, 0x62,
  0x61, 0x16FF0, 0x111CA, 0x93C, 0x3099, 0x62, 0x61, 0x16FF0, 0x111CA, 0x93C, 0x3099, 0x62,
  0x61, 0x5B0, 0x94D, 0x3099, 0x11235, 0x62, 0x61, 0x3099, 0x94D, 0x11235, 0x5B0, 0x62,
  0x61, 0x3099, 0x94D, 0x11235, 0x5B0, 0x62, 0x61, 0x11235, 0x5B0, 0x94D, 0x3099, 0x62,
  0x61, 0x3099, 0x11235, 0x94D, 0x5B0, 0x62, 0x61, 0x3099, 0x11235, 0x94D, 0x5B0, 0x62,
  0x61, 0x3099, 0x93C, 0x16FF0, 0x11236, 0x62, 0x61, 0x16FF0, 0x93C, 0x11236, 0x3099, 0x62,
  0x61, 0x16FF0, 0x93C, 0x11236, 0x3099, 0x62, 0x61, 0x11236, 0x3099, 0x93C, 0x16FF0, 0x62,
  0x61, 0x16FF0, 0x11236, 0x93C, 0x3099, 0x62, 0x61, 0x16FF0, 0x11236, 0x93C, 0x3099, 0x62,
  0x61, 0x3099, 0x93C, 0x16FF0, 0x112E9, 0x62, 0x61, 0x16FF0, 0x93C, 0x112E9, 0x3099, 0x62,
  0x61, 0x16FF0, 0x93C, 0x112E9, 0x3099, 0x62, 0x61, 0x112E9, 0x3099, 0x93C, 0x16FF0, 0x62,
  0x61, 0x16FF0, 0x112E9, 0x93C, 0x3099, 0x62, 0x61, 0x16FF0, 0x112E9, 0x93C, 0x3099, 0x62,
  0x61, 0x5B0, 0x94D, 0x3099, 0x112EA, 0x62, 0x61, 0x3099, 0x94D, 0x112EA, 0x5B0, 0x62,
  0x61, 0x3099, 0x94D, 0x112EA, 0x5B0, 0x62, 0x61, 0x112EA, 0x5B0, 0x94D, 0x3099, 0x62,
  0x61, 0x3099, 0x112EA, 0x94D, 0x5B0, 0x62, 0x61, 0x3099, 0x112EA, 0x94D, 0x5B0, 0x62,
  0x61, 0x3099, 0x93C, 0x16FF0, 0x1133B, 0x62, 0x61, 0x16FF0, 0x93C, 0x1133B, 0x3099, 0x62,
  0x61, 0x16FF0, 0x93C, 0x1133B, 0x3099, 0x62, 0x61, 0x1133B, 0x3099, 0x93C, 0x16FF0, 0x62,
  0x61, 0x16FF0, 0x1133B, 0x93C, 0x3099, 0x62, 0x61, 0x16FF0, 0x1133B, 0x93C, 0x3099, 0x62,
  0x61, 0x3099, 0x93C, 0x16FF0, 0x1133C, 0x62, 0x61, 0x16FF0, 0x93C, 0x1133C, 0x3099, 0x62,
  0x61, 0x16FF0, 0x93C, 0x1133C, 0x3099, 0x62, 0x61, 0x1133C, 0x3099, 0x93C, 0x16FF0, 0x62,
  0x61, 0x16FF0, 0x1133C, 0x93C, 0x3099, 0x62, 0x61, 0x16FF0, 0x1133C, 0x93C, 0x3099, 0x62,
  0x61, 0x5B0, 0x94D, 0x3099, 0x1134D, 0x62, 0x61, 0x3099, 0x94D, 0x1134D, 0x5B0, 0x62,
  0x61, 0x3099, 0x94D, 0x1134D, 0x5B0, 0x62, 0x61, 0x1134D, 0x5B0, 0x94D, 0x3099, 0x62,
  0x61, 0x3099, 0x1134D, 0x94D, 0x5B0, 0x62, 0x61, 0x3099, 0x1134D, 0x94D, 0x5B0, 0x62,
  0x61, 0x315, 0x300, 0x5AE, 0x11366, 0x62, 0xE0, 0x5AE, 0x11366, 0x315, 0x62, 0xE0,
  0x5AE, 0x11366, 0x315, 0x62, 0x61, 0x5AE, 0x300, 0x11366, 0x315, 0x62, 0xE0, 0x5AE,
  0x11366, 0x315, 0x62, 0x61, 0x11366, 0x315, 0x300, 0x5AE, 0x62, 0x61, 0x5AE, 0x11366,
  0x300, 0x315, 0x62, 0x61, 0x5AE, 0x11366, 0x300, 0x315, 0x62, 0x61, 0x315, 0x300,
  0x5AE, 0x11367, 0x62, 0xE0, 0x5AE, 0x11367, 0x315, 0x62, 0xE0, 0x5AE, 0x11367, 0x315,
  0x62, 0x61, 0x5AE, 0x300, 0x11367, 0x315, 0x62, 0xE0, 0x5AE, 0x11367, 0x315, 0x62,
  0x61, 0x11367, 0x315, 0x300, 0x5AE, 0x62, 0x61, 0x5AE, 0x11367, 0x300, 0x315, 0x62,
  0x61, 0x5AE, 0x11367, 0x300, 0x315, 0x62, 0x61, 0x315, 0x300, 0x5AE, 0x11368, 0x62,
  0xE0, 0x5AE, 0x11368, 0x315, 0x62, 0xE0, 0x5AE, 0x11368, 0x315, 0x62, 0x61, 0x5AE,
  0x300, 0x11368, 0x315, 0x62, 0xE0, 0x5AE, 0x11368, 0x315, 0x62, 0x61, 0x11368, 0x315,
  0x300, 0x5AE, 0x62, 0x61, 0x5AE, 0x11368, 0x300, 0x315, 0x62, 0x61, 0x5AE, 0x11368,
  0x300, 0x315, 0x62, 0x61, 0x315, 0x300, 0x5AE, 0x11369, 0x62, 0xE0, 0x5AE, 0x11369,
  0x315, 0x62, 0xE0, 0x5AE, 0x11369, 0x315, 0x62, 0x61, 0x5AE, 0x300, 0x11369, 0x315,
  0x62, 0xE0, 0x5AE, 0x11369, 0x315, 0x62, 0x61, 0x11369, 0x315, 0x300, 0x5AE, 0x62,
  0x61, 0x5AE, 0x11369, 0x300, 0x315, 0x62, 0x61, 0x5AE, 0x11369, 0x300, 0x315, 0x62,
  0x61, 0x315, 0x300, 0x5AE, 0x1136A, 0x62, 0xE0, 0x5AE, 0x1136A, 0x315, 0x62, 0xE0,
  0x5AE, 0x1136A, 0x315, 0x62, 0x61, 0x5AE, 0x300, 0x1136A, 0x315, 0x62, 0xE0, 0x5AE,
  0x1136A, 0x315, 0x62, 0x61, 0x1136A, 0x315, 0x300, 0x5AE, 0x62, 0x61, 0x5AE, 0x1136A,
  0x300, 0x315, 0x62, 0x61, 0x5AE, 0x1136A, 0x300, 0x315, 0x62, 0x61, 0x315, 0x300,
  0x5AE, 0x1136B, 0x62, 0xE0, 0x5AE, 0x1136B, 0x315, 0x62, 0xE0, 0x5AE, 0x1136B, 0x315,
  0x62, 0x61, 0x5AE, 0x300, 0x1136B, 0x315, 0x62, 0xE0, 0x5AE, 0x1136B, 0x315, 0x62,
  0x61, 0x1136B, 0x315, 0x300, 0x5AE, 0x62, 0x61, 0x5AE, 0x1136B, 0x300, 0x315, 0x62,
  0x61, 0x5AE, 0x1136B, 0x300, 0x315, 0x62, 0x61, 0x315, 0x300, 0x5AE, 0x1136C, 0x62,
  0xE0, 0x5AE, 0x1136C, 0x315, 0x62, 0xE0, 0x5AE, 0x1136C, 0x315, 0x62, 0x61, 0x5AE,
  0x300, 0x1136C, 0x315, 0x62, 0xE0, 0x5AE, 0x1136C, 0x315, 0x62, 0x61, 0x1136C, 0x315,
  0x300, 0x5AE, 0x62, 0x61, 0x5AE, 0x1136C, 0x300, 0x315, 0x62, 0x61, 0x5AE, 0x1136C,
  0x300, 0x315, 0x62, 0x61, 0x315, 0x300, 0x5AE, 0x11370, 0x62, 0xE0, 0x5AE, 0x11370,
  0x315, 0x62, 0xE0, 0x5AE, 0x11370, 0x315, 0x62, 0x61, 0x5AE, 0x300, 0x11370, 0x315,
  0x62, 0xE0, 0x5AE, 0x11370, 0x315, 0x62, 0x61, 0x11370, 0x315, 0x300, 0x5AE, 0x62,
  0x61, 0x5AE, 0x11370, 0x300, 0x315, 0x62, 0x61, 0x5AE, 0x11370, 0x300, 0x315, 0x62,
  0x61, 0x315, 0x300, 0x5AE, 0x11371, 0x62, 0xE0, 0x5AE, 0x11371, 0x315, 0x62, 0xE0,
  0x5AE, 0x11371, 0x315, 0x62, 0x61, 0x5AE, 0x300, 0x11371, 0x315, 0x62, 0xE0, 0x5AE,
  0x11371, 0x315, 0x62, 0x61, 0x11371, 0x315, 0x300, 0x5AE, 0x62, 0x61, 0x5AE, 0x11371,
  0x300, 0x315, 0x62, 0x61, 0x5AE, 0x11371, 0x300, 0x315, 0x62, 0x61, 0x315, 0x300,
  0x5AE, 0x11372, 0x62, 0xE0, 0x5AE, 0x11372, 0x315, 0x62, 0xE0, 0x5AE, 0x11372, 0x315,
  0x62, 0x61, 0x5AE, 0x300, 0x11372, 0x315, 0x62, 0xE0, 0x5AE, 0x11372, 0x315, 0x62,
  0x61, 0x11372, 0x315, 0x300, 0x5AE, 0x62, 0x61, 0x5AE, 0x11372, 0x300, 0x315, 0x62,
  0x61, 0x5AE, 0x11372, 0x300, 0x315, 0x62, 0x61, 0x315, 0x300, 0x5AE, 0x11373, 0x62,
  0xE0, 0x5AE, 0x11373, 0x315, 0x62, 0xE0, 0x5AE, 0x11373, 0x315, 0x62, 0x61, 0x5AE,
  0x300, 0x11373, 0x315, 0x62, 0xE0, 0x5AE, 0x11373, 0x315, 0x62, 0x61, 0x11373, 0x315,
  0x300, 0x5AE, 0x62, 0x61, 0x5AE, 0x11373, 0x300, 0x315, 0x62, 0x61, 0x5AE, 0x11373,
  0x300, 0x315, 0x62, 0x61, 0x315, 0x300, 0x5AE, 0x11374, 0x62, 0xE0, 0x5AE, 0x11374,
  0x315, 0x62, 0xE0, 0x5AE, 0x11374, 0x315, 0x62, 0x61, 0x5AE, 0x300, 0x11374, 0x315,
  0x62, 0xE0, 0x5AE, 0x11374, 0x315, 0x62, 0x61, 0x11374, 0x315, 0x300, 0x5AE, 0x62,
  0x61, 0x5AE, 0x11374, 0x300, 0x315, 0x62, 0x61, 0x5AE, 0x11374, 0x300, 0x315, 0x62,
  0x61, 0x5B0, 0x94D, 0x3099, 0x113CE, 0x62, 0x61, 0x3099, 0x94D, 0x113CE, 0x5B0, 0x62,
  0x61, 0x3099, 0x94D, 0x113CE, 0x5B0, 0x62, 0x61, 0x113CE, 0x5B0, 0x94D, 0x3099, 0x62,
  0x61, 0x3099, 0x113CE, 0x94D, 0x5B0, 0x62, 0x61, 0x3099, 0x113CE, 0x94D, 0x5B0, 0x62,
  0x61, 0x5B0, 0x94D, 0x3099, 0x113CF, 0x62, 0x61, 0x3099, 0x94D, 0x113CF, 0x5B0, 0x62,
  0x61, 0x3099, 0x94D, 0x113CF, 0x5B0, 0x62, 0x61, 0x113CF, 0x5B0, 0x94D, 0x3099, 0x62,
  0x61, 0x3099, 0x113CF, 0x94D, 0x5B0, 0x62, 0x61, 0x3099, 0x113CF, 0x94D, 0x5B0, 0x62,
  0x61, 0x5B0, 0x94D, 0x3099, 0x113D0, 0x62, 0x61, 0x3099, 0x94D, 0x113D0, 0x5B0, 0x62,
  0x61, 0x3099, 0x94D, 0x113D0, 0x5B0, 0x62, 0x61, 0x113D0, 0x5B0, 0x94D, 0x3099, 0x62,
  0x61, 0x3099, 0x113D0, 0x94D, 0x5B0, 0x62, 0x61, 0x3099, 0x113D0, 0x94D, 0x5B0, 0x62,
  0x61, 0x5B0, 0x94D, 0x3099, 0x11442, 0x62, 0x61, 0x3099, 0x94D, 0x11442, 0x5B0, 0x62,
  0x61, 0x3099, 0x94D, 0x11442, 0x5B0, 0x62, 0x61, 0x11442, 0x5B0, 0x94D, 0x3099, 0x62,
  0x61, 0x3099, 0x11442, 0x94D, 0x5B0, 0x62, 0x61, 0x3099, 0x11442, 0x94D, 0x5B0, 0x62,
  0x61, 0x3099, 0x93C, 0x16FF0, 0x11446, 0x62, 0x61, 0x16FF0, 0x93C, 0x11446, 0x3099, 0x62,
  0x61, 0x16FF0, 0x93C, 0x11446, 0x3099, 0x62, 0x61, 0x11446, 0x3099, 0x93C, 0x16FF0, 0x62,
  0x61, 0x16FF0, 0x11446, 0x93C, 0x3099, 0x62, 0x61, 0x16FF0, 0x11446, 0x93C, 0x3099, 0x62,
  0x61, 0x315, 0x300, 0x5AE, 0x1145E, 0x62, 0xE0, 0x5AE, 0x1145E, 0x315, 0x62, 0xE0,
  0x5AE, 0x1145E, 0x315, 0x62, 0x61, 0x5AE, 0x300, 0x1145E, 0x315, 0x62, 0xE0, 0x5AE,
  0x1145E, 0x315, 0x62, 0x61, 0x1145E, 0x315, 0x300, 0x5AE, 0x62, 0x61, 0x5AE, 0x1145E,
  0x300, 0x315, 0x62, 0x61, 0x5AE, 0x1145E, 0x300, 0x315, 0x62, 0x61, 0x5B0, 0x94D,
  0x3099, 0x114C2, 0x62, 0x61, 0x3099, 0x94D, 0x114C2, 0x5B0, 0x62, 0x61, 0x3099, 0x94D,
  0x114C2, 0x5B0, 0x62, 0x61, 0x114C2, 0x5B0, 0x94D, 0x3099, 0x62, 0x61, 0x3099, 0x114C2,
  0x94D, 0x5B0, 0x62, 0x61, 0x3099, 0x114C2, 0x94D, 0x5B0, 0x62, 0x61, 0x3099, 0x93C,
  0x16FF0, 0x114C3, 0x62, 0x61, 0x16FF0, 0x93C, 0x114C3, 0x3099, 0x62, 0x61, 0x16FF0, 0x93C,
  0x114C3, 0x3099, 0x62, 0x61, 0x114C3, 0x3099, 0x93C, 0x16FF0, 0x62, 0x61, 0x16FF0, 0x114C3,
  0x93C, 0x3099, 0x62, 0x61, 0x16FF0, 0x114C3, 0x93C, 0x3099, 0x62, 0x61, 0x5B0, 0x94D,
  0x3099, 0x115BF, 0x62, 0x61, 0x3099, 0x94D, 0x115BF, 0x5B0, 0x62, 0x61, 0x3099, 0x94D,
  0x115BF, 0x5B0, 0x62, 0x61, 0x115BF, 0x5B0, 0x94D, 0x3099, 0x62, 0x61, 0x3099, 0x115BF,
  0x94D, 0x5B0, 0x62, 0x61, 0x3099, 0x115BF, 0x94D, 0x5B0, 0x62, 0x61, 0x3099, 0x93C,
  0x16FF0, 0x115C0, 0x62, 0x61, 0x16FF0, 0x93C, 0x115C0, 0x3099, 0x62, 0x61, 0x16FF0, 0x93C,
  0x115C0, 0x3099, 0x62, 0x61, 0x115C0, 0x3099, 0x93C, 0x16FF0, 0x62, 0x61, 0x16FF0, 0x115C0,
  0x93C, 0x3099, 0x62, 0x61, 0x16FF0, 0x115C0, 0x93C, 0x3099, 0x62, 0x61, 0x5B0, 0x94D,
  0x3099, 0x1163F, 0x62, 0x61, 0x3099, 0x94D, 0x1163F, 0x5B0, 0x62, 0x61, 0x3099, 0x94D,
  0x1163F, 0x5B0, 0x62, 0x61, 0x1163F, 0x5B0, 0x94D, 0x3099, 0x62, 0x61, 0x3099, 0x1163F,
  0x94D, 0x5B0, 0x62, 0x61, 0x3099, 0x1163F, 0x94D, 0x5B0, 0x62, 0x61, 0x5B0, 0x94D,
  0x3099, 0x116B6, 0x62, 0x61, 0x3099, 0x94D, 0x116B6, 0x5B0, 0x62, 0x61, 0x3099, 0x94D,
  0x116B6, 0x5B0, 0x62, 0x61, 0x116B6, 0x5B0, 0x94D, 0x3099, 0x62, 0x61, 0x3099, 0x116B6,
  0x94D, 0x5B0, 0x62, 0x61, 0x3099, 0x116B6, 0x94D, 0x5B0, 0x62, 0x61, 0x3099, 0x93C,
  0x16FF0, 0x116B7, 0x62, 0x61, 0x16FF0, 0x93C, 0x116B7, 0x3099, 0x62, 0x61, 0x16FF0, 0x93C,
  0x116B7, 0x3099, 0x62, 0x61, 0x116B7, 0x3099, 0x93C, 0x16FF0, 0x62, 0x61, 0x16FF0, 0x116B7,
  0x93C, 0x3099, 0x62, 0x61, 0x16FF0, 0x116B7, 0x93C, 0x3099, 0x62, 0x61, 0x5B0, 0x94D,
  0x3099, 0x1172B, 0x62, 0x61, 0x3099, 0x94D, 0x1172B, 0x5B0, 0x62, 0x61, 0x3099, 0x94D,
  0x1172B, 0x5B0, 0x62, 0x61, 0x1172B, 0x5B0, 0x94D, 0x3099, 0x62, 0x61, 0x3099, 0x1172B,
  0x94D, 0x5B0, 0x62, 0x61, 0x3099, 0x1172B, 0x94D, 0x5B0, 0x62, 0x61, 0x5B0, 0x94D,
  0x3099, 0x11839, 0x62, 0x61, 0x3099, 0x94D, 0x11839, 0x5B0, 0x62, 0x61, 0x3099, 0x94D,
  0x11839, 0x5B0, 0x62, 0x61, 0x11839, 0x5B0, 0x94D, 0x3099, 0x62, 0x61, 0x3099, 0x11839,
  0x94D, 0x5B0, 0x62, 0x61, 0x3099, 0x11839, 0x94D, 0x5B0, 0x62, 0x61, 0x3099, 0x93C,
  0x16FF0, 0x1183A, 0x62, 0x61, 0x16FF0, 0x93C, 0x1183A, 0x3099, 0x62, 0x61, 0x16FF0, 0x93C,
  0x1183A, 0x3099, 0x62, 0x61, 0x1183A, 0x3099, 0x93C, 0x16FF0, 0x62, 0x61, 0x16FF0, 0x1183A,
  0x93C, 0x3099, 0x62, 0x61, 0x16FF0, 0x1183A, 0x93C, 0x3099, 0x62, 0x61, 0x5B0, 0x94D,
  0x3099, 0x1193D, 0x62, 0x61, 0x3099, 0x94D, 0x1193D, 0x5B0, 0x62, 0x61, 0x3099, 0x94D,
  0x1193D, 0x5B0, 0x62, 0x61, 0x1193D, 0x5B0, 0x94D, 0x3099, 0x62, 0x61, 0x3099, 0x1193D,
  0x94D, 0x5B0, 0x62, 0x61, 0x3099, 0x1193D, 0x94D, 0x5B0, 0x62, 0x61, 0x5B0, 0x94D,
  0x3099, 0x1193E, 0x62, 0x61, 0x3099, 0x94D, 0x1193E, 0x5B0, 0x62, 0x61, 0x3099, 0x94D,
  0x1193E, 0x5B0, 0x62, 0x61, 0x1193E, 0x5B0, 0x94D, 0x3099, 0x62, 0x61, 0x3099, 0x1193E,
  0x94D, 0x5B0, 0x62, 0x61, 0x3099, 0x1193E, 0x94D, 0x5B0, 0x62, 0x61, 0x3099, 0x93C,
  0x16FF0, 0x11943, 0x62, 0x61, 0x16FF0, 0x93C, 0x11943, 0x3099, 0x62, 0x61, 0x16FF0, 0x93C,
  0x11943, 0x3099, 0x62, 0x61, 0x11943, 0x3099, 0x93C, 0x16FF0, 0x62, 0x61, 0x16FF0, 0x11943,
  0x93C, 0x3099, 0x62, 0x61, 0x16FF0, 0x11943, 0x93C, 0x3099, 0x62, 0x61, 0x5B0, 0x94D,
  0x3099, 0x119E0, 0x62, 0x61, 0x3099, 0x94D, 0x119E0, 0x5B0, 0x62, 0x61, 0x3099, 0x94D,
  0x119E0, 0x5B0, 0x62, 0x61, 0x119E0, 0x5B0, 0x94D, 0x3099, 0x62, 0x61, 0x3099, 0x119E0,
  0x94D, 0x5B0, 0x62, 0x61, 0x3099, 0x119E0, 0x94D, 0x5B0, 0x62, 0x61, 0x5B0, 0x94D,
  0x3099, 0x11A34, 0x62, 0x61, 0x3099, 0x94D, 0x11A34, 0x5B0, 0x62, 0x61, 0x3099, 0x94D,
  0x11A34, 0x5B0, 0x62, 0x61, 0x11A34, 0x5B0, 0x94D, 0x3099, 0x62, 0x61, 0x3099, 0x11A34,
  0x94D, 0x5B0, 0x62, 0x61, 0x3099, 0x11A34, 0x94D, 0x5B0, 0x62, 0x61, 0x5B0, 0x94D,
  0x3099, 0x11A47, 0x62, 0x61, 0x3099, 0x94D, 0x11A47, 0x5B0, 0x62, 0x61, 0x3099, 0x94D,
  0x11A47, 0x5B0, 0x62, 0x61, 0x11A47, 0x5B0, 0x94D, 0x3099, 0x62, 0x61, 0x3099, 0x11A47,
  0x94D, 0x5B0, 0x62, 0x61, 0x3099, 0x11A47, 0x94D, 0x5B0, 0x62, 0x61, 0x5B0, 0x94D,
  0x3099, 0x11A99, 0x62, 0x61, 0x3099, 0x94D, 0x11A99, 0x5B0, 0x62, 0x61, 0x3099, 0x94D,
  0x11A99, 0x5B0, 0x62, 0x61, 0x11A99, 0x5B0, 0x94D, 0x3099, 0x62, 0x61, 0x3099, 0x11A99,
  0x94D, 0x5B0, 0x62, 0x61, 0x3099, 0x11A99, 0x94D, 0x5B0, 0x62, 0x61, 0x5B0, 0x94D,
  0x3099, 0x11C3F, 0x62, 0x61, 0x3099, 0x94D, 0x11C3F, 0x5B0, 0x62, 0x61, 0x3099, 0x94D,
  0x11C3F, 0x5B0, 0x62, 0x61, 0x11C3F, 0x5B0, 0x94D, 0x3099, 0x62, 0x61, 0x3099, 0x11C3F,
  0x94D, 0x5B0, 0x62, 0x61, 0x3099, 0x11C3F, 0x94D, 0x5B0, 0x62, 0x61, 0x3099, 0x93C,
  0x16FF0, 0x11D42, 0x62, 0x61, 0x16FF0, 0x93C, 0x11D42, 0x3099, 0x62, 0x61, 0x16FF0, 0x93C,
  0x11D42, 0x3099, 0x62, 0x61, 0x11D42, 0x3099, 0x93C, 0x16FF0, 0x62, 0x61, 0x16FF0, 0x11D42,
  0x93C, 0x3099, 0x62, 0x61, 0x16FF0, 0x11D42, 0x93C, 0x3099, 0x62, 0x61, 0x5B0, 0x94D,
  0x3099, 0x11D44, 0x62, 0x61, 0x3099, 0x94D, 0x11D44, 0x5B0, 0x62, 0x61, 0x3099, 0x94D,
  0x11D44, 0x5B0, 0x62, 0x61, 0x11D44, 0x5B0, 0x94D, 0x3099, 0x62, 0x61, 0x3099, 0x11D44,
  0x94D, 0x5B0, 0x62, 0x61, 0x3099, 0x11D44, 0x94D, 0x5B0, 0x62, 0x61, 0x5B0, 0x94D,
  0x3099, 0x11D45, 0x62, 0x61, 0x3099, 0x94D, 0x11D45, 0x5B0, 0x62, 0x61, 0x3099, 0x94D,
  0x11D45, 0x5B0, 0x62, 0x61, 0x11D45, 0x5B0, 0x94D, 0x3099, 0x62, 0x61, 0x3099, 0x11D45,
  0x94D, 0x5B0, 0x62, 0x61, 0x3099, 0x11D45, 0x94D, 0x5B0, 0x62, 0x61, 0x5B0, 0x94D,
  0x3099, 0x11D97, 0x62, 0x61, 0x3099, 0x94D, 0x11D97, 0x5B0, 0x62, 0x61, 0x3099, 0x94D,
  0x11D97, 0x5B0, 0x62, 0x61, 0x11D97, 0x5B0, 0x94D, 0x3099, 0x62, 0x61, 0x3099, 0x11D97,
  0x94D, 0x5B0, 0x62, 0x61, 0x3099, 0x11D97, 0x94D, 0x5B0, 0x62, 0x61, 0x5B0, 0x94D,
  0x3099, 0x11F41, 0x62, 0x61, 0x3099, 0x94D, 0x11F41, 0x5B0, 0x62, 0x61, 0x3099, 0x94D,
  0x11F41, 0x5B0, 0x62, 0x61, 0x11F41, 0x5B0, 0x94D, 0x3099, 0x62, 0x61, 0x3099, 0x11F41,
  0x94D, 0x5B0, 0x62, 0x61, 0x3099, 0x11F41, 0x94D, 0x5B0, 0x62, 0x61, 0x5B0, 0x94D,
  0x3099, 0x11F42, 0x62, 0x61, 0x3099, 0x94D, 0x11F42, 0x5B0, 0x62, 0x61, 0x3099, 0x94D,
  0x11F42, 0x5B0, 0x62, 0x61, 0x11F42, 0x5B0, 0x94D, 0x3099, 0x62, 0x61, 0x3099, 0x11F42,
  0x94D, 0x5B0, 0x62, 0x61, 0x3099, 0x11F42, 0x94D, 0x5B0, 0x62, 0x61, 0x5B0, 0x94D,
  0x3099, 0x1612F, 0x62, 0x61, 0x3099, 0x94D, 0x1612F, 0x5B0, 0x62, 0x61, 0x3099, 0x94D,
  0x1612F, 0x5B0, 0x62, 0x61, 0x1612F, 0x5B0, 0x94D, 0x3099, 0x62, 0x61, 0x3099, 0x1612F,
  0x94D, 0x5B0, 0x62, 0x61, 0x3099, 0x1612F, 0x94D, 0x5B0, 0x62, 0x61, 0x16FF0, 0x334,
  0x16AF0, 0x62, 0x61, 0x334, 0x16AF0, 0x16FF0, 0x62, 0x61, 0x334, 0x16AF0, 0x16FF0, 0x62,
  0x61, 0x16AF0, 0x16FF0, 0x334, 0x62, 0x61, 0x16AF0, 0x334, 0x16FF0, 0x62, 0x61, 0x16AF0,
  0x334, 0x16FF0, 0x62, 0x61, 0x16FF0, 0x334, 0x16AF1, 0x62, 0x61, 0x334, 0x16AF1, 0x16FF0,
  0x62, 0x61, 0x334, 0x16AF1, 0x16FF0, 0x62, 0x61, 0x16AF1, 0x16FF0, 0x334, 0x62, 0x61,
  0x16AF1, 0x334, 0x16FF0, 0x62, 0x61, 0x16AF1, 0x334, 0x16FF0, 0x62, 0x61, 0x16FF0, 0x334,
  0x16AF2, 0x62, 0x61, 0x334, 0x16AF2, 0x16FF0, 0x62, 0x61, 0x334, 0x16AF2, 0x16FF0, 0x62,
  0x61, 0x16AF2, 0x16FF0, 0x334, 0x62, 0x61, 0x16AF2, 0x334, 0x16FF0, 0x62, 0x61, 0x16AF2,
  0x334, 0x16FF0, 0x62, 0x61, 0x16FF0, 0x334, 0x16AF3, 0x62, 0x61, 0x334, 0x16AF3, 0x16FF0,
  0x62, 0x61, 0x334, 0x16AF3, 0x16FF0, 0x62, 0x61, 0x16AF3, 0x16FF0, 0x334, 0x62, 0x61,
  0x16AF3, 0x334, 0x16FF0, 0x62, 0x61, 0x16AF3, 0x334, 0x16FF0, 0x62, 0x61, 0x16FF0, 0x334,
  0x16AF4, 0x62, 0x61, 0x334, 0x16AF4, 0x16FF0, 0x62, 0x61, 0x334, 0x16AF4, 0x16FF0, 0x62,
  0x61, 0x16AF4, 0x16FF0, 0x334, 0x62, 0x61, 0x16AF4, 0x334, 0x16FF0, 0x62, 0x61, 0x16AF4,
  0x334, 0x16FF0, 0x62, 0x61, 0x315, 0x300, 0x5AE, 0x16B30, 0x62, 0xE0, 0x5AE, 0x16B30,
  0x315, 0x62, 0xE0, 0x5AE, 0x16B30, 0x315, 0x62, 0x61, 0x5AE, 0x300, 0x16B30, 0x315,
  0x62, 0xE0, 0x5AE, 0x16B30, 0x315, 0x62, 0x61, 0x16B30, 0x315, 0x300, 0x5AE, 0x62,
  0x61, 0x5AE, 0x16B30, 0x300, 0x315, 0x62, 0x61, 0x5AE, 0x16B30, 0x300, 0x315, 0x62,
  0x61, 0x315, 0x300, 0x5AE, 0x16B31, 0x62, 0xE0, 0x5AE, 0x16B31, 0x315, 0x62, 0xE0,
  0x5AE, 0x16B31, 0x315, 0x62, 0x61, 0x5AE, 0x300, 0x16B31, 0x315, 0x62, 0xE0, 0x5AE,
  0x16B31, 0x315, 0x62, 0x61, 0x16B31, 0x315, 0x300, 0x5AE, 0x62, 0x61, 0x5AE, 0x16B31,
  0x300, 0x315, 0x62, 0x61, 0x5AE, 0x16B31, 0x300, 0x315, 0x62, 0x61, 0x315, 0x300,
  0x5AE, 0x16B32, 0x62, 0xE0, 0x5AE, 0x16B32, 0x315, 0x62, 0xE0, 0x5AE, 0x16B32, 0x315,
  0x62, 0x61, 0x5AE, 0x300, 0x16B32, 0x315, 0x62, 0xE0, 0x5AE, 0x16B32, 0x315, 0x62,
  0x61, 0x16B32, 0x315, 0x300, 0x5AE, 0x62, 0x61, 0x5AE, 0x16B32, 0x300, 0x315, 0x62,
  0x61, 0x5AE, 0x16B32, 0x300, 0x315, 0x62, 0x61, 0x315, 0x300, 0x5AE, 0x16B33, 0x62,
  0xE0, 0x5AE, 0x16B33, 0x315, 0x62, 0xE0, 0x5AE, 0x16B33, 0x315, 0x62, 0x61, 0x5AE,
  0x300, 0x16B33, 0x315, 0x62, 0xE0, 0x5AE, 0x16B33, 0x315, 0x62, 0x61, 0x16B33, 0x315,
  0x300, 0x5AE, 0x62, 0x61, 0x5AE, 0x16B33, 0x300, 0x315, 0x62, 0x61, 0x5AE, 0x16B33,
  0x300, 0x315, 0x62, 0x61, 0x315, 0x300, 0x5AE, 0x16B34, 0x62, 0xE0, 0x5AE, 0x16B34,
  0x315, 0x62, 0xE0, 0x5AE, 0x16B34, 0x315, 0x62, 0x61, 0x5AE, 0x300, 0x16B34, 0x315,
  0x62, 0xE0, 0x5AE, 0x16B34, 0x315, 0x62, 0x61, 0x16B34, 0x315, 0x300, 0x5AE, 0x62,
  0x61, 0x5AE, 0x16B34, 0x300, 0x315, 0x62, 0x61, 0x5AE, 0x16B34, 0x300, 0x315, 0x62,
  0x61, 0x315, 0x300, 0x5AE, 0x16B35, 0x62, 0xE0, 0x5AE, 0x16B35, 0x315, 0x62, 0xE0,
  0x5AE, 0x16B35, 0x315, 0x62, 0x61, 0x5AE, 0x300, 0x16B35, 0x315, 0x62, 0xE0, 0x5AE,
  0x16B35, 0x315, 0x62, 0x61, 0x16B35, 0x315, 0x300, 0x5AE, 0x62, 0x61, 0x5AE, 0x16B35,
  0x300, 0x315, 0x62, 0x61, 0x5AE, 0x16B35, 0x300, 0x315, 0x62, 0x61, 0x315, 0x300,
  0x5AE, 0x16B36, 0x62, 0xE0, 0x5AE, 0x16B36, 0x315, 0x62, 0xE0, 0x5AE, 0x16B36, 0x315,
  0x62, 0x61, 0x5AE, 0x300, 0x16B36, 0x315, 0x62, 0xE0, 0x5AE, 0x16B36, 0x315, 0x62,
  0x61, 0x16B36, 0x315, 0x300, 0x5AE, 0x62, 0x61, 0x5AE, 0x16B36, 0x300, 0x315, 0x62,
  0x61, 0x5AE, 0x16B36, 0x300, 0x315, 0x62, 0x61, 0x93C, 0x16FF0, 0x334, 0x16FF0, 0x62,
  0x61, 0x334, 0x16FF0, 0x16FF0, 0x93C, 0x62, 0x61, 0x334, 0x16FF0, 0x16FF0, 0x93C, 0x62,
  0x61, 0x16FF0, 0x93C, 0x16FF0, 0x334, 0x62, 0x61, 0x334, 0x16FF0, 0x16FF0, 0x93C, 0x62,
  0x61, 0x93C, 0x16FF0, 0x334, 0x16FF1, 0x62, 0x61, 0x334, 0x16FF0, 0x16FF1, 0x93C, 0x62,
  0x61, 0x334, 0x16FF0, 0x16FF1, 0x93C, 0x62, 0x61, 0x16FF1, 0x93C, 0x16FF0, 0x334, 0x62,
  0x61, 0x334, 0x16FF1, 0x16FF0, 0x93C, 0x62, 0x61, 0x334, 0x16FF1, 0x16FF0, 0x93C, 0x62,
  0x61, 0x16FF0, 0x334, 0x1BC9E, 0x62, 0x61, 0x334, 0x1BC9E, 0x16FF0, 0x62, 0x61, 0x334,
  0x1BC9E, 0x16FF0, 0x62, 0x61, 0x1BC9E, 0x16FF0, 0x334, 0x62, 0x61, 0x1BC9E, 0x334, 0x16FF0,
  0x62, 0x61, 0x1BC9E, 0x334, 0x16FF0, 0x62, 0x61, 0x1DFA, 0x31B, 0x1DCE, 0x1D165, 0x62,
  0x61, 0x1DCE, 0x31B, 0x1D165, 0x1DFA, 0x62, 0x61, 0x1DCE, 0x31B, 0x1D165, 0x1DFA, 0x62,
  0x61, 0x1D165, 0x1DFA, 0x31B, 0x1DCE, 0x62, 0x61, 0x1DCE, 0x1D165, 0x31B, 0x1DFA, 0x62,
  0x61, 0x1DCE, 0x1D165, 0x31B, 0x1DFA, 0x62, 0x61, 0x1DFA, 0x31B, 0x1DCE, 0x1D166, 0x62,
  0x61, 0x1DCE, 0x31B, 0x1D166, 0x1DFA, 0x62, 0x61, 0x1DCE, 0x31B, 0x1D166, 0x1DFA, 0x62,
  0x61, 0x1D166, 0x1DFA, 0x31B, 0x1DCE, 0x62, 0x61, 0x1DCE, 0x1D166, 0x31B, 0x1DFA, 0x62,
  0x61, 0x1DCE, 0x1D166, 0x31B, 0x1DFA, 0x62, 0x61, 0x16FF0, 0x334, 0x1D167, 0x62, 0x61,
  0x334, 0x1D167, 0x16FF0, 0x62, 0x61, 0x334, 0x1D167, 0x16FF0, 0x62, 0x61, 0x1D167, 0x16FF0,
  0x334, 0x62, 0x61, 0x1D167, 0x334, 0x16FF0, 0x62, 0x61, 0x1D167, 0x334, 0x16FF0, 0x62,
  0x61, 0x16FF0, 0x334, 0x1D168, 0x62, 0x61, 0x334, 0x1D168, 0x16FF0, 0x62, 0x61, 0x334,
  0x1D168, 0x16FF0, 0x62, 0x61, 0x1D168, 0x16FF0, 0x334, 0x62, 0x61, 0x1D168, 0x334, 0x16FF0,
  0x62, 0x61, 0x1D168, 0x334, 0x16FF0, 0x62, 0x61, 0x16FF0, 0x334, 0x1D169, 0x62, 0x61,
  0x334, 0x1D169, 0x16FF0, 0x62, 0x61, 0x334, 0x1D169, 0x16FF0, 0x62, 0x61, 0x1D169, 0x16FF0,
  0x334, 0x62, 0x61, 0x1D169, 0x334, 0x16FF0, 0x62, 0x61, 0x1D169, 0x334, 0x16FF0, 0x62,
  0x61, 0x5AE, 0x1D16D, 0x302E, 0x1D16D, 0x62, 0x61, 0x302E, 0x1D16D, 0x1D16D, 0x5AE, 0x62,
  0x61, 0x302E, 0x1D16D, 0x1D16D, 0x5AE, 0x62, 0x61, 0x1D16D, 0x5AE, 0x1D16D, 0x302E, 0x62,
  0x61, 0x302E, 0x1D16D, 0x1D16D, 0x5AE, 0x62, 0x61, 0x1DFA, 0x31B, 0x1DCE, 0x1D16E, 0x62,
  0x61, 0x1DCE, 0x31B, 0x1D16E, 0x1DFA, 0x62, 0x61, 0x1DCE, 0x31B, 0x1D16E, 0x1DFA, 0x62,
  0x61, 0x1D16E, 0x1DFA, 0x31B, 0x1DCE, 0x62, 0x61, 0x1DCE, 0x1D16E, 0x31B, 0x1DFA, 0x62,
  0x61, 0x1DCE, 0x1D16E, 0x31B, 0x1DFA, 0x62, 0x61, 0x1DFA, 0x31B, 0x1DCE, 0x1D16F, 0x62,
  0x61, 0x1DCE, 0x31B, 0x1D16F, 0x1DFA, 0x62, 0x61, 0x1DCE, 0x31B, 0x1D16F, 0x1DFA, 0x62,
  0x61, 0x1D16F, 0x1DFA, 0x31B, 0x1DCE, 0x62, 0x61, 0x1DCE, 0x1D16F, 0x31B, 0x1DFA, 0x62,
  0x61, 0x1DCE, 0x1D16F, 0x31B, 0x1DFA, 0x62, 0x61, 0x1DFA, 0x31B, 0x1DCE, 0x1D170, 0x62,
  0x61, 0x1DCE, 0x31B, 0x1D170, 0x1DFA, 0x62, 0x61, 0x1DCE, 0x31B, 0x1D170, 0x1DFA, 0x62,
  0x61, 0x1D170, 0x1DFA, 0x31B, 0x1DCE, 0x62, 0x61, 0x1DCE, 0x1D170, 0x31B, 0x1DFA, 0x62,
  0x61, 0x1DCE, 0x1D170, 0x31B, 0x1DFA, 0x62, 0x61, 0x1DFA, 0x31B, 0x1DCE, 0x1D171, 0x62,
  0x61, 0x1DCE, 0x31B, 0x1D171, 0x1DFA, 0x62, 0x61, 0x1DCE, 0x31B, 0x1D171, 0x1DFA, 0x62,
  0x61, 0x1D171, 0x1DFA, 0x31B, 0x1DCE, 0x62, 0x61, 0x1DCE, 0x1D171, 0x31B, 0x1DFA, 0x62,
  0x61, 0x1DCE, 0x1D171, 0x31B, 0x1DFA, 0x62, 0x61, 0x1DFA, 0x31B, 0x1DCE, 0x1D172, 0x62,
  0x61, 0x1DCE, 0x31B, 0x1D172, 0x1DFA, 0x62, 0x61, 0x1DCE, 0x31B, 0x1D172, 0x1DFA, 0x62,
  0x61, 0x1D172, 0x1DFA, 0x31B, 0x1DCE, 0x62, 0x61, 0x1DCE, 0x1D172, 0x31B, 0x1DFA, 0x62,
  0x61, 0x1DCE, 0x1D172, 0x31B, 0x1DFA, 0x62, 0x61, 0x59A, 0x316, 0x1DFA, 0x1D17B, 0x62,
  0x61, 0x1DFA, 0x316, 0x1D17B, 0x59A, 0x62, 0x61, 0x1DFA, 0x316, 0x1D17B, 0x59A, 0x62,
  0x61, 0x1D17B, 0x59A, 0x316, 0x1DFA, 0x62, 0x61, 0x1DFA, 0x1D17B, 0x316, 0x59A, 0x62,
  0x61, 0x1DFA, 0x1D17B, 0x316, 0x59A, 0x62, 0x61, 0x59A, 0x316, 0x1DFA, 0x1D17C, 0x62,
  0x61, 0x1DFA, 0x316, 0x1D17C, 0x59A, 0x62, 0x61, 0x1DFA, 0x316, 0x1D17C, 0x59A, 0x62,
  0x61, 0x1D17C, 0x59A, 0x316, 0x1DFA, 0x62, 0x61, 0x1DFA, 0x1D17C, 0x316, 0x59A, 0x62,
  0x61, 0x1DFA, 0x1D17C, 0x316, 0x59A, 0x62, 0x61, 0x59A, 0x316, 0x1DFA, 0x1D17D, 0x62,
  0x61, 0x1DFA, 0x316, 0x1D17D, 0x59A, 0x62, 0x61, 0x1DFA, 0x316, 0x1D17D, 0x59A, 0x62,
  0x61, 0x1D17D, 0x59A, 0x316, 0x1DFA, 0x62, 0x61, 0x1DFA, 0x1D17D, 0x316, 0x59A, 0x62,
  0x61, 0x1DFA, 0x1D17D, 0x316, 0x59A, 0x62, 0x61, 0x59A, 0x316, 0x1DFA, 0x1D17E, 0x62,
  0x61, 0x1DFA, 0x316, 0x1D17E, 0x59A, 0x62, 0x61, 0x1DFA, 0x316, 0x1D17E, 0x59A, 0x62,
  0x61, 0x1D17E, 0x59A, 0x316, 0x1DFA, 0x62, 0x61, 0x1DFA, 0x1D17E, 0x316, 0x59A, 0x62,
  0x61, 0x1DFA, 0x1D17E, 0x316, 0x59A, 0x62, 0x61, 0x59A, 0x316, 0x1DFA, 0x1D17F, 0x62,
  0x61, 0x1DFA, 0x316, 0x1D17F, 0x59A, 0x62, 0x61, 0x1DFA, 0x316, 0x1D17F, 0x59A, 0x62,
  0x61, 0x1D17F, 0x59A, 0x316, 0x1DFA, 0x62, 0x61, 0x1DFA, 0x1D17F, 0x316, 0x59A, 0x62,
  0x61, 0x1DFA, 0x1D17F, 0x316, 0x59A, 0x62, 0x61, 0x59A, 0x316, 0x1DFA, 0x1D180, 0x62,
  0x61, 0x1DFA, 0x316, 0x1D180, 0x59A, 0x62, 0x61, 0x1DFA, 0x316, 0x1D180, 0x59A, 0x62,
  0x61, 0x1D180, 0x59A, 0x316, 0x1DFA, 0x62, 0x61, 0x1DFA, 0x1D180, 0x316, 0x59A, 0x62,
  0x61, 0x1DFA, 0x1D180, 0x316, 0x59A, 0x62, 0x61, 0x59A, 0x316, 0x1DFA, 0x1D181, 0x62,
  0x61, 0x1DFA, 0x316, 0x1D181, 0x59A, 0x62, 0x61, 0x1DFA, 0x316, 0x1D181, 0x59A, 0x62,
  0x61, 0x1D181, 0x59A, 0x316, 0x1DFA, 0x62, 0x61, 0x1DFA, 0x1D181, 0x316, 0x59A, 0x62,
  0x61, 0x1DFA, 0x1D181, 0x316, 0x59A, 0x62, 0x61, 0x59A, 0x316, 0x1DFA, 0x1D182, 0x62,
  0x61, 0x1DFA, 0x316, 0x1D182, 0x59A, 0x62, 0x61, 0x1DFA, 0x316, 0x1D182, 0x59A, 0x62,
  0x61, 0x1D182, 0x59A, 0x316, 0x1DFA, 0x62, 0x61, 0x1DFA, 0x1D182, 0x316, 0x59A, 0x62,
  0x61, 0x1DFA, 0x1D182, 0x316, 0x59A, 0x62, 0x61, 0x315, 0x300, 0x5AE, 0x1D185, 0x62,
  0xE0, 0x5AE, 0x1D185, 0x315, 0x62, 0xE0, 0x5AE, 0x1D185, 0x315, 0x62, 0x61, 0x5AE,
  0x300, 0x1D185, 0x315, 0x62, 0xE0, 0x5AE, 0x1D185, 0x315, 0x62, 0x61, 0x1D185, 0x315,
  0x300, 0x5AE, 0x62, 0x61, 0x5AE, 0x1D185, 0x300, 0x315, 0x62, 0x61, 0x5AE, 0x1D185,
  0x300, 0x315, 0x62, 0x61, 0x315, 0x300, 0x5AE, 0x1D186, 0x62, 0xE0, 0x5AE, 0x1D186,
  0x315, 0x62, 0xE0, 0x5AE, 0x1D186, 0x315, 0x62, 0x61, 0x5AE, 0x300, 0x1D186, 0x315,
  0x62, 0xE0, 0x5AE, 0x1D186, 0x315, 0x62, 0x61, 0x1D186, 0x315, 0x300, 0x5AE, 0x62,
  0x61, 0x5AE, 0x1D186, 0x300, 0x315, 0x62, 0x61, 0x5AE, 0x1D186, 0x300, 0x315, 0x62,
  0x61, 0x315, 0x300, 0x5AE, 0x1D187, 0x62, 0xE0, 0x5AE, 0x1D187, 0x315, 0x62, 0xE0,
  0x5AE, 0x1D187, 0x315, 0x62, 0x61, 0x5AE, 0x300, 0x1D187, 0x315, 0x62, 0xE0, 0x5AE,
  0x1D187, 0x315, 0x62, 0x61, 0x1D187, 0x315, 0x300, 0x5AE, 0x62, 0x61, 0x5AE, 0x1D187,
  0x300, 0x315, 0x62, 0x61, 0x5AE, 0x1D187, 0x300, 0x315, 0x62, 0x61, 0x315, 0x300,
  0x5AE, 0x1D188, 0x62, 0xE0, 0x5AE, 0x1D188, 0x315, 0x62, 0xE0, 0x5AE, 0x1D188, 0x315,
  0x62, 0x61, 0x5AE, 0x300, 0x1D188, 0x315, 0x62, 0xE0, 0x5AE, 0x1D188, 0x315, 0x62,
  0x61, 0x1D188, 0x315, 0x300, 0x5AE, 0x62, 0x61, 0x5AE, 0x1D188, 0x300, 0x315, 0x62,
  0x61, 0x5AE, 0x1D188, 0x300, 0x315, 0x62, 0x61, 0x315, 0x300, 0x5AE, 0x1D189, 0x62,
  0xE0, 0x5AE, 0x1D189, 0x315, 0x62, 0xE0, 0x5AE, 0x1D189, 0x315, 0x62, 0x61, 0x5AE,
  0x300, 0x1D189, 0x315, 0x62, 0xE0, 0x5AE, 0x1D189, 0x315, 0x62, 0x61, 0x1D189, 0x315,
  0x300, 0x5AE, 0x62, 0x61, 0x5AE, 0x1D189, 0x300, 0x315, 0x62, 0x61, 0x5AE, 0x1D189,
  0x300, 0x315, 0x62, 0x61, 0x59A, 0x316, 0x1DFA, 0x1D18A, 0x62, 0x61, 0x1DFA, 0x316,
  0x1D18A, 0x59A, 0x62, 0x61, 0x1DFA, 0x316, 0x1D18A, 0x59A, 0x62, 0x61, 0x1D18A, 0x59A,
  0x316, 0x1DFA, 0x62, 0x61, 0x1DFA, 0x1D18A, 0x316, 0x59A, 0x62, 0x61, 0x1DFA, 0x1D18A,
  0x316, 0x59A, 0x62, 0x61, 0x59A, 0x316, 0x1DFA, 0x1D18B, 0x62, 0x61, 0x1DFA, 0x316,
  0x1D18B, 0x59A, 0x62, 0x61, 0x1DFA, 0x316, 0x1D18B, 0x59A, 0x62, 0x61, 0x1D18B, 0x59A,
  0x316, 0x1DFA, 0x62, 0x61, 0x1DFA, 0x1D18B, 0x316, 0x59A, 0x62, 0x61, 0x1DFA, 0x1D18B,
  0x316, 0x59A, 0x62, 0x61, 0x315, 0x300, 0x5AE, 0x1D1AA, 0x62, 0xE0, 0x5AE, 0x1D1AA,
  0x315, 0x62, 0xE0, 0x5AE, 0x1D1AA, 0x315, 0x62, 0x61, 0x5AE, 0x300, 0x1D1AA, 0x315,
  0x62, 0xE0, 0x5AE, 0x1D1AA, 0x315, 0x62, 0x61, 0x1D1AA, 0x315, 0x300, 0x5AE, 0x62,
  0x61, 0x5AE, 0x1D1AA, 0x300, 0x315, 0x62, 0x61, 0x5AE, 0x1D1AA, 0x300, 0x315, 0x62,
  0x61, 0x315, 0x300, 0x5AE, 0x1D1AB, 0x62, 0xE0, 0x5AE, 0x1D1AB, 0x315, 0x62, 0xE0,
  0x5AE, 0x1D1AB, 0x315, 0x62, 0x61, 0x5AE, 0x300, 0x1D1AB, 0x315, 0x62, 0xE0, 0x5AE,
  0x1D1AB, 0x315, 0x62, 0x61, 0x1D1AB, 0x315, 0x300, 0x5AE, 0x62, 0x61, 0x5AE, 0x1D1AB,
  0x300, 0x315, 0x62, 0x61, 0x5AE, 0x1D1AB, 0x300, 0x315, 0x62, 0x61, 0x315, 0x300,
  0x5AE, 0x1D1AC, 0x62, 0xE0, 0x5AE, 0x1D1AC, 0x315, 0x62, 0xE0, 0x5AE, 0x1D1AC, 0x315,
  0x62, 0x61, 0x5AE, 0x300, 0x1D1AC, 0x315, 0x62, 0xE0, 0x5AE, 0x1D1AC, 0x315, 0x62,
  0x61, 0x1D1AC, 0x315, 0x300, 0x5AE, 0x62, 0x61, 0x5AE, 0x1D1AC, 0x300, 0x315, 0x62,
  0x61, 0x5AE, 0x1D1AC, 0x300, 0x315, 0x62, 0x61, 0x315, 0x300, 0x5AE, 0x1D1AD, 0x62,
  0xE0, 0x5AE, 0x1D1AD, 0x315, 0x62, 0xE0, 0x5AE, 0x1D1AD, 0x315, 0x62, 0x61, 0x5AE,
  0x300, 0x1D1AD, 0x315, 0x62, 0xE0, 0x5AE, 0x1D1AD, 0x315, 0x62, 0x61, 0x1D1AD, 0x315,
  0x300, 0x5AE, 0x62, 0x61, 0x5AE, 0x1D1AD, 0x300, 0x315, 0x62, 0x61, 0x5AE, 0x1D1AD,
  0x300, 0x315, 0x62, 0x61, 0x315, 0x300, 0x5AE, 0x1D242, 0x62, 0xE0, 0x5AE, 0x1D242,
  0x315, 0x62, 0xE0, 0x5AE, 0x1D242, 0x315, 0x62, 0x61, 0x5AE, 0x300, 0x1D242, 0x315,
  0x62, 0xE0, 0x5AE, 0x1D242, 0x315, 0x62, 0x61, 0x1D242, 0x315, 0x300, 0x5AE, 0x62,
  0x61, 0x5AE, 0x1D242, 0x300, 0x315, 0x62, 0x61, 0x5AE, 0x1D242, 0x300, 0x315, 0x62,
  0x61, 0x315, 0x300, 0x5AE, 0x1D243, 0x62, 0xE0, 0x5AE, 0x1D243, 0x315, 0x62, 0xE0,
  0x5AE, 0x1D243, 0x315, 0x62, 0x61, 0x5AE, 0x300, 0x1D243, 0x315, 0x62, 0xE0, 0x5AE,
  0x1D243, 0x315, 0x62, 0x61, 0x1D243, 0x315, 0x300, 0x5AE, 0x62, 0x61, 0x5AE, 0x1D243,
  0x300, 0x315, 0x62, 0x61, 0x5AE, 0x1D243, 0x300, 0x315, 0x62, 0x61, 0x315, 0x300,
  0x5AE, 0x1D244, 0x62, 0xE0, 0x5AE, 0x1D244, 0x315, 0x62, 0xE0, 0x5AE, 0x1D244, 0x315,
  0x62, 0x61, 0x5AE, 0x300, 0x1D244, 0x315, 0x62, 0xE0, 0x5AE, 0x1D244, 0x315, 0x62,
  0x61, 0x1D244, 0x315, 0x300, 0x5AE, 0x62, 0x61, 0x5AE, 0x1D244, 0x300, 0x315, 0x62,
  0x61, 0x5AE, 0x1D244, 0x300, 0x315, 0x62, 0x61, 0x315, 0x300, 0x5AE, 0x1E000, 0x62,
  0xE0, 0x5AE, 0x1E000, 0x315, 0x62, 0xE0, 0x5AE, 0x1E000, 0x315, 0x62, 0x61, 0x5AE,
  0x300, 0x1E000, 0x315, 0x62, 0xE0, 0x5AE, 0x1E000, 0x315, 0x62, 0x61, 0x1E000, 0x315,
  0x300, 0x5AE, 0x62, 0x61, 0x5AE, 0x1E000, 0x300, 0x315, 0x62, 0x61, 0x5AE, 0x1E000,
  0x300, 0x315, 0x62, 0x61, 0x315, 0x300, 0x5AE, 0x1E001, 0x62, 0xE0, 0x5AE, 0x1E001,
  0x315, 0x62, 0xE0, 0x5AE, 0x1E001, 0x315, 0x62, 0x61, 0x5AE, 0x300, 0x1E001, 0x315,
  0x62, 0xE0, 0x5AE, 0x1E001, 0x315, 0x62, 0x61, 0x1E001, 0x315, 0x300, 0x5AE, 0x62,
  0x61, 0x5AE, 0x1E001, 0x300, 0x315, 0x62, 0x61, 0x5AE, 0x1E001, 0x300, 0x315, 0x62,
  0x61, 0x315, 0x300, 0x5AE, 0x1E002, 0x62, 0xE0, 0x5AE, 0x1E002, 0x315, 0x62, 0xE0,
  0x5AE, 0x1E002, 0x315, 0x62, 0x61, 0x5AE, 0x300, 0x1E002, 0x315, 0x62, 0xE0, 0x5AE,
  0x1E002, 0x315, 0x62, 0x61, 0x1E002, 0x315, 0x300, 0x5AE, 0x62, 0x61, 0x5AE, 0x1E002,
  0x300, 0x315, 0x62, 0x61, 0x5AE, 0x1E002, 0x300, 0x315, 0x62, 0x61, 0x315, 0x300,
  0x5AE, 0x1E003, 0x62, 0xE0, 0x5AE, 0x1E003, 0x315, 0x62, 0xE0, 0x5AE, 0x1E003, 0x315,
  0x62, 0x61, 0x5AE, 0x300, 0x1E003, 0x315, 0x62, 0xE0, 0x5AE, 0x1E003, 0x315, 0x62,
  0x61, 0x1E003, 0x315, 0x300, 0x5AE, 0x62, 0x61, 0x5AE, 0x1E003, 0x300, 0x315, 0x62,
  0x61, 0x5AE, 0x1E003, 0x300, 0x315, 0x62, 0x61, 0x315, 0x300, 0x5AE, 0x1E004, 0x62,
  0xE0, 0x5AE, 0x1E004, 0x315, 0x62, 0xE0, 0x5AE, 0x1E004, 0x315, 0x62, 0x61, 0x5AE,
  0x300, 0x1E004, 0x315, 0x62, 0xE0, 0x5AE, 0x1E004, 0x315, 0x62, 0x61, 0x1E004, 0x315,
  0x300, 0x5AE, 0x62, 0x61, 0x5AE, 0x1E004, 0x300, 0x315, 0x62, 0x61, 0x5AE, 0x1E004,
  0x300, 0x315, 0x62, 0x61, 0x315, 0x300, 0x5AE, 0x1E005, 0x62, 0xE0, 0x5AE, 0x1E005,
  0x315, 0x62, 0xE0, 0x5AE, 0x1E005, 0x315, 0x62, 0x61, 0x5AE, 0x300, 0x1E005, 0x315,
  0x62, 0xE0, 0x5AE, 0x1E005, 0x315, 0x62, 0x61, 0x1E005, 0x315, 0x300, 0x5AE, 0x62,
  0x61, 0x5AE, 0x1E005, 0x300, 0x315, 0x62, 0x61, 0x5AE, 0x1E005, 0x300, 0x315, 0x62,
  0x61, 0x315, 0x300, 0x5AE, 0x1E006, 0x62, 0xE0, 0x5AE, 0x1E006, 0x315, 0x62, 0xE0,
  0x5AE, 0x1E006, 0x315, 0x62, 0x61, 0x5AE, 0x300, 0x1E006, 0x315, 0x62, 0xE0, 0x5AE,
  0x1E006, 0x315, 0x62, 0x61, 0x1E006, 0x315, 0x300, 0x5AE, 0x62, 0x61, 0x5AE, 0x1E006,
  0x300, 0x315, 0x62, 0x61, 0x5AE, 0x1E006, 0x300, 0x315, 0x62, 0x61, 0x315, 0x300,
  0x5AE, 0x1E008, 0x62, 0xE0, 0x5AE, 0x1E008, 0x315, 0x62, 0xE0, 0x5AE, 0x1E008, 0x315,
  0x62, 0x61, 0x5AE, 0x300, 0x1E008, 0x315, 0x62, 0xE0, 0x5AE, 0x1E008, 0x315, 0x62,
  0x61, 0x1E008, 0x315, 0x300, 0x5AE, 0x62, 0x61, 0x5AE, 0x1E008, 0x300, 0x315, 0x62,
  0x61, 0x5AE, 0x1E008, 0x300, 0x315, 0x62, 0x61, 0x315, 0x300, 0x5AE, 0x1E009, 0x62,
  0xE0, 0x5AE, 0x1E009, 0x315, 0x62, 0xE0, 0x5AE, 0x1E009, 0x315, 0x62, 0x61, 0x5AE,
  0x300, 0x1E009, 0x315, 0x62, 0xE0, 0x5AE, 0x1E009, 0x315, 0x62, 0x61, 0x1E009, 0x315,
  0x300, 0x5AE, 0x62, 0x61, 0x5AE, 0x1E009, 0x300, 0x315, 0x62, 0x61, 0x5AE, 0x1E009,
  0x300, 0x315, 0x62, 0x61, 0x315, 0x300, 0x5AE, 0x1E00A, 0x62, 0xE0, 0x5AE, 0x1E00A,
  0x315, 0x62, 0xE0, 0x5AE, 0x1E00A, 0x315, 0x62, 0x61, 0x5AE, 0x300, 0x1E00A, 0x315,
  0x62, 0xE0, 0x5AE, 0x1E00A, 0x315, 0x62, 0x61, 0x1E00A, 0x315, 0x300, 0x5AE, 0x62,
  0x61, 0x5AE, 0x1E00A, 0x300, 0x315, 0x62, 0x61, 0x5AE, 0x1E00A, 0x300, 0x315, 0x62,
  0x61, 0x315, 0x300, 0x5AE, 0x1E00B, 0x62, 0xE0, 0x5AE, 0x1E00B, 0x315, 0x62, 0xE0,
  0x5AE, 0x1E00B, 0x315, 0x62, 0x61, 0x5AE, 0x300, 0x1E00B, 0x315, 0x62, 0xE0, 0x5AE,
  0x1E00B, 0x315, 0x62, 0x61, 0x1E00B, 0x315, 0x300, 0x5AE, 0x62, 0x61, 0x5AE, 0x1E00B,
  0x300, 0x315, 0x62, 0x61, 0x5AE, 0x1E00B, 0x300, 0x315, 0x62, 0x61, 0x315, 0x300,
  0x5AE, 0x1E00C, 0x62, 0xE0, 0x5AE, 0x1E00C, 0x315, 0x62, 0xE0, 0x5AE, 0x1E00C, 0x315,
  0x62, 0x61, 0x5AE, 0x300, 0x1E00C, 0x315, 0x62, 0xE0, 0x5AE, 0x1E00C, 0x315, 0x62,
  0x61, 0x1E00C, 0x315, 0x300, 0x5AE, 0x62, 0x61, 0x5AE, 0x1E00C, 0x300, 0x315, 0x62,
  0x61, 0x5AE, 0x1E00C, 0x300, 0x315, 0x62, 0x61, 0x315, 0x300, 0x5AE, 0x1E00D, 0x62,
  0xE0, 0x5AE, 0x1E00D, 0x315, 0x62, 0xE0, 0x5AE, 0x1E00D, 0x315, 0x62, 0x61, 0x5AE,
  0x300, 0x1E00D, 0x315, 0x62, 0xE0, 0x5AE, 0x1E00D, 0x315, 0x62, 0x61, 0x1E00D, 0x315,
  0x300, 0x5AE, 0x62, 0x61, 0x5AE, 0x1E00D, 0x300, 0x315, 0x62, 0x61, 0x5AE, 0x1E00D,
  0x300, 0x315, 0x62, 0x61, 0x315, 0x300, 0x5AE, 0x1E00E, 0x62, 0xE0, 0x5AE, 0x1E00E,
  0x315, 0x62, 0xE0, 0x5AE, 0x1E00E, 0x315, 0x62, 0x61, 0x5AE, 0x300, 0x1E00E, 0x315,
  0x62, 0xE0, 0x5AE, 0x1E00E, 0x315, 0x62, 0x61, 0x1E00E, 0x315, 0x300, 0x5AE, 0x62,
  0x61, 0x5AE, 0x1E00E, 0x300, 0x315, 0x62, 0x61, 0x5AE, 0x1E00E, 0x300, 0x315, 0x62,
  0x61, 0x315, 0x300, 0x5AE, 0x1E00F, 0x62, 0xE0, 0x5AE, 0x1E00F, 0x315, 0x62, 0xE0,
  0x5AE, 0x1E00F, 0x315, 0x62, 0x61, 0x5AE, 0x300, 0x1E00F, 0x315, 0x62, 0xE0, 0x5AE,
  0x1E00F, 0x315, 0x62, 0x61, 0x1E00F, 0x315, 0x300, 0x5AE, 0x62, 0x61, 0x5AE, 0x1E00F,
  0x300, 0x315, 0x62, 0x61, 0x5AE, 0x1E00F, 0x300, 0x315, 0x62, 0x61, 0x315, 0x300,
  0x5AE, 0x1E010, 0x62, 0xE0, 0x5AE, 0x1E010, 0x315, 0x62, 0xE0, 0x5AE, 0x1E010, 0x315,
  0x62, 0x61, 0x5AE, 0x300, 0x1E010, 0x315, 0x62, 0xE0, 0x5AE, 0x1E010, 0x315, 0x62,
  0x61, 0x1E010, 0x315, 0x300, 0x5AE, 0x62, 0x61, 0x5AE, 0x1E010, 0x300, 0x315, 0x62,
  0x61, 0x5AE, 0x1E010, 0x300, 0x315, 0x62, 0x61, 0x315, 0x300, 0x5AE, 0x1E011, 0x62,
  0xE0, 0x5AE, 0x1E011, 0x315, 0x62, 0xE0, 0x5AE, 0x1E011, 0x315, 0x62, 0x61, 0x5AE,
  0x300, 0x1E011, 0x315, 0x62, 0xE0, 0x5AE, 0x1E011, 0x315, 0x62, 0x61, 0x1E011, 0x315,
  0x300, 0x5AE, 0x62, 0x61, 0x5AE, 0x1E011, 0x300, 0x315, 0x62, 0x61, 0x5AE, 0x1E011,
  0x300, 0x315, 0x62, 0x61, 0x315, 0x300, 0x5AE, 0x1E012, 0x62, 0xE0, 0x5AE, 0x1E012,
  0x315, 0x62, 0xE0, 0x5AE, 0x1E012, 0x315, 0x62, 0x61, 0x5AE, 0x300, 0x1E012, 0x315,
  0x62, 0xE0, 0x5AE, 0x1E012, 0x315, 0x62, 0x61, 0x1E012, 0x315, 0x300, 0x5AE, 0x62,
  0x61, 0x5AE, 0x1E012, 0x300, 0x315, 0x62, 0x61, 0x5AE, 0x1E012, 0x300, 0x315, 0x62,
  0x61, 0x315, 0x300, 0x5AE, 0x1E013, 0x62, 0xE0, 0x5AE, 0x1E013, 0x315, 0x62, 0xE0,
  0x5AE, 0x1E013, 0x315, 0x62, 0x61, 0x5AE, 0x300, 0x1E013, 0x315, 0x62, 0xE0, 0x5AE,
  0x1E013, 0x315, 0x62, 0x61, 0x1E013, 0x315, 0x300, 0x5AE, 0x62, 0x61, 0x5AE, 0x1E013,
  0x300, 0x315, 0x62, 0x61, 0x5AE, 0x1E013, 0x300, 0x315, 0x62, 0x61, 0x315, 0x300,
  0x5AE, 0x1E014, 0x62, 0xE0, 0x5AE, 0x1E014, 0x315, 0x62, 0xE0, 0x5AE, 0x1E014, 0x315,
  0x62, 0x61, 0x5AE, 0x300, 0x1E014, 0x315, 0x62, 0xE0, 0x5AE, 0x1E014, 0x315, 0x62,
  0x61, 0x1E014, 0x315, 0x300, 0x5AE, 0x62, 0x61, 0x5AE, 0x1E014, 0x300, 0x315, 0x62,
  0x61, 0x5AE, 0x1E014, 0x300, 0x315, 0x62, 0x61, 0x315, 0x300, 0x5AE, 0x1E015, 0x62,
  0xE0, 0x5AE, 0x1E015, 0x315, 0x62, 0xE0, 0x5AE, 0x1E015, 0x315, 0x62, 0x61, 0x5AE,
  0x300, 0x1E015, 0x315, 0x62, 0xE0, 0x5AE, 0x1E015, 0x315, 0x62, 0x61, 0x1E015, 0x315,
  0x300, 0x5AE, 0x62, 0x61, 0x5AE, 0x1E015, 0x300, 0x315, 0x62, 0x61, 0x5AE, 0x1E015,
  0x300, 0x315, 0x62, 0x61, 0x315, 0x300, 0x5AE, 0x1E016, 0x62, 0xE0, 0x5AE, 0x1E016,
  0x315, 0x62, 0xE0, 0x5AE, 0x1E016, 0x315, 0x62, 0x61, 0x5AE, 0x300, 0x1E016, 0x315,
  0x62, 0xE0, 0x5AE, 0x1E016, 0x315, 0x62, 0x61, 0x1E016, 0x315, 0x300, 0x5AE, 0x62,
  0x61, 0x5AE, 0x1E016, 0x300, 0x315, 0x62, 0x61, 0x5AE, 0x1E016, 0x300, 0x315, 0x62,
  0x61, 0x315, 0x300, 0x5AE, 0x1E017, 0x62, 0xE0, 0x5AE, 0x1E017, 0x315, 0x62, 0xE0,
  0x5AE, 0x1E017, 0x315, 0x62, 0x61, 0x5AE, 0x300, 0x1E017, 0x315, 0x62, 0xE0, 0x5AE,
  0x1E017, 0x315, 0x62, 0x61, 0x1E017, 0x315, 0x300, 0x5AE, 0x62, 0x61, 0x5AE, 0x1E017,
  0x300, 0x315, 0x62, 0x61, 0x5AE, 0x1E017, 0x300, 0x315, 0x62, 0x61, 0x315, 0x300,
  0x5AE, 0x1E018, 0x62, 0xE0, 0x5AE, 0x1E018, 0x315, 0x62, 0xE0, 0x5AE, 0x1E018, 0x315,
  0x62, 0x61, 0x5AE, 0x300, 0x1E018, 0x315, 0x62, 0xE0, 0x5AE, 0x1E018, 0x315, 0x62,
  0x61, 0x1E018, 0x315, 0x300, 0x5AE, 0x62, 0x61, 0x5AE, 0x1E018, 0x300, 0x315, 0x62,
  0x61, 0x5AE, 0x1E018, 0x300, 0x315, 0x62, 0x61, 0x315, 0x300, 0x5AE, 0x1E01B, 0x62,
  0xE0, 0x5AE, 0x1E01B, 0x315, 0x62, 0xE0, 0x5AE, 0x1E01B, 0x315, 0x62, 0x61, 0x5AE,
  0x300, 0x1E01B, 0x315, 0x62, 0xE0, 0x5AE, 0x1E01B, 0x315, 0x62, 0x61, 0x1E01B, 0x315,
  0x300, 0x5AE, 0x62, 0x61, 0x5AE, 0x1E01B, 0x300, 0x315, 0x62, 0x61, 0x5AE, 0x1E01B,
  0x300, 0x315, 0x62, 0x61, 0x315, 0x300, 0x5AE, 0x1E01C, 0x62, 0xE0, 0x5AE, 0x1E01C,
  0x315, 0x62, 0xE0, 0x5AE, 0x1E01C, 0x315, 0x62, 0x61, 0x5AE, 0x300, 0x1E01C, 0x315,
  0x62, 0xE0, 0x5AE, 0x1E01C, 0x315, 0x62, 0x61, 0x1E01C, 0x315, 0x300, 0x5AE, 0x62,
  0x61, 0x5AE, 0x1E01C, 0x300, 0x315, 0x62, 0x61, 0x5AE, 0x1E01C, 0x300, 0x315, 0x62,
  0x61, 0x315, 0x300, 0x5AE, 0x1E01D, 0x62, 0xE0, 0x5AE, 0x1E01D, 0x315, 0x62, 0xE0,
  0x5AE, 0x1E01D, 0x315, 0x62, 0x61, 0x5AE, 0x300, 0x1E01D, 0x315, 0x62, 0xE0, 0x5AE,
  0x1E01D, 0x315, 0x62, 0x61, 0x1E01D, 0x315, 0x300, 0x5AE, 0x62, 0x61, 0x5AE, 0x1E01D,
  0x300, 0x315, 0x62, 0x61, 0x5AE, 0x1E01D, 0x300, 0x315, 0x62, 0x61, 0x315, 0x300,
  0x5AE, 0x1E01E, 0x62, 0xE0, 0x5AE, 0x1E01E, 0x315, 0x62, 0xE0, 0x5AE, 0x1E01E, 0x315,
  0x62, 0x61, 0x5AE, 0x300, 0x1E01E, 0x315, 0x62, 0xE0, 0x5AE, 0x1E01E, 0x315, 0x62,
  0x61, 0x1E01E, 0x315, 0x300, 0x5AE, 0x62, 0x61, 0x5AE, 0x1E01E, 0x300, 0x315, 0x62,
  0x61, 0x5AE, 0x1E01E, 0x300, 0x315, 0x62, 0x61, 0x315, 0x300, 0x5AE, 0x1E01F, 0x62,
  0xE0, 0x5AE, 0x1E01F, 0x315, 0x62, 0xE0, 0x5AE, 0x1E01F, 0x315, 0x62, 0x61, 0x5AE,
  0x300, 0x1E01F, 0x315, 0x62, 0xE0, 0x5AE, 0x1E01F, 0x315, 0x62, 0x61, 0x1E01F, 0x315,
  0x300, 0x5AE, 0x62, 0x61, 0x5AE, 0x1E01F, 0x300, 0x315, 0x62, 0x61, 0x5AE, 0x1E01F,
  0x300, 0x315, 0x62, 0x61, 0x315, 0x300, 0x5AE, 0x1E020, 0x62, 0xE0, 0x5AE, 0x1E020,
  0x315, 0x62, 0xE0, 0x5AE, 0x1E020, 0x315, 0x62, 0x61, 0x5AE, 0x300, 0x1E020, 0x315,
  0x62, 0xE0, 0x5AE, 0x1E020, 0x315, 0x62, 0x61, 0x1E020, 0x315, 0x300, 0x5AE, 0x62,
  0x61, 0x5AE, 0x1E020, 0x300, 0x315, 0x62, 0x61, 0x5AE, 0x1E020, 0x300, 0x315, 0x62,
  0x61, 0x315, 0x300, 0x5AE, 0x1E021, 0x62, 0xE0, 0x5AE, 0x1E021, 0x315, 0x62, 0xE0,
  0x5AE, 0x1E021, 0x315, 0x62, 0x61, 0x5AE, 0x300, 0x1E021, 0x315, 0x62, 0xE0, 0x5AE,
  0x1E021, 0x315, 0x62, 0x61, 0x1E021, 0x315, 0x300, 0x5AE, 0x62, 0x61, 0x5AE, 0x1E021,
  0x300, 0x315, 0x62, 0x61, 0x5AE, 0x1E021, 0x300, 0x315, 0x62, 0x61, 0x315, 0x300,
  0x5AE, 0x1E023, 0x62, 0xE0, 0x5AE, 0x1E023, 0x315, 0x62, 0xE0, 0x5AE, 0x1E023, 0x315,
  0x62, 0x61, 0x5AE, 0x300, 0x1E023, 0x315, 0x62, 0xE0, 0x5AE, 0x1E023, 0x315, 0x62,
  0x61, 0x1E023, 0x315, 0x300, 0x5AE, 0x62, 0x61, 0x5AE, 0x1E023, 0x300, 0x315, 0x62,
  0x61, 0x5AE, 0x1E023, 0x300, 0x315, 0x62, 0x61, 0x315, 0x300, 0x5AE, 0x1E024, 0x62,
  0xE0, 0x5AE, 0x1E024, 0x315, 0x62, 0xE0, 0x5AE, 0x1E024, 0x315, 0x62, 0x61, 0x5AE,
  0x300, 0x1E024, 0x315, 0x62, 0xE0, 0x5AE, 0x1E024, 0x315, 0x62, 0x61, 0x1E024, 0x315,
  0x300, 0x5AE, 0x62, 0x61, 0x5AE, 0x1E024, 0x300, 0x315, 0x62, 0x61, 0x5AE, 0x1E024,
  0x300, 0x315, 0x62, 0x61, 0x315, 0x300, 0x5AE, 0x1E026, 0x62, 0xE0, 0x5AE, 0x1E026,
  0x315, 0x62, 0xE0, 0x5AE, 0x1E026, 0x315, 0x62, 0x61, 0x5AE, 0x300, 0x1E026, 0x315,
  0x62, 0xE0, 0x5AE, 0x1E026, 0x315, 0x62, 0x61, 0x1E026, 0x315, 0x300, 0x5AE, 0x62,
  0x61, 0x5AE, 0x1E026, 0x300, 0x315, 0x62, 0x61, 0x5AE, 0x1E026, 0x300, 0x315, 0x62,
  0x61, 0x315, 0x300, 0x5AE, 0x1E027, 0x62, 0xE0, 0x5AE, 0x1E027, 0x315, 0x62, 0xE0,
  0x5AE, 0x1E027, 0x315, 0x62, 0x61, 0x5AE, 0x300, 0x1E027, 0x315, 0x62, 0xE0, 0x5AE,
  0x1E027, 0x315, 0x62, 0x61, 0x1E027, 0x315, 0x300, 0x5AE, 0x62, 0x61, 0x5AE, 0x1E027,
  0x300, 0x315, 0x62, 0x61, 0x5AE, 0x1E027, 0x300, 0x315, 0x62, 0x61, 0x315, 0x300,
  0x5AE, 0x1E028, 0x62, 0xE0, 0x5AE, 0x1E028, 0x315, 0x62, 0xE0, 0x5AE, 0x1E028, 0x315,
  0x62, 0x61, 0x5AE, 0x300, 0x1E028, 0x315, 0x62, 0xE0, 0x5AE, 0x1E028, 0x315, 0x62,
  0x61, 0x1E028, 0x315, 0x300, 0x5AE, 0x62, 0x61, 0x5AE, 0x1E028, 0x300, 0x315, 0x62,
  0x61, 0x5AE, 0x1E028, 0x300, 0x315, 0x62, 0x61, 0x315, 0x300, 0x5AE, 0x1E029, 0x62,
  0xE0, 0x5AE, 0x1E029, 0x315, 0x62, 0xE0, 0x5AE, 0x1E029, 0x315, 0x62, 0x61, 0x5AE,
  0x300, 0x1E029, 0x315, 0x62, 0xE0, 0x5AE, 0x1E029, 0x315, 0x62, 0x61, 0x1E029, 0x315,
  0x300, 0x5AE, 0x62, 0x61, 0x5AE, 0x1E029, 0x300, 0x315, 0x62, 0x61, 0x5AE, 0x1E029,
  0x300, 0x315, 0x62, 0x61, 0x315, 0x300, 0x5AE, 0x1E02A, 0x62, 0xE0, 0x5AE, 0x1E02A,
  0x315, 0x62, 0xE0, 0x5AE, 0x1E02A, 0x315, 0x62, 0x61, 0x5AE, 0x300, 0x1E02A, 0x315,
  0x62, 0xE0, 0x5AE, 0x1E02A, 0x315, 0x62, 0x61, 0x1E02A, 0x315, 0x300, 0x5AE, 0x62,
  0x61, 0x5AE, 0x1E02A, 0x300, 0x315, 0x62, 0x61, 0x5AE, 0x1E02A, 0x300, 0x315, 0x62,
  0x61, 0x315, 0x300, 0x5AE, 0x1E08F, 0x62, 0xE0, 0x5AE, 0x1E08F, 0x315, 0x62, 0xE0,
  0x5AE, 0x1E08F, 0x315, 0x62, 0x61, 0x5AE, 0x300, 0x1E08F, 0x315, 0x62, 0xE0, 0x5AE,
  0x1E08F, 0x315, 0x62, 0x61, 0x1E08F, 0x315, 0x300, 0x5AE, 0x62, 0x61, 0x5AE, 0x1E08F,
  0x300, 0x315, 0x62, 0x61, 0x5AE, 0x1E08F, 0x300, 0x315, 0x62, 0x61, 0x315, 0x300,
  0x5AE, 0x1E130, 0x62, 0xE0, 0x5AE, 0x1E130, 0x315, 0x62, 0xE0, 0x5AE, 0x1E130, 0x315,
  0x62, 0x61, 0x5AE, 0x300, 0x1E130, 0x315, 0x62, 0xE0, 0x5AE, 0x1E130, 0x315, 0x62,
  0x61, 0x1E130, 0x315, 0x300, 0x5AE, 0x62, 0x61, 0x5AE, 0x1E130, 0x300, 0x315, 0x62,
  0x61, 0x5AE, 0x1E130, 0x300, 0x315, 0x62, 0x61, 0x315, 0x300, 0x5AE, 0x1E131, 0x62,
  0xE0, 0x5AE, 0x1E131, 0x315, 0x62, 0xE0, 0x5AE, 0x1E131, 0x315, 0x62, 0x61, 0x5AE,
  0x300, 0x1E131, 0x315, 0x62, 0xE0, 0x5AE, 0x1E131, 0x315, 0x62, 0x61, 0x1E131, 0x315,
  0x300, 0x5AE, 0x62, 0x61, 0x5AE, 0x1E131, 0x300, 0x315, 0x62, 0x61, 0x5AE, 0x1E131,
  0x300, 0x315, 0x62, 0x61, 0x315, 0x300, 0x5AE, 0x1E132, 0x62, 0xE0, 0x5AE, 0x1E132,
  0x315, 0x62, 0xE0, 0x5AE, 0x1E132, 0x315, 0x62, 0x61, 0x5AE, 0x300, 0x1E132, 0x315,
  0x62, 0xE0, 0x5AE, 0x1E132, 0x315, 0x62, 0x61, 0x1E132, 0x315, 0x300, 0x5AE, 0x62,
  0x61, 0x5AE, 0x1E132, 0x300, 0x315, 0x62, 0x61, 0x5AE, 0x1E132, 0x300, 0x315, 0x62,
  0x61, 0x315, 0x300, 0x5AE, 0x1E133, 0x62, 0xE0, 0x5AE, 0x1E133, 0x315, 0x62, 0xE0,
  0x5AE, 0x1E133, 0x315, 0x62, 0x61, 0x5AE, 0x300, 0x1E133, 0x315, 0x62, 0xE0, 0x5AE,
  0x1E133, 0x315, 0x62, 0x61, 0x1E133, 0x315, 0x300, 0x5AE, 0x62, 0x61, 0x5AE, 0x1E133,
  0x300, 0x315, 0x62, 0x61, 0x5AE, 0x1E133, 0x300, 0x315, 0x62, 0x61, 0x315, 0x300,
  0x5AE, 0x1E134, 0x62, 0xE0, 0x5AE, 0x1E134, 0x315, 0x62, 0xE0, 0x5AE, 0x1E134, 0x315,
  0x62, 0x61, 0x5AE, 0x300, 0x1E134, 0x315, 0x62, 0xE0, 0x5AE, 0x1E134, 0x315, 0x62,
  0x61, 0x1E134, 0x315, 0x300, 0x5AE, 0x62, 0x61, 0x5AE, 0x1E134, 0x300, 0x315, 0x62,
  0x61, 0x5AE, 0x1E134, 0x300, 0x315, 0x62, 0x61, 0x315, 0x300, 0x5AE, 0x1E135, 0x62,
  0xE0, 0x5AE, 0x1E135, 0x315, 0x62, 0xE0, 0x5AE, 0x1E135, 0x315, 0x62, 0x61, 0x5AE,
  0x300, 0x1E135, 0x315, 0x62, 0xE0, 0x5AE, 0x1E135, 0x315, 0x62, 0x61, 0x1E135, 0x315,
  0x300, 0x5AE, 0x62, 0x61, 0x5AE, 0x1E135, 0x300, 0x315, 0x62, 0x61, 0x5AE, 0x1E135,
  0x300, 0x315, 0x62, 0x61, 0x315, 0x300, 0x5AE, 0x1E136, 0x62, 0xE0, 0x5AE, 0x1E136,
  0x315, 0x62, 0xE0, 0x5AE, 0x1E136, 0x315, 0x62, 0x61, 0x5AE, 0x300, 0x1E136, 0x315,
  0x62, 0xE0, 0x5AE, 0x1E136, 0x315, 0x62, 0x61, 0x1E136, 0x315, 0x300, 0x5AE, 0x62,
  0x61, 0x5AE, 0x1E136, 0x300, 0x315, 0x62, 0x61, 0x5AE, 0x1E136, 0x300, 0x315, 0x62,
  0x61, 0x315, 0x300, 0x5AE, 0x1E2AE, 0x62, 0xE0, 0x5AE, 0x1E2AE, 0x315, 0x62, 0xE0,
  0x5AE, 0x1E2AE, 0x315, 0x62, 0x61, 0x5AE, 0x300, 0x1E2AE, 0x315, 0x62, 0xE0, 0x5AE,
  0x1E2AE, 0x315, 0x62, 0x61, 0x1E2AE, 0x315, 0x300, 0x5AE, 0x62, 0x61, 0x5AE, 0x1E2AE,
  0x300, 0x315, 0x62, 0x61, 0x5AE, 0x1E2AE, 0x300, 0x315, 0x62, 0x61, 0x315, 0x300,
  0x5AE, 0x1E2EC, 0x62, 0xE0, 0x5AE, 0x1E2EC, 0x315, 0x62, 0xE0, 0x5AE, 0x1E2EC, 0x315,
  0x62, 0x61, 0x5AE, 0x300, 0x1E2EC, 0x315, 0x62, 0xE0, 0x5AE, 0x1E2EC, 0x315, 0x62,
  0x61, 0x1E2EC, 0x315, 0x300, 0x5AE, 0x62, 0x61, 0x5AE, 0x1E2EC, 0x300, 0x315, 0x62,
  0x61, 0x5AE, 0x1E2EC, 0x300, 0x315, 0x62, 0x61, 0x315, 0x300, 0x5AE, 0x1E2ED, 0x62,
  0xE0, 0x5AE, 0x1E2ED, 0x315, 0x62, 0xE0, 0x5AE, 0x1E2ED, 0x315, 0x62, 0x61, 0x5AE,
  0x300, 0x1E2ED, 0x315, 0x62, 0xE0, 0x5AE, 0x1E2ED, 0x315, 0x62, 0x61, 0x1E2ED, 0x315,
  0x300, 0x5AE, 0x62, 0x61, 0x5AE, 0x1E2ED, 0x300, 0x315, 0x62, 0x61, 0x5AE, 0x1E2ED,
  0x300, 0x315, 0x62, 0x61, 0x315, 0x300, 0x5AE, 0x1E2EE, 0x62, 0xE0, 0x5AE, 0x1E2EE,
  0x315, 0x62, 0xE0, 0x5AE, 0x1E2EE, 0x315, 0x62, 0x61, 0x5AE, 0x300, 0x1E2EE, 0x315,
  0x62, 0xE0, 0x5AE, 0x1E2EE, 0x315, 0x62, 0x61, 0x1E2EE, 0x315, 0x300, 0x5AE, 0x62,
  0x61, 0x5AE, 0x1E2EE, 0x300, 0x315, 0x62, 0x61, 0x5AE, 0x1E2EE, 0x300, 0x315, 0x62,
  0x61, 0x315, 0x300, 0x5AE, 0x1E2EF, 0x62, 0xE0, 0x5AE, 0x1E2EF, 0x315, 0x62, 0xE0,
  0x5AE, 0x1E2EF, 0x315, 0x62, 0x61, 0x5AE, 0x300, 0x1E2EF, 0x315, 0x62, 0xE0, 0x5AE,
  0x1E2EF, 0x315, 0x62, 0x61, 0x1E2EF, 0x315, 0x300, 0x5AE, 0x62, 0x61, 0x5AE, 0x1E2EF,
  0x300, 0x315, 0x62, 0x61, 0x5AE, 0x1E2EF, 0x300, 0x315, 0x62, 0x61, 0x35C, 0x315,
  0x300, 0x1E4EC, 0x62, 0xE0, 0x315, 0x1E4EC, 0x35C, 0x62, 0xE0, 0x315, 0x1E4EC, 0x35C,
  0x62, 0x61, 0x300, 0x315, 0x1E4EC, 0x35C, 0x62, 0xE0, 0x315, 0x1E4EC, 0x35C, 0x62,
  0x61, 0x1E4EC, 0x35C, 0x315, 0x300, 0x62, 0xE0, 0x1E4EC, 0x315, 0x35C, 0x62, 0xE0,
  0x1E4EC, 0x315, 0x35C, 0x62, 0x61, 0x300, 0x1E4EC, 0x315, 0x35C, 0x62, 0xE0, 0x1E4EC,
  0x315, 0x35C, 0x62, 0x61, 0x35C, 0x315, 0x300, 0x1E4ED, 0x62, 0xE0, 0x315, 0x1E4ED,
  0x35C, 0x62, 0xE0, 0x315, 0x1E4ED, 0x35C, 0x62, 0x61, 0x300, 0x315, 0x1E4ED, 0x35C,
  0x62, 0xE0, 0x315, 0x1E4ED, 0x35C, 0x62, 0x61, 0x1E4ED, 0x35C, 0x315, 0x300, 0x62,
  0xE0, 0x1E4ED, 0x315, 0x35C, 0x62, 0xE0, 0x1E4ED, 0x315, 0x35C, 0x62, 0x61, 0x300,
  0x1E4ED, 0x315, 0x35C, 0x62, 0xE0, 0x1E4ED, 0x315, 0x35C, 0x62, 0x61, 0x59A, 0x316,
  0x1DFA, 0x1E4EE, 0x62, 0x61, 0x1DFA, 0x316, 0x1E4EE, 0x59A, 0x62, 0x61, 0x1DFA, 0x316,
  0x1E4EE, 0x59A, 0x62, 0x61, 0x1E4EE, 0x59A, 0x316, 0x1DFA, 0x62, 0x61, 0x1DFA, 0x1E4EE,
  0x316, 0x59A, 0x62, 0x61, 0x1DFA, 0x1E4EE, 0x316, 0x59A, 0x62, 0x61, 0x315, 0x300,
  0x5AE, 0x1E4EF, 0x62, 0xE0, 0x5AE, 0x1E4EF, 0x315, 0x62, 0xE0, 0x5AE, 0x1E4EF, 0x315,
  0x62, 0x61, 0x5AE, 0x300, 0x1E4EF, 0x315, 0x62, 0xE0, 0x5AE, 0x1E4EF, 0x315, 0x62,
  0x61, 0x1E4EF, 0x315, 0x300, 0x5AE, 0x62, 0x61, 0x5AE, 0x1E4EF, 0x300, 0x315, 0x62,
  0x61, 0x5AE, 0x1E4EF, 0x300, 0x315, 0x62, 0x61, 0x315, 0x300, 0x5AE, 0x1E5EE, 0x62,
  0xE0, 0x5AE, 0x1E5EE, 0x315, 0x62, 0xE0, 0x5AE, 0x1E5EE, 0x315, 0x62, 0x61, 0x5AE,
  0x300, 0x1E5EE, 0x315, 0x62, 0xE0, 0x5AE, 0x1E5EE, 0x315, 0x62, 0x61, 0x1E5EE, 0x315,
  0x300, 0x5AE, 0x62, 0x61, 0x5AE, 0x1E5EE, 0x300, 0x315, 0x62, 0x61, 0x5AE, 0x1E5EE,
  0x300, 0x315, 0x62, 0x61, 0x59A, 0x316, 0x1DFA, 0x1E5EF, 0x62, 0x61, 0x1DFA, 0x316,
  0x1E5EF, 0x59A, 0x62, 0x61, 0x1DFA, 0x316, 0x1E5EF, 0x59A, 0x62, 0x61, 0x1E5EF, 0x59A,
  0x316, 0x1DFA, 0x62, 0x61, 0x1DFA, 0x1E5EF, 0x316, 0x59A, 0x62, 0x61, 0x1DFA, 0x1E5EF,
  0x316, 0x59A, 0x62, 0x61, 0x59A, 0x316, 0x1DFA, 0x1E8D0, 0x62, 0x61, 0x1DFA, 0x316,
  0x1E8D0, 0x59A, 0x62, 0x61, 0x1DFA, 0x316, 0x1E8D0, 0x59A, 0x62, 0x61, 0x1E8D0, 0x59A,
  0x316, 0x1DFA, 0x62, 0x61, 0x1DFA, 0x1E8D0, 0x316, 0x59A, 0x62, 0x61, 0x1DFA, 0x1E8D0,
  0x316, 0x59A, 0x62, 0x61, 0x59A, 0x316, 0x1DFA, 0x1E8D1, 0x62, 0x61, 0x1DFA, 0x316,
  0x1E8D1, 0x59A, 0x62, 0x61, 0x1DFA, 0x316, 0x1E8D1, 0x59A, 0x62, 0x61, 0x1E8D1, 0x59A,
  0x316, 0x1DFA, 0x62, 0x61, 0x1DFA, 0x1E8D1, 0x316, 0x59A, 0x62, 0x61, 0x1DFA, 0x1E8D1,
  0x316, 0x59A, 0x62, 0x61, 0x59A, 0x316, 0x1DFA, 0x1E8D2, 0x62, 0x61, 0x1DFA, 0x316,
  0x1E8D2, 0x59A, 0x62, 0x61, 0x1DFA, 0x316, 0x1E8D2, 0x59A, 0x62, 0x61, 0x1E8D2, 0x59A,
  0x316, 0x1DFA, 0x62, 0x61, 0x1DFA, 0x1E8D2, 0x316, 0x59A, 0x62, 0x61, 0x1DFA, 0x1E8D2,
  0x316, 0x59A, 0x62, 0x61, 0x59A, 0x316, 0x1DFA, 0x1E8D3, 0x62, 0x61, 0x1DFA, 0x316,
  0x1E8D3, 0x59A, 0x62, 0x61, 0x1DFA, 0x316, 0x1E8D3, 0x59A, 0x62, 0x61, 0x1E8D3, 0x59A,
  0x316, 0x1DFA, 0x62, 0x61, 0x1DFA, 0x1E8D3, 0x316, 0x59A, 0x62, 0x61, 0x1DFA, 0x1E8D3,
  0x316, 0x59A, 0x62, 0x61, 0x59A, 0x316, 0x1DFA, 0x1E8D4, 0x62, 0x61, 0x1DFA, 0x316,
  0x1E8D4, 0x59A, 0x62, 0x61, 0x1DFA, 0x316, 0x1E8D4, 0x59A, 0x62, 0x61, 0x1E8D4, 0x59A,
  0x316, 0x1DFA, 0x62, 0x61, 0x1DFA, 0x1E8D4, 0x316, 0x59A, 0x62, 0x61, 0x1DFA, 0x1E8D4,
  0x316, 0x59A, 0x62, 0x61, 0x59A, 0x316, 0x1DFA, 0x1E8D5, 0x62, 0x61, 0x1DFA, 0x316,
  0x1E8D5, 0x59A, 0x62, 0x61, 0x1DFA, 0x316, 0x1E8D5, 0x59A, 0x62, 0x61, 0x1E8D5, 0x59A,
  0x316, 0x1DFA, 0x62, 0x61, 0x1DFA, 0x1E8D5, 0x316, 0x59A, 0x62, 0x61, 0x1DFA, 0x1E8D5,
  0x316, 0x59A, 0x62, 0x61, 0x59A, 0x316, 0x1DFA, 0x1E8D6, 0x62, 0x61, 0x1DFA, 0x316,
  0x1E8D6, 0x59A, 0x62, 0x61, 0x1DFA, 0x316, 0x1E8D6, 0x59A, 0x62, 0x61, 0x1E8D6, 0x59A,
  0x316, 0x1DFA, 0x62, 0x61, 0x1DFA, 0x1E8D6, 0x316, 0x59A, 0x62, 0x61, 0x1DFA, 0x1E8D6,
  0x316, 0x59A, 0x62, 0x61, 0x315, 0x300, 0x5AE, 0x1E944, 0x62, 0xE0, 0x5AE, 0x1E944,
  0x315, 0x62, 0xE0, 0x5AE, 0x1E944, 0x315, 0x62, 0x61, 0x5AE, 0x300, 0x1E944, 0x315,
  0x62, 0xE0, 0x5AE, 0x1E944, 0x315, 0x62, 0x61, 0x1E944, 0x315, 0x300, 0x5AE, 0x62,
  0x61, 0x5AE, 0x1E944, 0x300, 0x315, 0x62, 0x61, 0x5AE, 0x1E944, 0x300, 0x315, 0x62,
  0x61, 0x315, 0x300, 0x5AE, 0x1E945, 0x62, 0xE0, 0x5AE, 0x1E945, 0x315, 0x62, 0xE0,
  0x5AE, 0x1E945, 0x315, 0x62, 0x61, 0x5AE, 0x300, 0x1E945, 0x315, 0x62, 0xE0, 0x5AE,
  0x1E945, 0x315, 0x62, 0x61, 0x1E945, 0x315, 0x300, 0x5AE, 0x62, 0x61, 0x5AE, 0x1E945,
  0x300, 0x315, 0x62, 0x61, 0x5AE, 0x1E945, 0x300, 0x315, 0x62, 0x61, 0x315, 0x300,
  0x5AE, 0x1E946, 0x62, 0xE0, 0x5AE, 0x1E946, 0x315, 0x62, 0xE0, 0x5AE, 0x1E946, 0x315,
  0x62, 0x61, 0x5AE, 0x300, 0x1E946, 0x315, 0x62, 0xE0, 0x5AE, 0x1E946, 0x315, 0x62,
  0x61, 0x1E946, 0x315, 0x300, 0x5AE, 0x62, 0x61, 0x5AE, 0x1E946, 0x300, 0x315, 0x62,
  0x61, 0x5AE, 0x1E946, 0x300, 0x315, 0x62, 0x61, 0x315, 0x300, 0x5AE, 0x1E947, 0x62,
  0xE0, 0x5AE, 0x1E947, 0x315, 0x62, 0xE0, 0x5AE, 0x1E947, 0x315, 0x62, 0x61, 0x5AE,
  0x300, 0x1E947, 0x315, 0x62, 0xE0, 0x5AE, 0x1E947, 0x315, 0x62, 0x61, 0x1E947, 0x315,
  0x300, 0x5AE, 0x62, 0x61, 0x5AE, 0x1E947, 0x300, 0x315, 0x62, 0x61, 0x5AE, 0x1E947,
  0x300, 0x315, 0x62, 0x61, 0x315, 0x300, 0x5AE, 0x1E948, 0x62, 0xE0, 0x5AE, 0x1E948,
  0x315, 0x62, 0xE0, 0x5AE, 0x1E948, 0x315, 0x62, 0x61, 0x5AE, 0x300, 0x1E948, 0x315,
  0x62, 0xE0, 0x5AE, 0x1E948, 0x315, 0x62, 0x61, 0x1E948, 0x315, 0x300, 0x5AE, 0x62,
  0x61, 0x5AE, 0x1E948, 0x300, 0x315, 0x62, 0x61, 0x5AE, 0x1E948, 0x300, 0x315, 0x62,
  0x61, 0x315, 0x300, 0x5AE, 0x1E949, 0x62, 0xE0, 0x5AE, 0x1E949, 0x315, 0x62, 0xE0,
  0x5AE, 0x1E949, 0x315, 0x62, 0x61, 0x5AE, 0x300, 0x1E949, 0x315, 0x62, 0xE0, 0x5AE,
  0x1E949, 0x315, 0x62, 0x61, 0x1E949, 0x315, 0x300, 0x5AE, 0x62, 0x61, 0x5AE, 0x1E949,
  0x300, 0x315, 0x62, 0x61, 0x5AE, 0x1E949, 0x300, 0x315, 0x62, 0x61, 0x3099, 0x93C,
  0x16FF0, 0x1E94A, 0x62, 0x61, 0x16FF0, 0x93C, 0x1E94A, 0x3099, 0x62, 0x61, 0x16FF0, 0x93C,
  0x1E94A, 0x3099, 0x62, 0x61, 0x1E94A, 0x3099, 0x93C, 0x16FF0, 0x62, 0x61, 0x16FF0, 0x1E94A,
  0x93C, 0x3099, 0x62, 0x61, 0x16FF0, 0x1E94A, 0x93C, 0x3099, 0x62, 0x9C7, 0x334, 0x9BE,
  0x9C7, 0x334, 0x9D7, 0xB47, 0x334, 0xB3E, 0xB47, 0x334, 0xB56, 0xB47, 0x334, 0xB57,
  0xB92, 0x334, 0xBD7, 0xBC6, 0x334, 0xBBE, 0xBC6, 0x334, 0xBD7, 0xBC7, 0x334, 0xBBE,
  0xCBF, 0x334, 0xCD5, 0xCC6, 0x334, 0xCC2, 0xCC6, 0x334, 0xCD5, 0xCC6, 0x334, 0xCD6,
  0xCCA, 0x334, 0xCD5, 0xCC6, 0xCC2, 0x334, 0xCD5, 0xCCA, 0x334, 0xCD5, 0xD46, 0x334,
  0xD3E, 0xD46, 0x334, 0xD57, 0xD47, 0x334, 0xD3E, 0xDD9, 0x334, 0xDCF, 0xDD9, 0x334,
  0xDDF, 0xF40, 0x334, 0xFB5, 0xF42, 0x334, 0xFB7, 0xF4C, 0x334, 0xFB7, 0xF51, 0x334,
  0xFB7, 0xF56, 0x334, 0xFB7, 0xF5B, 0x334, 0xFB7, 0xF90, 0x334, 0xFB5, 0xF92, 0x334,
  0xFB7, 0xF9C, 0x334, 0xFB7, 0xFA1, 0x334, 0xFB7, 0xFA6, 0x334, 0xFB7, 0xFAB, 0x334,
  0xFB7, 0x1025, 0x334, 0x102E, 0x1100, 0x334, 0x1161, 0x1100, 0x334, 0x116E, 0x1101, 0x334,
  0x1166, 0x1101, 0x334, 0x1173, 0x1102, 0x334, 0x116B, 0x1103, 0x334, 0x1163, 0x1103, 0x334,
  0x1170, 0x1104, 0x334, 0x1168, 0x1104, 0x334, 0x1175, 0x1105, 0x334, 0x116D, 0x1106, 0x334,
  0x1165, 0x1106, 0x334, 0x1172, 0x1107, 0x334, 0x116A, 0x1108, 0x334, 0x1162, 0x1108, 0x334,
  0x116F, 0x1109, 0x334, 0x1167, 0x1109, 0x334, 0x1174, 0x110A, 0x334, 0x116C, 0x110B, 0x334,
  0x1164, 0x110B, 0x334, 0x1171, 0x110C, 0x334, 0x1169, 0x110D, 0x334, 0x1161, 0x110D, 0x334,
  0x116E, 0x110E, 0x334, 0x1166, 0x110E, 0x334, 0x1173, 0x110F, 0x334, 0x116B, 0x1110, 0x334,
  0x1163, 0x1110, 0x334, 0x1170, 0x1111, 0x334, 0x1168, 0x1111, 0x334, 0x1175, 0x1112, 0x334,
  0x116D, 0x1B05, 0x334, 0x1B35, 0x1B07, 0x334, 0x1B35, 0x1B09, 0x334, 0x1B35, 0x1B0B, 0x334,
  0x1B35, 0x1B0D, 0x334, 0x1B35, 0x1B11, 0x334, 0x1B35, 0x1B3A, 0x334, 0x1B35, 0x1B3C, 0x334,
  0x1B35, 0x1B3E, 0x334, 0x1B35, 0x1B3F, 0x334, 0x1B35, 0x1B42, 0x334, 0x1B35, 0xAC54, 0x334,
  0x11AE, 0x1100, 0x1164, 0x334, 0x11AE, 0xAC54, 0x334, 0x11AE, 0xACA8, 0x334, 0x11B5, 0x1100,
  0x1167, 0x334, 0x11B5, 0xACA8, 0x334, 0x11B5, 0xACFC, 0x334, 0x11BC, 0x1100, 0x116A, 0x334,
  0x11BC, 0xACFC, 0x334, 0x11BC, 0xADC0, 0x334, 0x11AE, 0x1100, 0x1171, 0x334, 0x11AE, 0xADC0,
  0x334, 0x11AE, 0xAE14, 0x334, 0x11B5, 0x1100, 0x1174, 0x334, 0x11B5, 0xAE14, 0x334, 0x11B5,
  0xAE68, 0x334, 0x11BC, 0x1101, 0x1162, 0x334, 0x11BC, 0xAE68, 0x334, 0x11BC, 0xAF2C, 0x334,
  0x11AE, 0x1101, 0x1169, 0x334, 0x11AE, 0xAF2C, 0x334, 0x11AE, 0xAF80, 0x334, 0x11B5, 0x1101,
  0x116C, 0x334, 0x11B5, 0xAF80, 0x334, 0x11B5, 0xAFD4, 0x334, 0x11BC, 0x1101, 0x116F, 0x334,
  0x11BC, 0xAFD4, 0x334, 0x11BC, 0xB098, 0x334, 0x11AE, 0x1102, 0x1161, 0x334, 0x11AE, 0xB098,
  0x334, 0x11AE, 0xB0EC, 0x334, 0x11B5, 0x1102, 0x1164, 0x334, 0x11B5, 0xB0EC, 0x334, 0x11B5,
  0xB140, 0x334, 0x11BC, 0x1102, 0x1167, 0x334, 0x11BC, 0xB140, 0x334, 0x11BC, 0xB204, 0x334,
  0x11AE, 0x1102, 0x116E, 0x334, 0x11AE, 0xB204, 0x334, 0x11AE, 0xB258, 0x334, 0x11B5, 0x1102,
  0x1171, 0x334, 0x11B5, 0xB258, 0x334, 0x11B5, 0xB2AC, 0x334, 0x11BC, 0x1102, 0x1174, 0x334,
  0x11BC, 0xB2AC, 0x334, 0x11BC, 0xB370, 0x334, 0x11AE, 0x1103, 0x1166, 0x334, 0x11AE, 0xB370,
  0x334, 0x11AE, 0xB3C4, 0x334, 0x11B5, 0x1103, 0x1169, 0x334, 0x11B5, 0xB3C4, 0x334, 0x11B5,
  0xB418, 0x334, 0x11BC, 0x1103, 0x116C, 0x334, 0x11BC, 0xB418, 0x334, 0x11BC, 0xB4DC, 0x334,
  0x11AE, 0x1103, 0x1173, 0x334, 0x11AE, 0xB4DC, 0x334, 0x11AE, 0xB530, 0x334, 0x11B5, 0x1104,
  0x1161, 0x334, 0x11B5, 0xB530, 0x334, 0x11B5, 0xB584, 0x334, 0x11BC, 0x1104, 0x1164, 0x334,
  0x11BC, 0xB584, 0x334, 0x11BC, 0xB648, 0x334, 0x11AE, 0x1104, 0x116B, 0x334, 0x11AE, 0xB648,
  0x334, 0x11AE, 0xB69C, 0x334, 0x11B5, 0x1104, 0x116E, 0x334, 0x11B5, 0xB69C, 0x334, 0x11B5,
  0xB6F0, 0x334, 0x11BC, 0x1104, 0x1171, 0x334, 0x11BC, 0xB6F0, 0x334, 0x11BC, 0xB7B4, 0x334,
  0x11AE, 0x1105, 0x1163, 0x334, 0x11AE, 0xB7B4, 0x334, 0x11AE, 0xB808, 0x334, 0x11B5, 0x1105,
  0x1166, 0x334, 0x11B5, 0xB808, 0x334, 0x11B5, 0xB85C, 0x334, 0x11BC, 0x1105, 0x1169, 0x334,
  0x11BC, 0xB85C, 0x334, 0x11BC, 0xB920, 0x334, 0x11AE, 0x1105, 0x1170, 0x334, 0x11AE, 0xB920,
  0x334, 0x11AE, 0xB974, 0x334, 0x11B5, 0x1105, 0x1173, 0x334, 0x11B5, 0xB974, 0x334, 0x11B5,
  0xB9C8, 0x334, 0x11BC, 0x1106, 0x1161, 0x334, 0x11BC, 0xB9C8, 0x334, 0x11BC, 0xBA8C, 0x334,
  0x11AE, 0x1106, 0x1168, 0x334, 0x11AE, 0xBA8C, 0x334, 0x11AE, 0xBAE0, 0x334, 0x11B5, 0x1106,
  0x116B, 0x334, 0x11B5, 0xBAE0, 0x334, 0x11B5, 0xBB34, 0x334, 0x11BC, 0x1106, 0x116E, 0x334,
  0x11BC, 0xBB34, 0x334, 0x11BC, 0xBBF8, 0x334, 0x11AE, 0x1106, 0x1175, 0x334, 0x11AE, 0xBBF8,
  0x334, 0x11AE, 0xBC4C, 0x334, 0x11B5, 0x1107, 0x1163, 0x334, 0x11B5, 0xBC4C, 0x334, 0x11B5,
  0xBCA0, 0x334, 0x11BC, 0x1107, 0x1166, 0x334, 0x11BC, 0xBCA0, 0x334, 0x11BC, 0xBD64, 0x334,
  0x11AE, 0x1107, 0x116D, 0x334, 0x11AE, 0xBD64, 0x334, 0x11AE, 0xBDB8, 0x334, 0x11B5, 0x1107,
  0x1170, 0x334, 0x11B5, 0xBDB8, 0x334, 0x11B5, 0xBE0C, 0x334, 0x11BC, 0x1107, 0x1173, 0x334,
  0x11BC, 0xBE0C, 0x334, 0x11BC, 0xBED0, 0x334, 0x11AE, 0x1108, 0x1165, 0x334, 0x11AE, 0xBED0,
  0x334, 0x11AE, 0xBF24, 0x334, 0x11B5, 0x1108, 0x1168, 0x334, 0x11B5, 0xBF24, 0x334, 0x11B5,
  0xBF78, 0x334, 0x11BC, 0x1108, 0x116B, 0x334, 0x11BC, 0xBF78, 0x334, 0x11BC, 0xC03C, 0x334,
  0x11AE, 0x1108, 0x1172, 0x334, 0x11AE, 0xC03C, 0x334, 0x11AE, 0xC090, 0x334, 0x11B5, 0x1108,
  0x1175, 0x334, 0x11B5, 0xC090, 0x334, 0x11B5, 0xC0E4, 0x334, 0x11BC, 0x1109, 0x1163, 0x334,
  0x11BC, 0xC0E4, 0x334, 0x11BC, 0xC1A8, 0x334, 0x11AE, 0x1109, 0x116A, 0x334, 0x11AE, 0xC1A8,
  0x334, 0x11AE, 0xC1FC, 0x334, 0x11B5, 0x1109, 0x116D, 0x334, 0x11B5, 0xC1FC, 0x334, 0x11B5,
  0xC250, 0x334, 0x11BC, 0x1109, 0x1170, 0x334, 0x11BC, 0xC250, 0x334, 0x11BC, 0xC314, 0x334,
  0x11AE, 0x110A, 0x1162, 0x334, 0x11AE, 0xC314, 0x334, 0x11AE, 0xC368, 0x334, 0x11B5, 0x110A,
  0x1165, 0x334, 0x11B5, 0xC368, 0x334, 0x11B5, 0xC3BC, 0x334, 0x11BC, 0x110A, 0x1168, 0x334,
  0x11BC, 0xC3BC, 0x334, 0x11BC, 0xC480, 0x334, 0x11AE, 0x110A, 0x116F, 0x334, 0x11AE, 0xC480,
  0x334, 0x11AE, 0xC4D4, 0x334, 0x11B5, 0x110A, 0x1172, 0x334, 0x11B5, 0xC4D4, 0x334, 0x11B5,
  0xC528, 0x334, 0x11BC, 0x110A, 0x1175, 0x334, 0x11BC, 0xC528, 0x334, 0x11BC, 0xC5EC, 0x334,
  0x11AE, 0x110B, 0x1167, 0x334, 0x11AE, 0xC5EC, 0x334, 0x11AE, 0xC640, 0x334, 0x11B5, 0x110B,
  0x116A, 0x334, 0x11B5, 0xC640, 0x334, 0x11B5, 0xC694, 0x334, 0x11BC, 0x110B, 0x116D, 0x334,
  0x11BC, 0xC694, 0x334, 0x11BC, 0xC758, 0x334, 0x11AE, 0x110B, 0x1174, 0x334, 0x11AE, 0xC758,
  0x334, 0x11AE, 0xC7AC, 0x334, 0x11B5, 0x110C, 0x1162, 0x334, 0x11B5, 0xC7AC, 0x334, 0x11B5,
  0xC800, 0x334, 0x11BC, 0x110C, 0x1165, 0x334, 0x11BC, 0xC800, 0x334, 0x11BC, 0xC8C4, 0x334,
  0x11AE, 0x110C, 0x116C, 0x334, 0x11AE, 0xC8C4, 0x334, 0x11AE, 0xC918, 0x334, 0x11B5, 0x110C,
  0x116F, 0x334, 0x11B5, 0xC918, 0x334, 0x11B5, 0xC96C, 0x334, 0x11BC, 0x110C, 0x1172, 0x334,
  0x11BC, 0xC96C, 0x334, 0x11BC, 0xCA30, 0x334, 0x11AE, 0x110D, 0x1164, 0x334, 0x11AE, 0xCA30,
  0x334, 0x11AE, 0xCA84, 0x334, 0x11B5, 0x110D, 0x1167, 0x334, 0x11B5, 0xCA84, 0x334, 0x11B5,
  0xCAD8, 0x334, 0x11BC, 0x110D, 0x116A, 0x334, 0x11BC, 0xCAD8, 0x334, 0x11BC, 0xCB9C, 0x334,
  0x11AE, 0x110D, 0x1171, 0x334, 0x11AE, 0xCB9C, 0x334, 0x11AE, 0xCBF0, 0x334, 0x11B5, 0x110D,
  0x1174, 0x334, 0x11B5, 0xCBF0, 0x334, 0x11B5, 0xCC44, 0x334, 0x11BC, 0x110E, 0x1162, 0x334,
  0x11BC, 0xCC44, 0x334, 0x11BC, 0xCD08, 0x334, 0x11AE, 0x110E, 0x1169, 0x334, 0x11AE, 0xCD08,
  0x334, 0x11AE, 0xCD5C, 0x334, 0x11B5, 0x110E, 0x116C, 0x334, 0x11B5, 0xCD5C, 0x334, 0x11B5,
  0xCDB0, 0x334, 0x11BC, 0x110E, 0x116F, 0x334, 0x11BC, 0xCDB0, 0x334, 0x11BC, 0xCE74, 0x334,
  0x11AE, 0x110F, 0x1161, 0x334, 0x11AE, 0xCE74, 0x334, 0x11AE, 0xCEC8, 0x334, 0x11B5, 0x110F,
  0x1164, 0x334, 0x11B5, 0xCEC8, 0x334, 0x11B5, 0xCF1C, 0x334, 0x11BC, 0x110F, 0x1167, 0x334,
  0x11BC, 0xCF1C, 0x334, 0x11BC, 0xCFE0, 0x334, 0x11AE, 0x110F, 0x116E, 0x334, 0x11AE, 0xCFE0,
  0x334, 0x11AE, 0xD034, 0x334, 0x11B5, 0x110F, 0x1171, 0x334, 0x11B5, 0xD034, 0x334, 0x11B5,
  0xD088, 0x334, 0x11BC, 0x110F, 0x1174, 0x334, 0x11BC, 0xD088, 0x334, 0x11BC, 0xD14C, 0x334,
  0x11AE, 0x1110, 0x1166, 0x334, 0x11AE, 0xD14C, 0x334, 0x11AE, 0xD1A0, 0x334, 0x11B5, 0x1110,
  0x1169, 0x334, 0x11B5, 0xD1A0, 0x334, 0x11B5, 0xD1F4, 0x334, 0x11BC, 0x1110, 0x116C, 0x334,
  0x11BC, 0xD1F4, 0x334, 0x11BC, 0xD2B8, 0x334, 0x11AE, 0x1110, 0x1173, 0x334, 0x11AE, 0xD2B8,
  0x334, 0x11AE, 0xD30C, 0x334, 0x11B5, 0x1111, 0x1161, 0x334, 0x11B5, 0xD30C, 0x334, 0x11B5,
  0xD360, 0x334, 0x11BC, 0x1111, 0x1164, 0x334, 0x11BC, 0xD360, 0x334, 0x11BC, 0xD424, 0x334,
  0x11AE, 0x1111, 0x116B, 0x334, 0x11AE, 0xD424, 0x334, 0x11AE, 0xD478, 0x334, 0x11B5, 0x1111,
  0x116E, 0x334, 0x11B5, 0xD478, 0x334, 0x11B5, 0xD4CC, 0x334, 0x11BC, 0x1111, 0x1171, 0x334,
  0x11BC, 0xD4CC, 0x334, 0x11BC, 0xD590, 0x334, 0x11AE, 0x1112, 0x1163, 0x334, 0x11AE, 0xD590,
  0x334, 0x11AE, 0xD5E4, 0x334, 0x11B5, 0x1112, 0x1166, 0x334, 0x11B5, 0xD5E4, 0x334, 0x11B5,
  0xD638, 0x334, 0x11BC, 0x1112, 0x1169, 0x334, 0x11BC, 0xD638, 0x334, 0x11BC, 0xD6FC, 0x334,
  0x11AE, 0x1112, 0x1170, 0x334, 0x11AE, 0xD6FC, 0x334, 0x11AE, 0xD750, 0x334, 0x11B5, 0x1112,
  0x1173, 0x334, 0x11B5, 0xD750, 0x334, 0x11B5, 0x11131, 0x334, 0x11127, 0x11132, 0x334, 0x11127,
  0x11347, 0x334, 0x1133E, 0x11347, 0x334, 0x11357, 0x11382, 0x334, 0x113C9, 0x11384, 0x334, 0x113BB,
  0x1138B, 0x334, 0x113C2, 0x11390, 0x334, 0x113C9, 0x113C2, 0x334, 0x113B8, 0x113C2, 0x334, 0x113C2,
  0x113C2, 0x334, 0x113C9, 0x114B9, 0x334, 0x114B0, 0x114B9, 0x334, 0x114BA, 0x114B9, 0x334, 0x114BD,
  0x115B8, 0x334, 0x115AF, 0x115B9, 0x334, 0x115AF, 0x11935, 0x334, 0x11930, 0x1611E, 0x334, 0x1611E,
  0x1611E, 0x334, 0x1611F, 0x1611E, 0x334, 0x16120, 0x1611E, 0x334, 0x16129, 0x16121, 0x334, 0x1611F,
  0x1611E, 0x1611E, 0x334, 0x1611F, 0x16121, 0x334, 0x1611F, 0x16121, 0x334, 0x16120, 0x1611E, 0x1611E,
  0x334, 0x16120, 0x16121, 0x334, 0x16120, 0x16122, 0x334, 0x1611F, 0x1611E, 0x16129, 0x334, 0x1611F,
  0x16122, 0x334, 0x1611F, 0x16129, 0x334, 0x1611F, 0x16D63, 0x334, 0x16D67, 0x16D67, 0x334, 0x16D67,
  0x16D69, 0x334, 0x16D67, 0x16D63, 0x16D67, 0x334, 0x16D67, 0x16D69, 0x334, 0x16D67, 0xDC, 0x304,
  0x1D5, 0x1D5, 0x55, 0x308, 0x304, 0x1D5, 0xFC, 0x304, 0x1D6, 0x55, 0x344, 0x1D7,
  0x1D7, 0x55, 0x308, 0x301, 0x1D7, 0xDC, 0x301, 0x1D7, 0xDC, 0x341, 0x1D7, 0x75,
  0x344, 0x1D8, 0x1D8, 0x75, 0x308, 0x301, 0x1D8, 0xFC, 0x301, 0x1D8, 0xFC, 0x341,
  0x1D8, 0xDC, 0x30C, 0x1D9, 0x1D9, 0x55, 0x308, 0x30C, 0x1D9, 0xFC, 0x30C, 0x1DA,
  0x1DA, 0x75, 0x308, 0x30C, 0x1DA, 0xDC, 0x300, 0x1DB, 0x1DB, 0x55, 0x308, 0x300,
  0x1DB, 0xDC, 0x340, 0x1DB, 0xFC, 0x300, 0x1DC, 0xFC, 0x340, 0x1DC, 0xC4, 0x304,
  0x1DE, 0x1DE, 0x41, 0x308, 0x304, 0x1DE, 0xE4, 0x304, 0x1DF, 0x1DF, 0x61, 0x308,
  0x304, 0x1DF, 0x226, 0x304, 0x1E0, 0x1E0, 0x41, 0x307, 0x304, 0x1E0, 0x227, 0x304,
  0x1E1, 0x1E1, 0x61, 0x307, 0x304, 0x1E1, 0x14C, 0x328, 0x1EC, 0x1EC, 0x4F, 0x328,
  0x304, 0x1EC, 0x1EA, 0x304, 0x1EC, 0x14D, 0x328, 0x1ED, 0x1ED, 0x6F, 0x328, 0x304,
  0x1ED, 0x1EB, 0x304, 0x1ED, 0xC5, 0x301, 0x1FA, 0x1FA, 0x41, 0x30A, 0x301, 0x1FA,
  0xC5, 0x341, 0x1FA, 0x212B, 0x301, 0x1FA, 0x212B, 0x341, 0x1FA, 0xE5, 0x301, 0x1FB,
  0x1FB, 0x61, 0x30A, 0x301, 0x1FB, 0xE5, 0x341, 0x1FB, 0xD6, 0x304, 0x22A, 0x22A,
  0x4F, 0x308, 0x304, 0x22A, 0xF6, 0x304, 0x22B, 0xD5, 0x304, 0x22C, 0x22C, 0x4F,
  0x303, 0x304, 0x22C, 0xF5, 0x304, 0x22D, 0x22D, 0x6F, 0x303, 0x304, 0x22D, 0x22E,
  0x304, 0x230, 0x230, 0x4F, 0x307, 0x304, 0x230, 0x22F, 0x304, 0x231, 0x3B9, 0x344,
  0x390, 0x390, 0x3B9, 0x308, 0x301, 0x390, 0x3CA, 0x301, 0x390, 0x3CA, 0x341, 0x390,
  0x1FBE, 0x344, 0x390, 0x3C5, 0x344, 0x3B0, 0x3B0, 0x3C5, 0x308, 0x301, 0x3B0, 0x3CB,
  0x301, 0x3B0, 0x3CB, 0x341, 0x3B0, 0xCCA, 0xCD5, 0xCCB, 0xCCB, 0xCC6, 0xCC2, 0xCD5,
  0xCCB, 0xDDC, 0xDCA, 0xDDD, 0xDDD, 0xDD9, 0xDCF, 0xDCA, 0xDDD, 0xC7, 0x301, 0x1E08,
  0xC7, 0x341, 0x1E08, 0x106, 0x327, 0x1E08, 0xE7, 0x301, 0x1E09, 0x1E09, 0x63, 0x327,
  0x301, 0x1E09, 0xE7, 0x341, 0x1E09, 0x107, 0x327, 0x1E09, 0x112, 0x340, 0x1E14, 0x113,
  0x300, 0x1E15, 0x1E15, 0x65, 0x304, 0x300, 0x1E15, 0x113, 0x340, 0x1E15, 0x112, 0x301,
  0x1E16, 0x1E16, 0x45, 0x304, 0x301, 0x1E16, 0x112, 0x341, 0x1E16, 0x113, 0x301, 0x1E17,
  0x1E17, 0x65, 0x304, 0x301, 0x1E17, 0x113, 0x341, 0x1E17, 0x114, 0x327, 0x1E1C, 0x1E1C,
  0x45, 0x327, 0x306, 0x1E1C, 0x228, 0x306, 0x1E1C, 0x115, 0x327, 0x1E1D, 0x1E1D, 0x65,
  0x327, 0x306, 0x1E1D, 0x229, 0x306, 0x1E1D, 0x49, 0x344, 0x1E2E, 0x1E2E, 0x49, 0x308,
  0x301, 0x1E2E, 0xCF, 0x301, 0x1E2E, 0xCF, 0x341, 0x1E2E, 0x69, 0x344, 0x1E2F, 0x1E2F,
  0x69, 0x308, 0x301, 0x1E2F, 0xEF, 0x301, 0x1E2F, 0xEF, 0x341, 0x1E2F, 0x1E36, 0x304,
  0x1E38, 0x1E37, 0x304, 0x1E39, 0x1E39, 0x6C, 0x323, 0x304, 0x1E39, 0xD5, 0x301, 0x1E4C,
  0x1E4C, 0x4F, 0x303, 0x301, 0x1E4C, 0xD5, 0x341, 0x1E4C, 0xF5, 0x301, 0x1E4D, 0x1E4D,
  0x6F, 0x303, 0x301, 0x1E4D, 0xF5, 0x341, 0x1E4D, 0xD5, 0x308, 0x1E4E, 0x1E4E, 0x4F,
  0x303, 0x308, 0x1E4E, 0xF5, 0x308, 0x1E4F, 0x1E4F, 0x6F, 0x303, 0x308, 0x1E4F, 0x14C,
  0x300, 0x1E50, 0x14C, 0x340, 0x1E50, 0x14D, 0x300, 0x1E51, 0x1E51, 0x6F, 0x304, 0x300,
  0x1E51, 0x14D, 0x340, 0x1E51, 0x14C, 0x301, 0x1E52, 0x1E52, 0x4F, 0x304, 0x301, 0x1E52,
  0x14C, 0x341, 0x1E52, 0x14D, 0x301, 0x1E53, 0x1E53, 0x6F, 0x304, 0x301, 0x1E53, 0x14D,
  0x341, 0x1E53, 0x1E5A, 0x304, 0x1E5C, 0x1E5B, 0x304, 0x1E5D, 0x1E5D, 0x72, 0x323, 0x304,
  0x1E5D, 0x15A, 0x307, 0x1E64, 0x1E64, 0x53, 0x301, 0x307, 0x1E64, 0x15B, 0x307, 0x1E65,
  0x1E65, 0x73, 0x301, 0x307, 0x1E65, 0x160, 0x307, 0x1E66, 0x1E66, 0x53, 0x30C, 0x307,
  0x1E66, 0x161, 0x307, 0x1E67, 0x1E67, 0x73, 0x30C, 0x307, 0x1E67, 0x1E60, 0x323, 0x1E68,
  0x1E62, 0x307, 0x1E68, 0x1E61, 0x323, 0x1E69, 0x1E69, 0x73, 0x323, 0x307, 0x1E69, 0x1E63,
  0x307, 0x1E69, 0x168, 0x301, 0x1E78, 0x1E78, 0x55, 0x303, 0x301, 0x1E78, 0x168, 0x341,
  0x1E78, 0x169, 0x301, 0x1E79, 0x1E79, 0x75, 0x303, 0x301, 0x1E79, 0x169, 0x341, 0x1E79,
  0x16A, 0x308, 0x1E7A, 0x16B, 0x308, 0x1E7B, 0x1E7B, 0x75, 0x304, 0x308, 0x1E7B, 0xC2,
  0x301, 0x1EA4, 0x1EA4, 0x41, 0x302, 0x301, 0x1EA4, 0xC2, 0x341, 0x1EA4, 0xE2, 0x301,
  0x1EA5, 0x1EA5, 0x61, 0x302, 0x301, 0x1EA5, 0xE2, 0x341, 0x1EA5, 0xC2, 0x300, 0x1EA6,
  0x1EA6, 0x41, 0x302, 0x300, 0x1EA6, 0xC2, 0x340, 0x1EA6, 0xE2, 0x300, 0x1EA7, 0x1EA7,
  0x61, 0x302, 0x300, 0x1EA7, 0xE2, 0x340, 0x1EA7, 0xC2, 0x309, 0x1EA8, 0xE2, 0x309,
  0x1EA9, 0x1EA9, 0x61, 0x302, 0x309, 0x1EA9, 0xC2, 0x303, 0x1EAA, 0x1EAA, 0x41, 0x302,
  0x303, 0x1EAA, 0xE2, 0x303, 0x1EAB, 0x1EAB, 0x61, 0x302, 0x303, 0x1EAB, 0xC2, 0x323,
  0x1EAC, 0x1EAC, 0x41, 0x323, 0x302, 0x1EAC, 0x1EA0, 0x302, 0x1EAC, 0xE2, 0x323, 0x1EAD,
  0x1EAD, 0x61, 0x323, 0x302, 0x1EAD, 0x1EA1, 0x302, 0x1EAD, 0x102, 0x301, 0x1EAE, 0x102,
  0x341, 0x1EAE, 0x103, 0x301, 0x1EAF, 0x1EAF, 0x61, 0x306, 0x301, 0x1EAF, 0x103, 0x341,
  0x1EAF, 0x102, 0x300, 0x1EB0, 0x1EB0, 0x41, 0x306, 0x300, 0x1EB0, 0x102, 0x340, 0x1EB0,
  0x103, 0x300, 0x1EB1, 0x1EB1, 0x61, 0x306, 0x300, 0x1EB1, 0x103, 0x340, 0x1EB1, 0x102,
  0x309, 0x1EB2, 0x1EB2, 0x41, 0x306, 0x309, 0x1EB2, 0x103, 0x309, 0x1EB3, 0x1EB3, 0x61,
  0x306, 0x309, 0x1EB3, 0x102, 0x303, 0x1EB4, 0x103, 0x303, 0x1EB5, 0x1EB5, 0x61, 0x306,
  0x303, 0x1EB5, 0x102, 0x323, 0x1EB6, 0x1EB6, 0x41, 0x323, 0x306, 0x1EB6, 0x1EA0, 0x306,
  0x1EB6, 0x103, 0x323, 0x1EB7, 0x1EB7, 0x61, 0x323, 0x306, 0x1EB7, 0x1EA1, 0x306, 0x1EB7,
  0xCA, 0x301, 0x1EBE, 0x1EBE, 0x45, 0x302, 0x301, 0x1EBE, 0xCA, 0x341, 0x1EBE, 0xEA,
  0x301, 0x1EBF, 0x1EBF, 0x65, 0x302, 0x301, 0x1EBF, 0xEA, 0x341, 0x1EBF, 0xCA, 0x300,
  0x1EC0, 0xCA, 0x340, 0x1EC0, 0xEA, 0x300, 0x1EC1, 0x1EC1, 0x65, 0x302, 0x300, 0x1EC1,
  0xEA, 0x340, 0x1EC1, 0xCA, 0x309, 0x1EC2, 0x1EC2, 0x45, 0x302, 0x309, 0x1EC2, 0xEA,
  0x309, 0x1EC3, 0x1EC3, 0x65, 0x302, 0x309, 0x1EC3, 0xCA, 0x303, 0x1EC4, 0x1EC4, 0x45,
  0x302, 0x303, 0x1EC4, 0xEA, 0x303, 0x1EC5, 0x1EC5, 0x65, 0x302, 0x303, 0x1EC5, 0xCA,
  0x323, 0x1EC6, 0x1EB8, 0x302, 0x1EC6, 0xEA, 0x323, 0x1EC7, 0x1EC7, 0x65, 0x323, 0x302,
  0x1EC7, 0x1EB9, 0x302, 0x1EC7, 0xD4, 0x301, 0x1ED0, 0x1ED0, 0x4F, 0x302, 0x301, 0x1ED0,
  0xD4, 0x341, 0x1ED0, 0xF4, 0x301, 0x1ED1, 0x1ED1, 0x6F, 0x302, 0x301, 0x1ED1, 0xF4,
  0x341, 0x1ED1, 0xD4, 0x300, 0x1ED2, 0xD4, 0x340, 0x1ED2, 0xF4, 0x300, 0x1ED3, 0x1ED3,
  0x6F, 0x302, 0x300, 0x1ED3, 0xF4, 0x340, 0x1ED3, 0xD4, 0x309, 0x1ED4, 0x1ED4, 0x4F,
  0x302, 0x309, 0x1ED4, 0xF4, 0x309, 0x1ED5, 0x1ED5, 0x6F, 0x302, 0x309, 0x1ED5, 0xD4,
  0x303, 0x1ED6, 0x1ED6, 0x4F, 0x302, 0x303, 0x1ED6, 0xF4, 0x303, 0x1ED7, 0x1ED7, 0x6F,
  0x302, 0x303, 0x1ED7, 0xD4, 0x323, 0x1ED8, 0x1ECC, 0x302, 0x1ED8, 0xF4, 0x323, 0x1ED9,
  0x1ED9, 0x6F, 0x323, 0x302, 0x1ED9, 0x1ECD, 0x302, 0x1ED9, 0xD3, 0x31B, 0x1EDA, 0x1EDA,
  0x4F, 0x31B, 0x301, 0x1EDA, 0x1A0, 0x301, 0x1EDA, 0x1A0, 0x341, 0x1EDA, 0xF3, 0x31B,
  0x1EDB, 0x1EDB, 0x6F, 0x31B, 0x301, 0x1EDB, 0x1A1, 0x301, 0x1EDB, 0x1A1, 0x341, 0x1EDB,
  0xD2, 0x31B, 0x1EDC, 0x1EDC, 0x4F, 0x31B, 0x300, 0x1EDC, 0x1A0, 0x300, 0x1EDC, 0x1A0,
  0x340, 0x1EDC, 0xF2, 0x31B, 0x1EDD, 0x1EDD, 0x6F, 0x31B, 0x300, 0x1EDD, 0x1A1, 0x300,
  0x1EDD, 0x1A1, 0x340, 0x1EDD, 0x1A0, 0x309, 0x1EDE, 0x1ECE, 0x31B, 0x1EDE, 0x1A1, 0x309,
  0x1EDF, 0x1EDF, 0x6F, 0x31B, 0x309, 0x1EDF, 0x1ECF, 0x31B, 0x1EDF, 0xD5, 0x31B, 0x1EE0,
  0x1EE0, 0x4F, 0x31B, 0x303, 0x1EE0, 0x1A0, 0x303, 0x1EE0, 0xF5, 0x31B, 0x1EE1, 0x1EE1,
  0x6F, 0x31B, 0x303, 0x1EE1, 0x1A1, 0x303, 0x1EE1, 0x1A0, 0x323, 0x1EE2, 0x1EE2, 0x4F,
  0x31B, 0x323, 0x1EE2, 0x1ECC, 0x31B, 0x1EE2, 0x1A1, 0x323, 0x1EE3, 0x1EE3, 0x6F, 0x31B,
  0x323, 0x1EE3, 0x1ECD, 0x31B, 0x1EE3, 0xDA, 0x31B, 0x1EE8, 0x1EE8, 0x55, 0x31B, 0x301,
  0x1EE8, 0x1AF, 0x301, 0x1EE8, 0x1AF, 0x341, 0x1EE8, 0xFA, 0x31B, 0x1EE9, 0x1EE9, 0x75,
  0x31B, 0x301, 0x1EE9, 0x1B0, 0x301, 0x1EE9, 0x1B0, 0x341, 0x1EE9, 0xD9, 0x31B, 0x1EEA,
  0x1AF, 0x300, 0x1EEA, 0x1AF, 0x340, 0x1EEA, 0xF9, 0x31B, 0x1EEB, 0x1EEB, 0x75, 0x31B,
  0x300, 0x1EEB, 0x1B0, 0x300, 0x1EEB, 0x1B0, 0x340, 0x1EEB, 0x1AF, 0x309, 0x1EEC, 0x1EEC,
  0x55, 0x31B, 0x309, 0x1EEC, 0x1EE6, 0x31B, 0x1EEC, 0x1B0, 0x309, 0x1EED, 0x1EED, 0x75,
  0x31B, 0x309, 0x1EED, 0x1EE7, 0x31B, 0x1EED, 0x168, 0x31B, 0x1EEE, 0x1EEE, 0x55, 0x31B,
  0x303, 0x1EEE, 0x1AF, 0x303, 0x1EEE, 0x169, 0x31B, 0x1EEF, 0x1EEF, 0x75, 0x31B, 0x303,
  0x1EEF, 0x1B0, 0x303, 0x1EEF, 0x1AF, 0x323, 0x1EF0, 0x1EE4, 0x31B, 0x1EF0, 0x1B0, 0x323,
  0x1EF1, 0x1EF1, 0x75, 0x31B, 0x323, 0x1EF1, 0x1EE5, 0x31B, 0x1EF1, 0x1F00, 0x300, 0x1F02,
  0x1F00, 0x340, 0x1F02, 0x1F01, 0x300, 0x1F03, 0x1F03, 0x3B1, 0x314, 0x300, 0x1F03, 0x1F01,
  0x340, 0x1F03, 0x1F00, 0x301, 0x1F04, 0x1F04, 0x3B1, 0x313, 0x301, 0x1F04, 0x1F00, 0x341,
  0x1F04, 0x1F01, 0x301, 0x1F05, 0x1F05, 0x3B1, 0x314, 0x301, 0x1F05, 0x1F01, 0x341, 0x1F05,
  0x1F00, 0x342, 0x1F06, 0x1F06, 0x3B1, 0x313, 0x342, 0x1F06, 0x1F01, 0x342, 0x1F07, 0x1F07,
  0x3B1, 0x314, 0x342, 0x1F07, 0x1F08, 0x300, 0x1F0A, 0x1F0A, 0x391, 0x313, 0x300, 0x1F0A,
  0x1F08, 0x340, 0x1F0A, 0x1F09, 0x300, 0x1F0B, 0x1F0B, 0x391, 0x314, 0x300, 0x1F0B, 0x1F09,
  0x340, 0x1F0B, 0x1F08, 0x301, 0x1F0C, 0x1F0C, 0x391, 0x313, 0x301, 0x1F0C, 0x1F08, 0x341,
  0x1F0C, 0x1F09, 0x301, 0x1F0D, 0x1F0D, 0x391, 0x314, 0x301, 0x1F0D, 0x1F09, 0x341, 0x1F0D,
  0x1F08, 0x342, 0x1F0E, 0x1F09, 0x342, 0x1F0F, 0x1F0F, 0x391, 0x314, 0x342, 0x1F0F, 0x1F10,
  0x300, 0x1F12, 0x1F12, 0x3B5, 0x313, 0x300, 0x1F12, 0x1F10, 0x340, 0x1F12, 0x1F11, 0x300,
  0x1F13, 0x1F13, 0x3B5, 0x314, 0x300, 0x1F13, 0x1F11, 0x340, 0x1F13, 0x1F10, 0x301, 0x1F14,
  0x1F10, 0x341, 0x1F14, 0x1F11, 0x301, 0x1F15, 0x1F15, 0x3B5, 0x314, 0x301, 0x1F15, 0x1F11,
  0x341, 0x1F15, 0x1F18, 0x300, 0x1F1A, 0x1F1A, 0x395, 0x313, 0x300, 0x1F1A, 0x1F18, 0x340,
  0x1F1A, 0x1F19, 0x300, 0x1F1B, 0x1F1B, 0x395, 0x314, 0x300, 0x1F1B, 0x1F19, 0x340, 0x1F1B,
  0x1F18, 0x301, 0x1F1C, 0x1F18, 0x341, 0x1F1C, 0x1F19, 0x301, 0x1F1D, 0x1F1D, 0x395, 0x314,
  0x301, 0x1F1D, 0x1F19, 0x341, 0x1F1D, 0x1F20, 0x300, 0x1F22, 0x1F22, 0x3B7, 0x313, 0x300,
  0x1F22, 0x1F20, 0x340, 0x1F22, 0x1F21, 0x300, 0x1F23, 0x1F23, 0x3B7, 0x314, 0x300, 0x1F23,
  0x1F21, 0x340, 0x1F23, 0x1F20, 0x301, 0x1F24, 0x1F20, 0x341, 0x1F24, 0x1F21, 0x301, 0x1F25,
  0x1F25, 0x3B7, 0x314, 0x301, 0x1F25, 0x1F21, 0x341, 0x1F25, 0x1F20, 0x342, 0x1F26, 0x1F26,
  0x3B7, 0x313, 0x342, 0x1F26, 0x1F21, 0x342, 0x1F27, 0x1F27, 0x3B7, 0x314, 0x342, 0x1F27,
  0x1F28, 0x300, 0x1F2A, 0x1F28, 0x340, 0x1F2A, 0x1F29, 0x300, 0x1F2B, 0x1F2B, 0x397, 0x314,
  0x300, 0x1F2B, 0x1F29, 0x340, 0x1F2B, 0x1F28, 0x301, 0x1F2C, 0x1F2C, 0x397, 0x313, 0x301,
  0x1F2C, 0x1F28, 0x341, 0x1F2C, 0x1F29, 0x301, 0x1F2D, 0x1F2D, 0x397, 0x314, 0x301, 0x1F2D,
  0x1F29, 0x341, 0x1F2D, 0x1F28, 0x342, 0x1F2E, 0x1F2E, 0x397, 0x313, 0x342, 0x1F2E, 0x1F29,
  0x342, 0x1F2F, 0x1F2F, 0x397, 0x314, 0x342, 0x1F2F, 0x1F30, 0x300, 0x1F32, 0x1F32, 0x3B9,
  0x313, 0x300, 0x1F32, 0x1F30, 0x340, 0x1F32, 0x1F31, 0x300, 0x1F33, 0x1F33, 0x3B9, 0x314,
  0x300, 0x1F33, 0x1F31, 0x340, 0x1F33, 0x1F30, 0x301, 0x1F34, 0x1F34, 0x3B9, 0x313, 0x301,
  0x1F34, 0x1F30, 0x341, 0x1F34, 0x1F31, 0x301, 0x1F35, 0x1F35, 0x3B9, 0x314, 0x301, 0x1F35,
  0x1F31, 0x341, 0x1F35, 0x1F30, 0x342, 0x1F36, 0x1F31, 0x342, 0x1F37, 0x1F37, 0x3B9, 0x314,
  0x342, 0x1F37, 0x1F38, 0x300, 0x1F3A, 0x1F3A, 0x399, 0x313, 0x300, 0x1F3A, 0x1F38, 0x340,
  0x1F3A, 0x1F39, 0x300, 0x1F3B, 0x1F3B, 0x399, 0x314, 0x300, 0x1F3B, 0x1F39, 0x340, 0x1F3B,
  0x1F38, 0x301, 0x1F3C, 0x1F38, 0x341, 0x1F3C, 0x1F39, 0x301, 0x1F3D, 0x1F3D, 0x399, 0x314,
  0x301, 0x1F3D, 0x1F39, 0x341, 0x1F3D, 0x1F38, 0x342, 0x1F3E, 0x1F3E, 0x399, 0x313, 0x342,
  0x1F3E, 0x1F39, 0x342, 0x1F3F, 0x1F3F, 0x399, 0x314, 0x342, 0x1F3F, 0x1F40, 0x300, 0x1F42,
  0x1F40, 0x340, 0x1F42, 0x1F41, 0x300, 0x1F43, 0x1F43, 0x3BF, 0x314, 0x300, 0x1F43, 0x1F41,
  0x340, 0x1F43, 0x1F40, 0x301, 0x1F44, 0x1F44, 0x3BF, 0x313, 0x301, 0x1F44, 0x1F40, 0x341,
  0x1F44, 0x1F41, 0x301, 0x1F45, 0x1F45, 0x3BF, 0x314, 0x301, 0x1F45, 0x1F41, 0x341, 0x1F45,
  0x1F48, 0x300, 0x1F4A, 0x1F48, 0x340, 0x1F4A, 0x1F49, 0x300, 0x1F4B, 0x1F4B, 0x39F, 0x314,
  0x300, 0x1F4B, 0x1F49, 0x340, 0x1F4B, 0x1F48, 0x301, 0x1F4C, 0x1F4C, 0x39F, 0x313, 0x301,
  0x1F4C, 0x1F48, 0x341, 0x1F4C, 0x1F49, 0x301, 0x1F4D, 0x1F4D, 0x39F, 0x314, 0x301, 0x1F4D,
  0x1F49, 0x341, 0x1F4D, 0x1F50, 0x300, 0x1F52, 0x1F50, 0x340, 0x1F52, 0x1F51, 0x300, 0x1F53,
  0x1F53, 0x3C5, 0x314, 0x300, 0x1F53, 0x1F51, 0x340, 0x1F53, 0x1F50, 0x301, 0x1F54, 0x1F54,
  0x3C5, 0x313, 0x301, 0x1F54, 0x1F50, 0x341, 0x1F54, 0x1F51, 0x301, 0x1F55, 0x1F55, 0x3C5,
  0x314, 0x301, 0x1F55, 0x1F51, 0x341, 0x1F55, 0x1F50, 0x342, 0x1F56, 0x1F56, 0x3C5, 0x313,
  0x342, 0x1F56, 0x1F51, 0x342, 0x1F57, 0x1F57, 0x3C5, 0x314, 0x342, 0x1F57, 0x1F59, 0x300,
  0x1F5B, 0x1F5B, 0x3A5, 0x314, 0x300, 0x1F5B, 0x1F59, 0x340, 0x1F5B, 0x1F59, 0x301, 0x1F5D,
  0x1F5D, 0x3A5, 0x314, 0x301, 0x1F5D, 0x1F59, 0x341, 0x1F5D, 0x1F59, 0x342, 0x1F5F, 0x1F5F,
  0x3A5, 0x314, 0x342, 0x1F5F, 0x1F60, 0x300, 0x1F62, 0x1F60, 0x340, 0x1F62, 0x1F61, 0x300,
  0x1F63, 0x1F63, 0x3C9, 0x314, 0x300, 0x1F63, 0x1F61, 0x340, 0x1F63, 0x1F60, 0x301, 0x1F64,
  0x1F64, 0x3C9, 0x313, 0x301, 0x1F64, 0x1F60, 0x341, 0x1F64, 0x1F61, 0x301, 0x1F65, 0x1F65,
  0x3C9, 0x314, 0x301, 0x1F65, 0x1F61, 0x341, 0x1F65, 0x1F60, 0x342, 0x1F66, 0x1F66, 0x3C9,
  0x313, 0x342, 0x1F66, 0x1F61, 0x342, 0x1F67, 0x1F67, 0x3C9, 0x314, 0x342, 0x1F67, 0x1F68,
  0x300, 0x1F6A, 0x1F6A, 0x3A9, 0x313, 0x300, 0x1F6A, 0x1F68, 0x340, 0x1F6A, 0x1F69, 0x300,
  0x1F6B, 0x1F6B, 0x3A9, 0x314, 0x300, 0x1F6B, 0x1F69, 0x340, 0x1F6B, 0x1F68, 0x301, 0x1F6C,
  0x1F6C, 0x3A9, 0x313, 0x301, 0x1F6C, 0x1F68, 0x341, 0x1F6C, 0x1F69, 0x301, 0x1F6D, 0x1F6D,
  0x3A9, 0x314, 0x301, 0x1F6D, 0x1F69, 0x341, 0x1F6D, 0x1F68, 0x342, 0x1F6E, 0x1F69, 0x342,
  0x1F6F, 0x1F6F, 0x3A9, 0x314, 0x342, 0x1F6F, 0x1F00, 0x345, 0x1F80, 0x1F80, 0x3B1, 0x313,
  0x345, 0x1F80, 0x1FB3, 0x313, 0x1F80, 0x1FB3, 0x343, 0x1F80, 0x1F01, 0x345, 0x1F81, 0x1F81,
  0x3B1, 0x314, 0x345, 0x1F81, 0x1FB3, 0x314, 0x1F81, 0x1F02, 0x345, 0x1F82, 0x1F80, 0x300,
  0x1F82, 0x1F80, 0x340, 0x1F82, 0x1F00, 0x300, 0x345, 0x1F82, 0x1F00, 0x340, 0x345, 0x1F82,
  0x1F00, 0x345, 0x300, 0x1F82, 0x1F00, 0x345, 0x340, 0x1F82, 0x1FB3, 0x313, 0x300, 0x1F82,
  0x1FB3, 0x313, 0x340, 0x1F82, 0x1FB3, 0x343, 0x300, 0x1F82, 0x1FB3, 0x343, 0x340, 0x1F82,
  0x1F03, 0x345, 0x1F83, 0x1F83, 0x3B1, 0x314, 0x300, 0x345, 0x1F83, 0x1F81, 0x300, 0x1F83,
  0x1F81, 0x340, 0x1F83, 0x1F01, 0x300, 0x345, 0x1F83, 0x1F01, 0x340, 0x345, 0x1F83, 0x1F01,
  0x345, 0x300, 0x1F83, 0x1F01, 0x345, 0x340, 0x1F83, 0x1FB3, 0x314, 0x300, 0x1F83, 0x1FB3,
  0x314, 0x340, 0x1F83, 0x1F04, 0x345, 0x1F84, 0x1F84, 0x3B1, 0x313, 0x301, 0x345, 0x1F84,
  0x1F80, 0x301, 0x1F84, 0x1F80, 0x341, 0x1F84, 0x1F00, 0x301, 0x345, 0x1F84, 0x1F00, 0x341,
  0x345, 0x1F84, 0x1F00, 0x345, 0x301, 0x1F84, 0x1F00, 0x345, 0x341, 0x1F84, 0x1FB3, 0x313,
  0x301, 0x1F84, 0x1FB3, 0x313, 0x341, 0x1F84, 0x1FB3, 0x343, 0x301, 0x1F84, 0x1FB3, 0x343,
  0x341, 0x1F84, 0x1F05, 0x345, 0x1F85, 0x1F85, 0x3B1, 0x314, 0x301, 0x345, 0x1F85, 0x1F81,
  0x301, 0x1F85, 0x1F81, 0x341, 0x1F85, 0x1F01, 0x301, 0x345, 0x1F85, 0x1F01, 0x341, 0x345,
  0x1F85, 0x1F01, 0x345, 0x301, 0x1F85, 0x1F01, 0x345, 0x341, 0x1F85, 0x1FB3, 0x314, 0x301,
  0x1F85, 0x1FB3, 0x314, 0x341, 0x1F85, 0x1F06, 0x345, 0x1F86, 0x1F86, 0x3B1, 0x313, 0x342,
  0x345, 0x1F86, 0x1F80, 0x342, 0x1F86, 0x1F00, 0x342, 0x345, 0x1F86, 0x1F00, 0x345, 0x342,
  0x1F86, 0x1FB3, 0x313, 0x342, 0x1F86, 0x1FB3, 0x343, 0x342, 0x1F86, 0x1F07, 0x345, 0x1F87,
  0x1F87, 0x3B1, 0x314, 0x342, 0x345, 0x1F87, 0x1F81, 0x342, 0x1F87, 0x1F01, 0x342, 0x345,
  0x1F87, 0x1F01, 0x345, 0x342, 0x1F87, 0x1FB3, 0x314, 0x342, 0x1F87, 0x1F08, 0x345, 0x1F88,
  0x1FBC, 0x313, 0x1F88, 0x1FBC, 0x343, 0x1F88, 0x1F09, 0x345, 0x1F89, 0x1F89, 0x391, 0x314,
  0x345, 0x1F89, 0x1FBC, 0x314, 0x1F89, 0x1F0A, 0x345, 0x1F8A, 0x1F8A, 0x391, 0x313, 0x300,
  0x345, 0x1F8A, 0x1F88, 0x300, 0x1F8A, 0x1F88, 0x340, 0x1F8A, 0x1F08, 0x300, 0x345, 0x1F8A,
  0x1F08, 0x340, 0x345, 0x1F8A, 0x1F08, 0x345, 0x300, 0x1F8A, 0x1F08, 0x345, 0x340, 0x1F8A,
  0x1FBC, 0x313, 0x300, 0x1F8A, 0x1FBC, 0x313, 0x340, 0x1F8A, 0x1FBC, 0x343, 0x300, 0x1F8A,
  0x1FBC, 0x343, 0x340, 0x1F8A, 0x1F0B, 0x345, 0x1F8B, 0x1F8B, 0x391, 0x314, 0x300, 0x345,
  0x1F8B, 0x1F89, 0x300, 0x1F8B, 0x1F89, 0x340, 0x1F8B, 0x1F09, 0x300, 0x345, 0x1F8B, 0x1F09,
  0x340, 0x345, 0x1F8B, 0x1F09, 0x345, 0x300, 0x1F8B, 0x1F09, 0x345, 0x340, 0x1F8B, 0x1FBC,
  0x314, 0x300, 0x1F8B, 0x1FBC, 0x314, 0x340, 0x1F8B, 0x1F0C, 0x345, 0x1F8C, 0x1F8C, 0x391,
  0x313, 0x301, 0x345, 0x1F8C, 0x1F88, 0x301, 0x1F8C, 0x1F88, 0x341, 0x1F8C, 0x1F08, 0x301,
  0x345, 0x1F8C, 0x1F08, 0x341, 0x345, 0x1F8C, 0x1F08, 0x345, 0x301, 0x1F8C, 0x1F08, 0x345,
  0x341, 0x1F8C, 0x1FBC, 0x313, 0x301, 0x1F8C, 0x1FBC, 0x313, 0x341, 0x1F8C, 0x1FBC, 0x343,
  0x301, 0x1F8C, 0x1FBC, 0x343, 0x341, 0x1F8C, 0x1F0D, 0x345, 0x1F8D, 0x1F8D, 0x391, 0x314,
  0x301, 0x345, 0x1F8D, 0x1F89, 0x301, 0x1F8D, 0x1F89, 0x341, 0x1F8D, 0x1F09, 0x301, 0x345,
  0x1F8D, 0x1F09, 0x341, 0x345, 0x1F8D, 0x1F09, 0x345, 0x301, 0x1F8D, 0x1F09, 0x345, 0x341,
  0x1F8D, 0x1FBC, 0x314, 0x301, 0x1F8D, 0x1FBC, 0x314, 0x341, 0x1F8D, 0x1F0E, 0x345, 0x1F8E,
  0x1F88, 0x342, 0x1F8E, 0x1F08, 0x342, 0x345, 0x1F8E, 0x1F08, 0x345, 0x342, 0x1F8E, 0x1FBC,
  0x313, 0x342, 0x1F8E, 0x1FBC, 0x343, 0x342, 0x1F8E, 0x1F0F, 0x345, 0x1F8F, 0x1F8F, 0x391,
  0x314, 0x342, 0x345, 0x1F8F, 0x1F89, 0x342, 0x1F8F, 0x1F09, 0x342, 0x345, 0x1F8F, 0x1F09,
  0x345, 0x342, 0x1F8F, 0x1FBC, 0x314, 0x342, 0x1F8F, 0x1F20, 0x345, 0x1F90, 0x1F90, 0x3B7,
  0x313, 0x345, 0x1F90, 0x1FC3, 0x313, 0x1F90, 0x1FC3, 0x343, 0x1F90, 0x1F21, 0x345, 0x1F91,
  0x1F91, 0x3B7, 0x314, 0x345, 0x1F91, 0x1FC3, 0x314, 0x1F91, 0x1F22, 0x345, 0x1F92, 0x1F92,
  0x3B7, 0x313, 0x300, 0x345, 0x1F92, 0x1F90, 0x300, 0x1F92, 0x1F90, 0x340, 0x1F92, 0x1F20,
  0x300, 0x345, 0x1F92, 0x1F20, 0x340, 0x345, 0x1F92, 0x1F20, 0x345, 0x300, 0x1F92, 0x1F20,
  0x345, 0x340, 0x1F92, 0x1FC3, 0x313, 0x300, 0x1F92, 0x1FC3, 0x313, 0x340, 0x1F92, 0x1FC3,
  0x343, 0x300, 0x1F92, 0x1FC3, 0x343, 0x340, 0x1F92, 0x1F23, 0x345, 0x1F93, 0x1F93, 0x3B7,
  0x314, 0x300, 0x345, 0x1F93, 0x1F91, 0x300, 0x1F93, 0x1F91, 0x340, 0x1F93, 0x1F21, 0x300,
  0x345, 0x1F93, 0x1F21, 0x340, 0x345, 0x1F93, 0x1F21, 0x345, 0x300, 0x1F93, 0x1F21, 0x345,
  0x340, 0x1F93, 0x1FC3, 0x314, 0x300, 0x1F93, 0x1FC3, 0x314, 0x340, 0x1F93, 0x1F24, 0x345,
  0x1F94, 0x1F90, 0x301, 0x1F94, 0x1F90, 0x341, 0x1F94, 0x1F20, 0x301, 0x345, 0x1F94, 0x1F20,
  0x341, 0x345, 0x1F94, 0x1F20, 0x345, 0x301, 0x1F94, 0x1F20, 0x345, 0x341, 0x1F94, 0x1FC3,
  0x313, 0x301, 0x1F94, 0x1FC3, 0x313, 0x341, 0x1F94, 0x1FC3, 0x343, 0x301, 0x1F94, 0x1FC3,
  0x343, 0x341, 0x1F94, 0x1F25, 0x345, 0x1F95, 0x1F95, 0x3B7, 0x314, 0x301, 0x345, 0x1F95,
  0x1F91, 0x301, 0x1F95, 0x1F91, 0x341, 0x1F95, 0x1F21, 0x301, 0x345, 0x1F95, 0x1F21, 0x341,
  0x345, 0x1F95, 0x1F21, 0x345, 0x301, 0x1F95, 0x1F21, 0x345, 0x341, 0x1F95, 0x1FC3, 0x314,
  0x301, 0x1F95, 0x1FC3, 0x314, 0x341, 0x1F95, 0x1F26, 0x345, 0x1F96, 0x1F96, 0x3B7, 0x313,
  0x342, 0x345, 0x1F96, 0x1F90, 0x342, 0x1F96, 0x1F20, 0x342, 0x345, 0x1F96, 0x1F20, 0x345,
  0x342, 0x1F96, 0x1FC3, 0x313, 0x342, 0x1F96, 0x1FC3, 0x343, 0x342, 0x1F96, 0x1F27, 0x345,
  0x1F97, 0x1F97, 0x3B7, 0x314, 0x342, 0x345, 0x1F97, 0x1F91, 0x342, 0x1F97, 0x1F21, 0x342,
  0x345, 0x1F97, 0x1F21, 0x345, 0x342, 0x1F97, 0x1FC3, 0x314, 0x342, 0x1F97, 0x1F28, 0x345,
  0x1F98, 0x1F98, 0x397, 0x313, 0x345, 0x1F98, 0x1FCC, 0x313, 0x1F98, 0x1FCC, 0x343, 0x1F98,
  0x1F29, 0x345, 0x1F99, 0x1F99, 0x397, 0x314, 0x345, 0x1F99, 0x1FCC, 0x314, 0x1F99, 0x1F2A,
  0x345, 0x1F9A, 0x1F98, 0x300, 0x1F9A, 0x1F98, 0x340, 0x1F9A, 0x1F28, 0x300, 0x345, 0x1F9A,
  0x1F28, 0x340, 0x345, 0x1F9A, 0x1F28, 0x345, 0x300, 0x1F9A, 0x1F28, 0x345, 0x340, 0x1F9A,
  0x1FCC, 0x313, 0x300, 0x1F9A, 0x1FCC, 0x313, 0x340, 0x1F9A, 0x1FCC, 0x343, 0x300, 0x1F9A,
  0x1FCC, 0x343, 0x340, 0x1F9A, 0x1F2B, 0x345, 0x1F9B, 0x1F9B, 0x397, 0x314, 0x300, 0x345,
  0x1F9B, 0x1F99, 0x300, 0x1F9B, 0x1F99, 0x340, 0x1F9B, 0x1F29, 0x300, 0x345, 0x1F9B, 0x1F29,
  0x340, 0x345, 0x1F9B, 0x1F29, 0x345, 0x300, 0x1F9B, 0x1F29, 0x345, 0x340, 0x1F9B, 0x1FCC,
  0x314, 0x300, 0x1F9B, 0x1FCC, 0x314, 0x340, 0x1F9B, 0x1F2C, 0x345, 0x1F9C, 0x1F9C, 0x397,
  0x313, 0x301, 0x345, 0x1F9C, 0x1F98, 0x301, 0x1F9C, 0x1F98, 0x341, 0x1F9C, 0x1F28, 0x301,
  0x345, 0x1F9C, 0x1F28, 0x341, 0x345, 0x1F9C, 0x1F28, 0x345, 0x301, 0x1F9C, 0x1F28, 0x345,
  0x341, 0x1F9C, 0x1FCC, 0x313, 0x301, 0x1F9C, 0x1FCC, 0x313, 0x341, 0x1F9C, 0x1FCC, 0x343,
  0x301, 0x1F9C, 0x1FCC, 0x343, 0x341, 0x1F9C, 0x1F2D, 0x345, 0x1F9D, 0x1F9D, 0x397, 0x314,
  0x301, 0x345, 0x1F9D, 0x1F99, 0x301, 0x1F9D, 0x1F99, 0x341, 0x1F9D, 0x1F29, 0x301, 0x345,
  0x1F9D, 0x1F29, 0x341, 0x345, 0x1F9D, 0x1F29, 0x345, 0x301, 0x1F9D, 0x1F29, 0x345, 0x341,
  0x1F9D, 0x1FCC, 0x314, 0x301, 0x1F9D, 0x1FCC, 0x314, 0x341, 0x1F9D, 0x1F2E, 0x345, 0x1F9E,
  0x1F9E, 0x397, 0x313, 0x342, 0x345, 0x1F9E, 0x1F98, 0x342, 0x1F9E, 0x1F28, 0x342, 0x345,
  0x1F9E, 0x1F28, 0x345, 0x342, 0x1F9E, 0x1FCC, 0x313, 0x342, 0x1F9E, 0x1FCC, 0x343, 0x342,
  0x1F9E, 0x1F2F, 0x345, 0x1F9F, 0x1F9F, 0x397, 0x314, 0x342, 0x345, 0x1F9F, 0x1F99, 0x342,
  0x1F9F, 0x1F29, 0x342, 0x345, 0x1F9F, 0x1F29, 0x345, 0x342, 0x1F9F, 0x1FCC, 0x314, 0x342,
  0x1F9F, 0x1F60, 0x345, 0x1FA0, 0x1FF3, 0x313, 0x1FA0, 0x1FF3, 0x343, 0x1FA0, 0x1F61, 0x345,
  0x1FA1, 0x1FA1, 0x3C9, 0x314, 0x345, 0x1FA1, 0x1FF3, 0x314, 0x1FA1, 0x1F62, 0x345, 0x1FA2,
  0x1FA2, 0x3C9, 0x313, 0x300, 0x345, 0x1FA2, 0x1FA0, 0x300, 0x1FA2, 0x1FA0, 0x340, 0x1FA2,
  0x1F60, 0x300, 0x345, 0x1FA2, 0x1F60, 0x340, 0x345, 0x1FA2, 0x1F60, 0x345, 0x300, 0x1FA2,
  0x1F60, 0x345, 0x340, 0x1FA2, 0x1FF3, 0x313, 0x300, 0x1FA2, 0x1FF3, 0x313, 0x340, 0x1FA2,
  0x1FF3, 0x343, 0x300, 0x1FA2, 0x1FF3, 0x343, 0x340, 0x1FA2, 0x1F63, 0x345, 0x1FA3, 0x1FA3,
  0x3C9, 0x314, 0x300, 0x345, 0x1FA3, 0x1FA1, 0x300, 0x1FA3, 0x1FA1, 0x340, 0x1FA3, 0x1F61,
  0x300, 0x345, 0x1FA3, 0x1F61, 0x340, 0x345, 0x1FA3, 0x1F61, 0x345, 0x300, 0x1FA3, 0x1F61,
  0x345, 0x340, 0x1FA3, 0x1FF3, 0x314, 0x300, 0x1FA3, 0x1FF3, 0x314, 0x340, 0x1FA3, 0x1F64,
  0x345, 0x1FA4, 0x1FA4, 0x3C9, 0x313, 0x301, 0x345, 0x1FA4, 0x1FA0, 0x301, 0x1FA4, 0x1FA0,
  0x341, 0x1FA4, 0x1F60, 0x301, 0x345, 0x1FA4, 0x1F60, 0x341, 0x345, 0x1FA4, 0x1F60, 0x345,
  0x301, 0x1FA4, 0x1F60, 0x345, 0x341, 0x1FA4, 0x1FF3, 0x313, 0x301, 0x1FA4, 0x1FF3, 0x313,
  0x341, 0x1FA4, 0x1FF3, 0x343, 0x301, 0x1FA4, 0x1FF3, 0x343, 0x341, 0x1FA4, 0x1F65, 0x345,
  0x1FA5, 0x1FA5, 0x3C9, 0x314, 0x301, 0x345, 0x1FA5, 0x1FA1, 0x301, 0x1FA5, 0x1FA1, 0x341,
  0x1FA5, 0x1F61, 0x301, 0x345, 0x1FA5, 0x1F61, 0x341, 0x345, 0x1FA5, 0x1F61, 0x345, 0x301,
  0x1FA5, 0x1F61, 0x345, 0x341, 0x1FA5, 0x1FF3, 0x314, 0x301, 0x1FA5, 0x1FF3, 0x314, 0x341,
  0x1FA5, 0x1F66, 0x345, 0x1FA6, 0x1FA0, 0x342, 0x1FA6, 0x1F60, 0x342, 0x345, 0x1FA6, 0x1F60,
  0x345, 0x342, 0x1FA6, 0x1FF3, 0x313, 0x342, 0x1FA6, 0x1FF3, 0x343, 0x342, 0x1FA6, 0x1F67,
  0x345, 0x1FA7, 0x1FA7, 0x3C9, 0x314, 0x342, 0x345, 0x1FA7, 0x1FA1, 0x342, 0x1FA7, 0x1F61,
  0x342, 0x345, 0x1FA7, 0x1F61, 0x345, 0x342, 0x1FA7, 0x1FF3, 0x314, 0x342, 0x1FA7, 0x1F68,
  0x345, 0x1FA8, 0x1FA8, 0x3A9, 0x313, 0x345, 0x1FA8, 0x1FFC, 0x313, 0x1FA8, 0x1FFC, 0x343,
  0x1FA8, 0x1F69, 0x345, 0x1FA9, 0x1FA9, 0x3A9, 0x314, 0x345, 0x1FA9, 0x1FFC, 0x314, 0x1FA9,
  0x1F6A, 0x345, 0x1FAA, 0x1FAA, 0x3A9, 0x313, 0x300, 0x345, 0x1FAA, 0x1FA8, 0x300, 0x1FAA,
  0x1FA8, 0x340, 0x1FAA, 0x1F68, 0x300, 0x345, 0x1FAA, 0x1F68, 0x340, 0x345, 0x1FAA, 0x1F68,
  0x345, 0x300, 0x1FAA, 0x1F68, 0x345, 0x340, 0x1FAA, 0x1FFC, 0x313, 0x300, 0x1FAA, 0x1FFC,
  0x313, 0x340, 0x1FAA, 0x1FFC, 0x343, 0x300, 0x1FAA, 0x1FFC, 0x343, 0x340, 0x1FAA, 0x1F6B,
  0x345, 0x1FAB, 0x1FAB, 0x3A9, 0x314, 0x300, 0x345, 0x1FAB, 0x1FA9, 0x300, 0x1FAB, 0x1FA9,
  0x340, 0x1FAB, 0x1F69, 0x300, 0x345, 0x1FAB, 0x1F69, 0x340, 0x345, 0x1FAB, 0x1F69, 0x345,
  0x300, 0x1FAB, 0x1F69, 0x345, 0x340, 0x1FAB, 0x1FFC, 0x314, 0x300, 0x1FAB, 0x1FFC, 0x314,
  0x340, 0x1FAB, 0x1F6C, 0x345, 0x1FAC, 0x1FA8, 0x301, 0x1FAC, 0x1FA8, 0x341, 0x1FAC, 0x1F68,
  0x301, 0x345, 0x1FAC, 0x1F68, 0x341, 0x345, 0x1FAC, 0x1F68, 0x345, 0x301, 0x1FAC, 0x1F68,
  0x345, 0x341, 0x1FAC, 0x1FFC, 0x313, 0x301, 0x1FAC, 0x1FFC, 0x313, 0x341, 0x1FAC, 0x1FFC,
  0x343, 0x301, 0x1FAC, 0x1FFC, 0x343, 0x341, 0x1FAC, 0x1F6D, 0x345, 0x1FAD, 0x1FAD, 0x3A9,
  0x314, 0x301, 0x345, 0x1FAD, 0x1FA9, 0x301, 0x1FAD, 0x1FA9, 0x341, 0x1FAD, 0x1F69, 0x301,
  0x345, 0x1FAD, 0x1F69, 0x341, 0x345, 0x1FAD, 0x1F69, 0x345, 0x301, 0x1FAD, 0x1F69, 0x345,
  0x341, 0x1FAD, 0x1FFC, 0x314, 0x301, 0x1FAD, 0x1FFC, 0x314, 0x341, 0x1FAD, 0x1F6E, 0x345,
  0x1FAE, 0x1FAE, 0x3A9, 0x313, 0x342, 0x345, 0x1FAE, 0x1FA8, 0x342, 0x1FAE, 0x1F68, 0x342,
  0x345, 0x1FAE, 0x1F68, 0x345, 0x342, 0x1FAE, 0x1FFC, 0x313, 0x342, 0x1FAE, 0x1FFC, 0x343,
  0x342, 0x1FAE, 0x1F6F, 0x345, 0x1FAF, 0x1FAF, 0x3A9, 0x314, 0x342, 0x345, 0x1FAF, 0x1FA9,
  0x342, 0x1FAF, 0x1F69, 0x342, 0x345, 0x1FAF, 0x1F69, 0x345, 0x342, 0x1FAF, 0x1FFC, 0x314,
  0x342, 0x1FAF, 0x1F70, 0x345, 0x1FB2, 0x1FB3, 0x300, 0x1FB2, 0x1FB3, 0x340, 0x1FB2, 0x3AC,
  0x345, 0x1FB4, 0x1FB4, 0x3B1, 0x301, 0x345, 0x1FB4, 0x1F71, 0x345, 0x1FB4, 0x1FB3, 0x301,
  0x1FB4, 0x1FB3, 0x341, 0x1FB4, 0x1FB3, 0x342, 0x1FB7, 0x1FB7, 0x3B1, 0x342, 0x345, 0x1FB7,
  0x1FB6, 0x345, 0x1FB7, 0x1F74, 0x345, 0x1FC2, 0x1FC2, 0x3B7, 0x300, 0x345, 0x1FC2, 0x1FC3,
  0x300, 0x1FC2, 0x1FC3, 0x340, 0x1FC2, 0x3AE, 0x345, 0x1FC4, 0x1FC4, 0x3B7, 0x301, 0x345,
  0x1FC4, 0x1F75, 0x345, 0x1FC4, 0x1FC3, 0x301, 0x1FC4, 0x1FC3, 0x341, 0x1FC4, 0x1FC3, 0x342,
  0x1FC7, 0x1FC7, 0x3B7, 0x342, 0x345, 0x1FC7, 0x1FC6, 0x345, 0x1FC7, 0x3CA, 0x300, 0x1FD2,
  0x3CA, 0x340, 0x1FD2, 0x3CA, 0x342, 0x1FD7, 0x1FD7, 0x3B9, 0x308, 0x342, 0x1FD7, 0x3CB,
  0x300, 0x1FE2, 0x1FE2, 0x3C5, 0x308, 0x300, 0x1FE2, 0x3CB, 0x340, 0x1FE2, 0x3CB, 0x342,
  0x1FE7, 0x1F7C, 0x345, 0x1FF2, 0x1FF2, 0x3C9, 0x300, 0x345, 0x1FF2, 0x1FF3, 0x300, 0x1FF2,
  0x1FF3, 0x340, 0x1FF2, 0x3CE, 0x345, 0x1FF4, 0x1FF4, 0x3C9, 0x301, 0x345, 0x1FF4, 0x1F7D,
  0x345, 0x1FF4, 0x1FF3, 0x301, 0x1FF4, 0x1FF3, 0x341, 0x1FF4, 0x1FF3, 0x342, 0x1FF7, 0x1FF7,
  0x3C9, 0x342, 0x345, 0x1FF7, 0x1FF6, 0x345, 0x1FF7, 0xFB2A, 0x5BC, 0x5E9, 0x5BC, 0x5C1,
  0x5E9, 0x5BC, 0x5C1, 0xFB49, 0x5C1, 0x5E9, 0x5BC, 0x5C1, 0xFB2B, 0x5BC, 0x5E9, 0x5BC,
  0x5C2, 0x5E9, 0x5BC, 0x5C2, 0xFB49, 0x5C2, 0x5E9, 0x5BC, 0x5C2, 0x1611E, 0x16123, 0x16126,
  0x16121, 0x1611F, 0x16126, 0x1611E, 0x16124, 0x16127, 0x16127, 0x1611E, 0x16129, 0x1611F, 0x16127, 0x16122,
  0x1611F, 0x16127, 0x1611E, 0x16125, 0x16128, 0x16128, 0x1611E, 0x1611E, 0x16120, 0x16128, 0x16121, 0x16120,
  0x16128, 0x16D63, 0x16D68, 0x16D6A, 0x16D6A, 0x16D63, 0x16D67, 0x16D67, 0x16D6A, 0x16D69, 0x16D67, 0x16D6A,
  0x1D15F, 0x1D16E, 0x1D158, 0x1D165, 0x1D16E, 0x1D158, 0x1D165, 0x1D16E, 0x1D15F, 0x1D16F, 0x1D158, 0x1D165,
  0x1D16F, 0x1D158, 0x1D165, 0x1D16F, 0x1D15F, 0x1D170, 0x1D158, 0x1D165, 0x1D170, 0x1D158, 0x1D165, 0x1D170,
  0x1D15F, 0x1D171, 0x1D158, 0x1D165, 0x1D171, 0x1D158, 0x1D165, 0x1D171, 0x1D15F, 0x1D172, 0x1D158, 0x1D165,
  0x1D172, 0x1D1BB, 0x1D16E, 0x1D1B9, 0x1D165, 0x1D16E, 0x1D1B9, 0x1D165, 0x1D16E, 0x1D1BC, 0x1D16E, 0x1D1BA,
  0x1D165, 0x1D16E, 0x1D1BA, 0x1D165, 0x1D16E, 0x1D1BB, 0x1D16F, 0x1D1B9, 0x1D165, 0x1D16F, 0x1D1B9, 0x1D165,
  0x1D16F, 0x1D1BC, 0x1D16F, 0x1D1BA, 0x1D165, 0x1D16F, 0x1138B, 0x113C7, 0x1138E, 0x113B8, 0x1138E, 0x113B8,
  0x1138B, 0x113C2, 0x113B8, 0x1138E, 0x113B8, 0x113C2, 0x113C7, 0x113C5, 0x113B8, 0x113C5, 0x113B8, 0x113C2,
  0x113C2, 0x113B8, 0x113C5, 0x113B8, 0x1138B, 0x113C5, 0x1138E, 0x113C2, 0x1138E, 0x113C2, 0x1138B, 0x113C2,
  0x113C2, 0x1138E, 0x113C2, 0x1138B, 0x113C5, 0x113C2, 0x1138E, 0x113C5, 0x1138E, 0x113C5, 0x1138B, 0x113C2,
  0x113C2, 0x113C2, 0x1138E, 0x113C5, 0x1138B, 0x113C5, 0x113B8, 0x1138E, 0x113C7, 0x1138E, 0x113C7, 0x1138B,
  0x113C2, 0x113C2, 0x113B8, 0x1138E, 0x113C7, 0x1138B, 0x113C5, 0x113C9, 0x1138E, 0x113C8, 0x1138E, 0x113C8,
  0x1138B, 0x113C2, 0x113C2, 0x113C9, 0x1138E, 0x113C8, 0x113C2, 0x113C5, 0x113C5, 0x113C2, 0x113C5, 0x113C2,
  0x113C2, 0x113C2, 0x113C2, 0x113C5, 0x113C2, 0x113C2, 0x113C5, 0x113C2, 0x113C5, 0x113C5, 0x113C5, 0x113C5,
  0x113C2, 0x113C2, 0x113C2, 0x113C2, 0x113C5, 0x113C5, 0x113C2, 0x113C5, 0x113B8, 0x113C5, 0x113C7, 0x113C5,
  0x113C7, 0x113C2, 0x113C2, 0x113C2, 0x113B8, 0x113C5, 0x113C7, 0x113C2, 0x113C5, 0x113C9, 0x113C5, 0x113C8,
  0x113C5, 0x113C8, 0x113C2, 0x113C2, 0x113C2, 0x113C9, 0x113C5, 0x113C8, 0x1138B, 0x113C8, 0x1138E, 0x113C9,
  0x1138E, 0x113C9, 0x1138B, 0x113C2, 0x113C9, 0x1138E, 0x113C9, 0x113C2, 0x113C8, 0x113C5, 0x113C9, 0x113C5,
  0x113C9, 0x113C2, 0x113C2, 0x113C9, 0x113C5, 0x113C9, 0x16121, 0x1611E, 0x1611F, 0x16121, 0x16123, 0x16121,
  0x16123, 0x1611E, 0x1611E, 0x1611E, 0x1611F, 0x16121, 0x16123, 0x16121, 0x16129, 0x1611F, 0x16121, 0x16124,
  0x16121, 0x16124, 0x1611E, 0x1611E, 0x16129, 0x1611F, 0x16121, 0x16124, 0x16121, 0x1611E, 0x16120, 0x16121,
  0x16125, 0x16121, 0x16125, 0x1611E, 0x1611E, 0x1611E, 0x16120, 0x16121, 0x16125, 0x1611E, 0x16121, 0x16121,
  0x1611E, 0x16121, 0x1611E, 0x1611E, 0x1611E, 0x1611E, 0x16121, 0x1611E, 0x1611E, 0x16121, 0x1611E, 0x16121,
  0x16121, 0x16121, 0x16121, 0x1611E, 0x1611E, 0x1611E, 0x1611E, 0x16121, 0x16121, 0x1611E, 0x16121, 0x16129,
  0x16121, 0x16122, 0x16121, 0x16122, 0x1611E, 0x1611E, 0x1611E, 0x16129, 0x16121, 0x16122, 0x1611E, 0x16126,
  0x16121, 0x16123, 0x1611E, 0x16121, 0x1611F, 0x16121, 0x16123, 0x1611E, 0x16128, 0x16121, 0x16125, 0x1611E,
  0x16121, 0x16120, 0x16121, 0x16125, 0x1611E, 0x16121, 0x16123, 0x16121, 0x16126, 0x16121, 0x16126, 0x1611E,
  0x1611E, 0x1611E, 0x1611E, 0x1611F, 0x16121, 0x16126, 0x1611E, 0x16121, 0x1611E, 0x1611F, 0x16121, 0x16126,
  0x1611E, 0x16121, 0x16124, 0x16121, 0x16127, 0x16121, 0x16127, 0x1611E, 0x1611E, 0x1611E, 0x16129, 0x1611F,
  0x16121, 0x16127, 0x1611E, 0x16121, 0x16129, 0x1611F, 0x16121, 0x16127, 0x1611E, 0x16121, 0x16125, 0x16121,
  0x16128, 0x16121, 0x16128, 0x1611E, 0x1611E, 0x1611E, 0x1611E, 0x16120, 0x16121, 0x16128, 0x1611E, 0x16121,
  0x1611E, 0x16120, 0x16121, 0x16128, 0x1611E, 0x16127, 0x16121, 0x16124, 0x1611E, 0x16122, 0x1611F, 0x16121,
  0x16124, 0x1611E, 0x16122, 0x16121, 0x16129, 0x16121, 0x16129, 0x1611E, 0x1611E, 0x16129, 0x16121, 0x16129,
  0x16D67, 0x16D68, 0x16D68, 0x16D67, 0x16D68, 0x16D67, 0x16D67, 0x16D67, 0x16D67, 0x16D68, 0x16D67, 0x16D67,
  0x16D68, 0x16D67, 0x16D68, 0x16D68, 0x16D68, 0x16D68, 0x16D67, 0x16D67, 0x16D67, 0x16D67, 0x16D68, 0x16D68,
  0x16D63, 0x16D68, 0x16D67, 0x16D6A, 0x16D67, 0x16D6A, 0x16D67, 0x16D63, 0x16D67, 0x16D67, 0x16D67, 0x16D6A,
  0x16D67, 0x16D69, 0x16D68, 0x16D6A, 0x16D67, 0x16D63, 0x16D67, 0x16D68, 0x16D6A, 0x16D67, 0x16D69, 0x16D68,
  0x16D67, 0x16D6A, 0x16D68, 0x16D6A, 0x16D68, 0x16D63, 0x16D67, 0x16D67, 0x16D67, 0x16D67, 0x16D6A, 0x16D68,
  0x16D63, 0x16D67, 0x16D68, 0x16D67, 0x16D6A, 0x16D68,
};
// Packed (source length << 8) | expected length, in order.
constexpr std::array<uint16_t, 7722> NFC_VECTOR_LENS{
  0x0100, 0x0201, 0x0100, 0x0201, 0x0202, 0x0200, 0x0302, 0x0302, 0x0200, 0x0302, 0x0200, 0x0302,
  0x0303, 0x0300, 0x0403, 0x0403, 0x0100, 0x0201, 0x0100, 0x0201, 0x0100, 0x0301, 0x0201, 0x0200,
  0x0402, 0x0302, 0x0200, 0x0808, 0x0800, 0x0808, 0x0800, 0x0302, 0x0200, 0x0402, 0x0403, 0x0300,
  0x0503, 0x0200, 0x0300, 0x0403, 0x0200, 0x0300, 0x0403, 0x0200, 0x0300, 0x0403, 0x0200, 0x0402,
  0x0200, 0x0500, 0x0605, 0x0200, 0x0600, 0x0706, 0x0200, 0x0300, 0x0503, 0x0200, 0x0400, 0x0504,
  0x0200, 0x0500, 0x0605, 0x0200, 0x0600, 0x0706, 0x0200, 0x0400, 0x0604, 0x0200, 0x0400, 0x0604,
  0x0200, 0x0300, 0x0403, 0x0200, 0x0400, 0x0504, 0x0200, 0x0300, 0x0403, 0x0200, 0x0200, 0x0300,
  0x0403, 0x0200, 0x0200, 0x0300, 0x0403, 0x0200, 0x0100, 0x0100, 0x0100, 0x0201, 0x0100, 0x0201,
  0x0100, 0x0201, 0x0100, 0x0201, 0x0100, 0x0201, 0x0100, 0x0201, 0x0100, 0x0201, 0x0100, 0x0201,
  0x0100, 0x0201, 0x0100, 0x0201, 0x0100, 0x0201, 0x0100, 0x0201, 0x0100, 0x0201, 0x0100, 0x0201,
  0x0100, 0x0201, 0x0100, 0x0100, 0x0201, 0x0100, 0x0100, 0x0201, 0x0100, 0x0201, 0x0100, 0x0201,
  0x0100, 0x0201, 0x0100, 0x0201, 0x0100, 0x0201, 0x0100, 0x0201, 0x0100, 0x0201, 0x0100, 0x0201,
  0x0100, 0x0100, 0x0100, 0x0201, 0x0100, 0x0301, 0x0100, 0x0301, 0x0100, 0x0201, 0x0100, 0x0201,
  0x0100, 0x0100, 0x0201, 0x0100, 0x0201, 0x0100, 0x0201, 0x0100, 0x0201, 0x0100, 0x0201, 0x0100,
  0x0201, 0x0100, 0x0201, 0x0100, 0x0301, 0x0100, 0x0301, 0x0100, 0x0100, 0x0100, 0x0101, 0x0100,
  0x0100, 0x0100, 0x0201, 0x0100, 0x0201, 0x0100, 0x0201, 0x0100, 0x0100, 0x0100, 0x0201, 0x0100,
  0x0201, 0x0100, 0x0201, 0x0100, 0x0201, 0x0100, 0x0201, 0x0100, 0x0201, 0x0100, 0x0201, 0x0100,
  0x0201, 0x0100, 0x0201, 0x0100, 0x0201, 0x0100, 0x0100, 0x0201, 0x0102, 0x0200, 0x0102, 0x0200,
  0x0102, 0x0200, 0x0102, 0x0200, 0x0100, 0x0201, 0x0100, 0x0201, 0x0100, 0x0201, 0x0102, 0x0200,
  0x0102, 0x0200, 0x0102, 0x0200, 0x0102, 0x0200, 0x0100, 0x0201, 0x0100, 0x0201, 0x0100, 0x0100,
  0x0100, 0x0100, 0x0100, 0x0100, 0x0100, 0x0100, 0x0100, 0x0100, 0x0100, 0x0100, 0x0100, 0x0100,
  0x0100, 0x0100, 0x0100, 0x0201, 0x0100, 0x0301, 0x0100, 0x0201, 0x0100, 0x0201, 0x0100, 0x0201,
  0x0100, 0x0201, 0x0100, 0x0201, 0x0100, 0x0201, 0x0100, 0x0301, 0x0100, 0x0201, 0x0100, 0x0201,
  0x0100, 0x0201, 0x0100, 0x0301, 0x0100, 0x0201, 0x0100, 0x0301, 0x0100, 0x0201, 0x0100, 0x0301,
  0x0100, 0x0201, 0x0100, 0x0201, 0x0100, 0x0301, 0x0100, 0x0201, 0x0100, 0x0201, 0x0100, 0x0201,
  0x0100, 0x0201, 0x0100, 0x0201, 0x0100, 0x0201, 0x0100, 0x0301, 0x0100, 0x0301, 0x0100, 0x0301,
  0x0100, 0x0201, 0x0100, 0x0301, 0x0100, 0x0301, 0x0100, 0x0201, 0x0100, 0x0301, 0x0100, 0x0301,
  0x0100, 0x0301, 0x0100, 0x0201, 0x0100, 0x0301, 0x0100, 0x0301, 0x0100, 0x0201, 0x0100, 0x0301,
  0x0100, 0x0201, 0x0100, 0x0301, 0x0100, 0x0301, 0x0100, 0x0301, 0x0100, 0x0301, 0x0100, 0x0301,
  0x0100, 0x0201, 0x0100, 0x0301, 0x0100, 0x0301, 0x0100, 0x0301, 0x0100, 0x0301, 0x0100, 0x0301,
  0x0100, 0x0201, 0x0100, 0x0301, 0x0100, 0x0201, 0x0100, 0x0301, 0x0100, 0x0201, 0x0100, 0x0201,
  0x0100, 0x0401, 0x0100, 0x0301, 0x0100, 0x0401, 0x0100, 0x0401, 0x0100, 0x0401, 0x0100, 0x0301,
  0x0100, 0x0401, 0x0100, 0x0401, 0x0100, 0x0301, 0x0100, 0x0201, 0x0100, 0x0100, 0x0201, 0x0100,
  0x0201, 0x0100, 0x0301, 0x0100, 0x0201, 0x0100, 0x0201, 0x0100, 0x0301, 0x0100, 0x0201, 0x0100,
  0x0201, 0x0100, 0x0201, 0x0100, 0x0100, 0x0100, 0x0100, 0x0100, 0x0100, 0x0100, 0x0100, 0x0100,
  0x0100, 0x0100, 0x0100, 0x0100, 0x0100, 0x0100, 0x0100, 0x0100, 0x0100, 0x0100, 0x0100, 0x0100,
  0x0100, 0x0100, 0x0100, 0x0100, 0x0100, 0x0100, 0x0100, 0x0100, 0x0100, 0x0201, 0x0100, 0x0201,
  0x0100, 0x0100, 0x0201, 0x0100, 0x0201, 0x0100, 0x0201, 0x0100, 0x0201, 0x0100, 0x0201, 0x0101,
  0x0100, 0x0100, 0x0100, 0x0100, 0x0100, 0x0100, 0x0100, 0x0100, 0x0100, 0x0100, 0x0100, 0x0100,
  0x0100, 0x0100, 0x0100, 0x0100, 0x0100, 0x0100, 0x0100, 0x0100, 0x0100, 0x0100, 0x0100, 0x0100,
  0x0102, 0x0200, 0x0100, 0x0100, 0x0100, 0x0100, 0x0100, 0x0100, 0x0100, 0x0100, 0x0100, 0x0100,
  0x0100, 0x0100, 0x0100, 0x0100, 0x0100, 0x0100, 0x0100, 0x0100, 0x0100, 0x0100, 0x0100, 0x0100,
  0x0100, 0x0100, 0x0100, 0x0100, 0x0100, 0x0100, 0x0100, 0x0100, 0x0100, 0x0100, 0x0100, 0x0100,
  0x0100, 0x0100, 0x0100, 0x0100, 0x0201, 0x0100, 0x0201, 0x0100, 0x0201, 0x0100, 0x0201, 0x0100,
  0x0100, 0x0201, 0x0100, 0x0201, 0x0100, 0x0201, 0x0100, 0x0201, 0x0100, 0x0201, 0x0100, 0x0100,
  0x0100, 0x0100, 0x0100, 0x0100, 0x0100, 0x0100, 0x0100, 0x0100, 0x0100, 0x0100, 0x0100, 0x0100,
  0x0100, 0x0100, 0x0100, 0x0100, 0x0100, 0x0100, 0x0100, 0x0100, 0x0100, 0x0100, 0x0100, 0x0100,
  0x0100, 0x0100, 0x0100, 0x0100, 0x0100, 0x0100, 0x0100, 0x0100, 0x0100, 0x0100, 0x0100, 0x0100,
  0x0100, 0x0100, 0x0100, 0x0100, 0x0100, 0x0100, 0x0100, 0x0100, 0x0100, 0x0100, 0x0100, 0x0100,
  0x0100, 0x0100, 0x0100, 0x0100, 0x0100, 0x0100, 0x0100, 0x0100, 0x0100, 0x0100, 0x0100, 0x0100,
  0x0100, 0x0100, 0x0100, 0x0100, 0x0100, 0x0100, 0x0100, 0x0100, 0x0100, 0x0100, 0x0100, 0x0100,
  0x0100, 0x0100, 0x0100, 0x0100, 0x0100, 0x0100, 0x0100, 0x0100, 0x0100, 0x0100, 0x0100, 0x0100,
  0x0100, 0x0100, 0x0100, 0x0100, 0x0100, 0x0100, 0x0100, 0x0100, 0x0100, 0x0100, 0x0100, 0x0100,
  0x0100, 0x0100, 0x0100, 0x0100, 0x0100, 0x0100, 0x0100, 0x0301, 0x0100, 0x0301, 0x0100, 0x0301,
  0x0100, 0x0301, 0x0100, 0x0301, 0x0100, 0x0301, 0x0100, 0x0301, 0x0100, 0x0301, 0x0100, 0x0301,
  0x0100, 0x0301, 0x0100, 0x0301, 0x0100, 0x0301, 0x0100, 0x0201, 0x0100, 0x0301, 0x0100, 0x0301,
  0x0100, 0x0301, 0x0100, 0x0301, 0x0100, 0x0301, 0x0100, 0x0301, 0x0100, 0x0301, 0x0100, 0x0301,
  0x0100, 0x0301, 0x0100, 0x0301, 0x0100, 0x0301, 0x0100, 0x0301, 0x0100, 0x0301, 0x0100, 0x0301,
  0x0100, 0x0301, 0x0100, 0x0301, 0x0100, 0x0301, 0x0100, 0x0301, 0x0100, 0x0301, 0x0100, 0x0301,
  0x0100, 0x0301, 0x0100, 0x0301, 0x0100, 0x0301, 0x0100, 0x0301, 0x0100, 0x0301, 0x0100, 0x0301,
  0x0100, 0x0301, 0x0100, 0x0201, 0x0100, 0x0301, 0x0100, 0x0301, 0x0100, 0x0301, 0x0100, 0x0301,
  0x0100, 0x0301, 0x0100, 0x0301, 0x0100, 0x0301, 0x0100, 0x0301, 0x0100, 0x0301, 0x0100, 0x0301,
  0x0100, 0x0301, 0x0100, 0x0301, 0x0100, 0x0301, 0x0100, 0x0301, 0x0100, 0x0301, 0x0100, 0x0301,
  0x0100, 0x0301, 0x0100, 0x0301, 0x0100, 0x0301, 0x0100, 0x0301, 0x0100, 0x0301, 0x0100, 0x0301,
  0x0100, 0x0301, 0x0100, 0x0301, 0x0100, 0x0301, 0x0100, 0x0301, 0x0100, 0x0301, 0x0100, 0x0201,
  0x0100, 0x0301, 0x0100, 0x0301, 0x0100, 0x0301, 0x0100, 0x0301, 0x0100, 0x0301, 0x0100, 0x0301,
  0x0100, 0x0301, 0x0100, 0x0301, 0x0100, 0x0301, 0x0100, 0x0301, 0x0100, 0x0301, 0x0100, 0x0301,
  0x0100, 0x0301, 0x0100, 0x0301, 0x0100, 0x0301, 0x0100, 0x0301, 0x0100, 0x0301, 0x0100, 0x0301,
  0x0100, 0x0301, 0x0100, 0x0301, 0x0100, 0x0301, 0x0100, 0x0301, 0x0100, 0x0301, 0x0100, 0x0301,
  0x0100, 0x0301, 0x0100, 0x0301, 0x0100, 0x0301, 0x0100, 0x0201, 0x0100, 0x0301, 0x0100, 0x0301,
  0x0100, 0x0301, 0x0100, 0x0301, 0x0100, 0x0301, 0x0100, 0x0301, 0x0100, 0x0301, 0x0100, 0x0301,
  0x0100, 0x0301, 0x0100, 0x0301, 0x0100, 0x0301, 0x0100, 0x0301, 0x0100, 0x0301, 0x0100, 0x0301,
  0x0100, 0x0301, 0x0100, 0x0301, 0x0100, 0x0301, 0x0100, 0x0301, 0x0100, 0x0301, 0x0100, 0x0301,
  0x0100, 0x0301, 0x0100, 0x0301, 0x0100, 0x0301, 0x0100, 0x0301, 0x0100, 0x0301, 0x0100, 0x0301,
  0x0100, 0x0301, 0x0100, 0x0201, 0x0100, 0x0301, 0x0100, 0x0301, 0x0100, 0x0301, 0x0100, 0x0301,
  0x0100, 0x0301, 0x0100, 0x0301, 0x0100, 0x0301, 0x0100, 0x0301, 0x0100, 0x0301, 0x0100, 0x0301,
  0x0100, 0x0301, 0x0100, 0x0301, 0x0100, 0x0301, 0x0100, 0x0301, 0x0100, 0x0301, 0x0100, 0x0301,
  0x0100, 0x0301, 0x0100, 0x0301, 0x0100, 0x0301, 0x0100, 0x0301, 0x0100, 0x0301, 0x0100, 0x0301,
  0x0100, 0x0301, 0x0100, 0x0301, 0x0100, 0x0301, 0x0100, 0x0301, 0x0100, 0x0301, 0x0100, 0x0201,
  0x0100, 0x0301, 0x0100, 0x0301, 0x0100, 0x0301, 0x0100, 0x0301, 0x0100, 0x0301, 0x0100, 0x0301,
  0x0100, 0x0301, 0x0100, 0x0301, 0x0100, 0x0301, 0x0100, 0x0301, 0x0100, 0x0301, 0x0100, 0x0301,
  0x0100, 0x0301, 0x0100, 0x0301, 0x0100, 0x0301, 0x0100, 0x0301, 0x0100, 0x0301, 0x0100, 0x0301,
  0x0100, 0x0301, 0x0100, 0x0301, 0x0100, 0x0301, 0x0100, 0x0301, 0x0100, 0x0301, 0x0100, 0x0301,
  0x0100, 0x0301, 0x0100, 0x0301, 0x0100, 0x0301, 0x0100, 0x0201, 0x0100, 0x0301, 0x0100, 0x0301,
  0x0100, 0x0301, 0x0100, 0x0301, 0x0100, 0x0301, 0x0100, 0x0301, 0x0100, 0x0301, 0x0100, 0x0301,
  0x0100, 0x0301, 0x0100, 0x0301, 0x0100, 0x0301, 0x0100, 0x0301, 0x0100, 0x0301, 0x0100, 0x0301,
  0x0100, 0x0301, 0x0100, 0x0301, 0x0100, 0x0301, 0x0100, 0x0301, 0x0100, 0x0301, 0x0100, 0x0301,
  0x0100, 0x0301, 0x0100, 0x0301, 0x0100, 0x0301, 0x0100, 0x0301, 0x0100, 0x0301, 0x0100, 0x0301,
  0x0100, 0x0301, 0x0100, 0x0201, 0x0100, 0x0301, 0x0100, 0x0301, 0x0100, 0x0301, 0x0100, 0x0301,
  0x0100, 0x0301, 0x0100, 0x0301, 0x0100, 0x0301, 0x0100, 0x0301, 0x0100, 0x0301, 0x0100, 0x0301,
  0x0100, 0x0301, 0x0100, 0x0301, 0x0100, 0x0301, 0x0100, 0x0301, 0x0100, 0x0301, 0x0100, 0x0301,
  0x0100, 0x0301, 0x0100, 0x0301, 0x0100, 0x0301, 0x0100, 0x0301, 0x0100, 0x0301, 0x0100, 0x0301,
  0x0100, 0x0301, 0x0100, 0x0301, 0x0100, 0x0301, 0x0100, 0x0301, 0x0100, 0x0301, 0x0100, 0x0201,
  0x0100, 0x0301, 0x0100, 0x0301, 0x0100, 0x0301, 0x0100, 0x0301, 0x0100, 0x0301, 0x0100, 0x0301,
  0x0100, 0x0301, 0x0100, 0x0301, 0x0100, 0x0301, 0x0100, 0x0301, 0x0100, 0x0301, 0x0100, 0x0301,
  0x0100, 0x0301, 0x0100, 0x0301, 0x0100, 0x0301, 0x0100, 0x0301, 0x0100, 0x0301, 0x0100, 0x0301,
  0x0100, 0x0301, 0x0100, 0x0301, 0x0100, 0x0301, 0x0100, 0x0301, 0x0100, 0x0301, 0x0100, 0x0301,
  0x0100, 0x0301, 0x0100, 0x0301, 0x0100, 0x0301, 0x0100, 0x0201, 0x0100, 0x0301, 0x0100, 0x0301,
  0x0100, 0x0301, 0x0100, 0x0301, 0x0100, 0x0301, 0x0100, 0x0301, 0x0100, 0x0301, 0x0101, 0x0100,
  0x0101, 0x0100, 0x0101, 0x0100, 0x0101, 0x0100, 0x0101, 0x0100, 0x0101, 0x0100, 0x0101, 0x0100,
  0x0101, 0x0100, 0x0101, 0x0100, 0x0101, 0x0100, 0x0101, 0x0100, 0x0101, 0x0100, 0x0101, 0x0100,
  0x0101, 0x0100, 0x0101, 0x0100, 0x0101, 0x0101, 0x0100, 0x0101, 0x0100, 0x0101, 0x0100, 0x0101,
  0x0100, 0x0101, 0x0100, 0x0101, 0x0100, 0x0101, 0x0100, 0x0101, 0x0100, 0x0101, 0x0100, 0x0101,
  0x0100, 0x0101, 0x0100, 0x0101, 0x0100, 0x0101, 0x0100, 0x0101, 0x0100, 0x0101, 0x0100, 0x0101,
  0x0100, 0x0101, 0x0100, 0x0101, 0x0100, 0x0101, 0x0100, 0x0101, 0x0100, 0x0101, 0x0100, 0x0101,
  0x0100, 0x0101, 0x0100, 0x0101, 0x0100, 0x0101, 0x0100, 0x0101, 0x0100, 0x0101, 0x0100, 0x0101,
  0x0100, 0x0101, 0x0100, 0x0101, 0x0100, 0x0101, 0x0100, 0x0101, 0x0100, 0x0101, 0x0100, 0x0101,
  0x0100, 0x0101, 0x0100, 0x0101, 0x0100, 0x0101, 0x0100, 0x0101, 0x0100, 0x0101, 0x0100, 0x0101,
  0x0100, 0x0101, 0x0100, 0x0101, 0x0100, 0x0101, 0x0100, 0x0101, 0x0100, 0x0101, 0x0100, 0x0101,
  0x0100, 0x0101, 0x0100, 0x0101, 0x0100, 0x0101, 0x0100, 0x0101, 0x0100, 0x0101, 0x0100, 0x0101,
  0x0100, 0x0101, 0x0100, 0x0101, 0x0100, 0x0101, 0x0100, 0x0101, 0x0100, 0x0101, 0x0100, 0x0101,
  0x0100, 0x0101, 0x0101, 0x0100, 0x0101, 0x0100, 0x0100, 0x0100, 0x0100, 0x0100, 0x0102, 0x0200,
  0x0102, 0x0200, 0x0102, 0x0200, 0x0102, 0x0200, 0x0102, 0x0200, 0x0100, 0x0100, 0x0100, 0x0100,
  0x0100, 0x0100, 0x0100, 0x0100, 0x0100, 0x0100, 0x0100, 0x0100, 0x0100, 0x0100, 0x0100, 0x0100,
  0x0100, 0x0100, 0x0100, 0x0100, 0x0100, 0x0100, 0x0100, 0x0100, 0x0100, 0x0100, 0x0100, 0x0100,
  0x0100, 0x0100, 0x0100, 0x0100, 0x0100, 0x0100, 0x0100, 0x0100, 0x0100, 0x0100, 0x0100, 0x0100,
  0x0100, 0x0100, 0x0100, 0x0100, 0x0100, 0x0100, 0x0100, 0x0100, 0x0100, 0x0100, 0x0100, 0x0100,
  0x0100, 0x0100, 0x0100, 0x0100, 0x0100, 0x0100, 0x0100, 0x0100, 0x0100, 0x0100, 0x0100, 0x0100,
  0x0100, 0x0100, 0x0100, 0x0100, 0x0100, 0x0100, 0x0100, 0x0100, 0x0100, 0x0100, 0x0100, 0x0100,
  0x0100, 0x0100, 0x0100, 0x0100, 0x0100, 0x0100, 0x0100, 0x0100, 0x0100, 0x0100, 0x0100, 0x0100,
  0x0100, 0x0100, 0x0100, 0x0100, 0x0100, 0x0100, 0x0100, 0x0100, 0x0100, 0x0100, 0x0100, 0x0100,
  0x0100, 0x0100, 0x0100, 0x0100, 0x0100, 0x0100, 0x0100, 0x0100, 0x0100, 0x0100, 0x0100, 0x0100,
  0x0100, 0x0100, 0x0100, 0x0100, 0x0100, 0x0100, 0x0100, 0x0100, 0x0100, 0x0100, 0x0100, 0x0100,
  0x0100, 0x0100, 0x0100, 0x0100, 0x0100, 0x0100, 0x0100, 0x0100, 0x0100, 0x0100, 0x0100, 0x0100,
  0x0100, 0x0100, 0x0100, 0x0100, 0x0100, 0x0100, 0x0100, 0x0100, 0x0100, 0x0100, 0x0100, 0x0100,
  0x0100, 0x0100, 0x0100, 0x0100, 0x0100, 0x0100, 0x0100, 0x0100, 0x0100, 0x0100, 0x0100, 0x0100,
  0x0100, 0x0100, 0x0100, 0x0100, 0x0100, 0x0100, 0x0100, 0x0100, 0x0100, 0x0100, 0x0100, 0x0100,
  0x0100, 0x0100, 0x0100, 0x0100, 0x0100, 0x0100, 0x0100, 0x0100, 0x0100, 0x0201, 0x0100, 0x0201,
  0x0100, 0x0201, 0x0100, 0x0201, 0x0100, 0x0301, 0x0100, 0x0100, 0x0100, 0x0100, 0x0100, 0x0100,
  0x0102, 0x0200, 0x0103, 0x0300, 0x0103, 0x0300, 0x0100, 0x0100, 0x0100, 0x0100, 0x0100, 0x0100,
  0x0100, 0x0100, 0x0100, 0x0100, 0x0100, 0x0100, 0x0100, 0x0100, 0x0100, 0x0100, 0x0100, 0x0100,
  0x0100, 0x0100, 0x0100, 0x0100, 0x0100, 0x0100, 0x0100, 0x0100, 0x0100, 0x0100, 0x0100, 0x0100,
  0x0100, 0x0100, 0x0100, 0x0100, 0x0100, 0x0100, 0x0100, 0x0100, 0x0100, 0x0100, 0x0100, 0x0100,
  0x0100, 0x0100, 0x0100, 0x0100, 0x0100, 0x0100, 0x0100, 0x0100, 0x0100, 0x0100, 0x0100, 0x0100,
  0x0100, 0x0100, 0x0100, 0x0100, 0x0100, 0x0100, 0x0100, 0x0100, 0x0100, 0x0100, 0x0100, 0x0100,
  0x0100, 0x0100, 0x0100, 0x0100, 0x0100, 0x0100, 0x0100, 0x0100, 0x0100, 0x0100, 0x0100, 0x0100,
  0x0100, 0x0100, 0x0100, 0x0100, 0x0100, 0x0100, 0x0100, 0x0100, 0x0100, 0x0100, 0x0100, 0x0100,
  0x0100, 0x0100, 0x0100, 0x0100, 0x0100, 0x0100, 0x0100, 0x0100, 0x0100, 0x0100, 0x0100, 0x0100,
  0x0100, 0x0100, 0x0100, 0x0100, 0x0100, 0x0100, 0x0100, 0x0100, 0x0100, 0x0100, 0x0100, 0x0100,
  0x0100, 0x0100, 0x0100, 0x0100, 0x0100, 0x0100, 0x0100, 0x0100, 0x0100, 0x0100, 0x0100, 0x0100,
  0x0100, 0x0100, 0x0100, 0x0100, 0x0100, 0x0100, 0x0100, 0x0100, 0x0100, 0x0100, 0x0100, 0x0100,
  0x0100, 0x0100, 0x0100, 0x0100, 0x0100, 0x0100, 0x0100, 0x0100, 0x0100, 0x0100, 0x0100, 0x0100,
  0x0100, 0x0100, 0x0100, 0x0100, 0x0100, 0x0100, 0x0100, 0x0100, 0x0100, 0x0100, 0x0100, 0x0100,
  0x0100, 0x0100, 0x0100, 0x0100, 0x0100, 0x0100, 0x0100, 0x0100, 0x0100, 0x0100, 0x0100, 0x0100,
  0x0100, 0x0100, 0x0100, 0x0100, 0x0100, 0x0100, 0x0100, 0x0100, 0x0100, 0x0100, 0x0100, 0x0100,
  0x0100, 0x0100, 0x0100, 0x0100, 0x0100, 0x0100, 0x0100, 0x0100, 0x0100, 0x0100, 0x0100, 0x0100,
  0x0100, 0x0100, 0x0100, 0x0100, 0x0100, 0x0100, 0x0100, 0x0100, 0x0100, 0x0100, 0x0100, 0x0100,
  0x0100, 0x0100, 0x0100, 0x0100, 0x0100, 0x0100, 0x0100, 0x0100, 0x0100, 0x0100, 0x0100, 0x0100,
  0x0100, 0x0100, 0x0101, 0x0100, 0x0101, 0x0100, 0x0101, 0x0100, 0x0101, 0x0100, 0x0101, 0x0100,
  0x0101, 0x0100, 0x0101, 0x0100, 0x0101, 0x0100, 0x0101, 0x0100, 0x0101, 0x0100, 0x0101, 0x0100,
  0x0101, 0x0100, 0x0101, 0x0100, 0x0101, 0x0100, 0x0101, 0x0100, 0x0101, 0x0100, 0x0101, 0x0100,
  0x0101, 0x0100, 0x0101, 0x0100, 0x0101, 0x0100, 0x0101, 0x0100, 0x0101, 0x0100, 0x0101, 0x0100,
  0x0101, 0x0100, 0x0101, 0x0100, 0x0101, 0x0100, 0x0101, 0x0100, 0x0101, 0x0100, 0x0101, 0x0100,
  0x0101, 0x0100, 0x0101, 0x0100, 0x0101, 0x0100, 0x0101, 0x0100, 0x0101, 0x0100, 0x0101, 0x0100,
  0x0101, 0x0100, 0x0101, 0x0100, 0x0101, 0x0100, 0x0101, 0x0100, 0x0101, 0x0100, 0x0101, 0x0100,
  0x0101, 0x0100, 0x0101, 0x0100, 0x0101, 0x0100, 0x0101, 0x0100, 0x0101, 0x0100, 0x0101, 0x0100,
  0x0101, 0x0100, 0x0101, 0x0100, 0x0101, 0x0100, 0x0101, 0x0100, 0x0101, 0x0100, 0x0101, 0x0100,
  0x0101, 0x0100, 0x0101, 0x0100, 0x0101, 0x0100, 0x0101, 0x0100, 0x0101, 0x0100, 0x0101, 0x0100,
  0x0101, 0x0100, 0x0101, 0x0100, 0x0101, 0x0100, 0x0101, 0x0100, 0x0101, 0x0100, 0x0101, 0x0100,
  0x0101, 0x0100, 0x0101, 0x0100, 0x0101, 0x0100, 0x0101, 0x0100, 0x0101, 0x0100, 0x0101, 0x0100,
  0x0101, 0x0100, 0x0101, 0x0100, 0x0101, 0x0100, 0x0101, 0x0100, 0x0101, 0x0100, 0x0101, 0x0100,
  0x0101, 0x0100, 0x0101, 0x0100, 0x0101, 0x0100, 0x0101, 0x0100, 0x0101, 0x0100, 0x0101, 0x0100,
  0x0101, 0x0100, 0x0101, 0x0100, 0x0101, 0x0100, 0x0101, 0x0100, 0x0101, 0x0100, 0x0101, 0x0100,
  0x0101, 0x0100, 0x0605, 0x0500, 0x0605, 0x0605, 0x0605, 0x0500, 0x0605, 0x0605, 0x0500, 0x0605,
  0x0605, 0x0500, 0x0605, 0x0604, 0x0400, 0x0604, 0x0605, 0x0500, 0x0605, 0x0605, 0x0500, 0x0605,
  0x0605, 0x0500, 0x0605, 0x0605, 0x0500, 0x0605, 0x0605, 0x0500, 0x0605, 0x0606, 0x0600, 0x0605,
  0x0500, 0x0605, 0x0604, 0x0400, 0x0604, 0x0605, 0x0500, 0x0605, 0x0605, 0x0500, 0x0605, 0x0605,
  0x0500, 0x0605, 0x0605, 0x0500, 0x0605, 0x0605, 0x0500, 0x0605, 0x0605, 0x0500, 0x0605, 0x0605,
  0x0500, 0x0605, 0x0605, 0x0500, 0x0605, 0x0605, 0x0500, 0x0605, 0x0606, 0x0600, 0x0605, 0x0500,
  0x0605, 0x0605, 0x0500, 0x0605, 0x0605, 0x0500, 0x0605, 0x0606, 0x0600, 0x0605, 0x0500, 0x0605,
  0x0606, 0x0600, 0x0605, 0x0500, 0x0605, 0x0605, 0x0500, 0x0605, 0x0605, 0x0500, 0x0605, 0x0606,
  0x0600, 0x0605, 0x0500, 0x0605, 0x0605, 0x0500, 0x0605, 0x0605, 0x0500, 0x0605, 0x0606, 0x0600,
  0x0605, 0x0500, 0x0605, 0x0606, 0x0600, 0x0605, 0x0500, 0x0605, 0x0606, 0x0600, 0x0605, 0x0500,
  0x0605, 0x0605, 0x0606, 0x0600, 0x0606, 0x0606, 0x0600, 0x0606, 0x0600, 0x0606, 0x0600, 0x0606,
  0x0600, 0x0606, 0x0600, 0x0606, 0x0600, 0x0605, 0x0500, 0x0605, 0x0605, 0x0500, 0x0605, 0x0606,
  0x0600, 0x0606, 0x0606, 0x0600, 0x0606, 0x0600, 0x0606, 0x0600, 0x0606, 0x0600, 0x0606, 0x0600,
  0x0606, 0x0600, 0x0606, 0x0600, 0x0606, 0x0600, 0x0606, 0x0600, 0x0606, 0x0600, 0x0606, 0x0600,
  0x0606, 0x0606, 0x0600, 0x0606, 0x0600, 0x0606, 0x0600, 0x0605, 0x0500, 0x0605, 0x0606, 0x0600,
  0x0606, 0x0600, 0x0606, 0x0600, 0x0605, 0x0500, 0x0605, 0x0606, 0x0600, 0x0606, 0x0600, 0x0606,
  0x0600, 0x0606, 0x0600, 0x0606, 0x0600, 0x0605, 0x0500, 0x0605, 0x0606, 0x0600, 0x0606, 0x0600,
  0x0606, 0x0600, 0x0606, 0x0600, 0x0606, 0x0600, 0x0606, 0x0600, 0x0606, 0x0600, 0x0606, 0x0600,
  0x0606, 0x0600, 0x0606, 0x0600, 0x0606, 0x0600, 0x0606, 0x0600, 0x0606, 0x0600, 0x0606, 0x0600,
  0x0606, 0x0600, 0x0606, 0x0600, 0x0606, 0x0600, 0x0606, 0x0600, 0x0606, 0x0600, 0x0606, 0x0600,
  0x0606, 0x0600, 0x0606, 0x0600, 0x0505, 0x0500, 0x0505, 0x0505, 0x0500, 0x0505, 0x0500, 0x0505,
  0x0500, 0x0505, 0x0500, 0x0505, 0x0500, 0x0505, 0x0500, 0x0505, 0x0500, 0x0505, 0x0500, 0x0606,
  0x0600, 0x0606, 0x0600, 0x0606, 0x0600, 0x0606, 0x0600, 0x0606, 0x0600, 0x0606, 0x0600, 0x0606,
  0x0600, 0x0606, 0x0600, 0x0605, 0x0500, 0x0605, 0x0606, 0x0600, 0x0605, 0x0500, 0x0605, 0x0606,
  0x0600, 0x0605, 0x0500, 0x0605, 0x0606, 0x0600, 0x0605, 0x0605, 0x0605, 0x0605, 0x0605, 0x0500,
  0x0605, 0x0606, 0x0600, 0x0605, 0x0606, 0x0606, 0x0600, 0x0706, 0x0606, 0x0600, 0x0706, 0x0505,
  0x0500, 0x0505, 0x0605, 0x0500, 0x0605, 0x0606, 0x0600, 0x0606, 0x0600, 0x0606, 0x0600, 0x0606,
  0x0600, 0x0606, 0x0600, 0x0606, 0x0600, 0x0606, 0x0600, 0x0605, 0x0500, 0x0605, 0x0606, 0x0600,
  0x0605, 0x0500, 0x0605, 0x0606, 0x0600, 0x0605, 0x0500, 0x0605, 0x0606, 0x0600, 0x0606, 0x0600,
  0x0606, 0x0600, 0x0606, 0x0600, 0x0606, 0x0600, 0x0605, 0x0500, 0x0605, 0x0606, 0x0600, 0x0605,
  0x0500, 0x0605, 0x0606, 0x0600, 0x0605, 0x0500, 0x0605, 0x0606, 0x0600, 0x0606, 0x0600, 0x0606,
  0x0600, 0x0606, 0x0600, 0x0606, 0x0600, 0x0606, 0x0600, 0x0606, 0x0600, 0x0606, 0x0600, 0x0606,
  0x0600, 0x0605, 0x0500, 0x0605, 0x0606, 0x0600, 0x0605, 0x0500, 0x0605, 0x0605, 0x0500, 0x0605,
  0x0606, 0x0600, 0x0606, 0x0600, 0x0606, 0x0600, 0x0606, 0x0600, 0x0605, 0x0500, 0x0605, 0x0606,
  0x0600, 0x0606, 0x0600, 0x0606, 0x0606, 0x0600, 0x0606, 0x0606, 0x0600, 0x0606, 0x0600, 0x0606,
  0x0600, 0x0606, 0x0600, 0x0606, 0x0600, 0x0606, 0x0600, 0x0606, 0x0600, 0x0606, 0x0600, 0x0606,
  0x0600, 0x0606, 0x0600, 0x0605, 0x0500, 0x0605, 0x0606, 0x0600, 0x0605, 0x0500, 0x0605, 0x0606,
  0x0600, 0x0605, 0x0500, 0x0605, 0x0606, 0x0600, 0x0605, 0x0500, 0x0605, 0x0606, 0x0600, 0x0605,
  0x0500, 0x0605, 0x0606, 0x0600, 0x0605, 0x0500, 0x0605, 0x0606, 0x0600, 0x0605, 0x0500, 0x0605,
  0x0606, 0x0600, 0x0605, 0x0500, 0x0605, 0x0606, 0x0600, 0x0605, 0x0500, 0x0605, 0x0606, 0x0600,
  0x0605, 0x0500, 0x0605, 0x0606, 0x0600, 0x0605, 0x0500, 0x0605, 0x0606, 0x0600, 0x0605, 0x0500,
  0x0605, 0x0606, 0x0600, 0x0605, 0x0500, 0x0605, 0x0606, 0x0600, 0x0605, 0x0500, 0x0605, 0x0606,
  0x0600, 0x0605, 0x0500, 0x0605, 0x0606, 0x0600, 0x0605, 0x0500, 0x0605, 0x0606, 0x0600, 0x0605,
  0x0500, 0x0605, 0x0606, 0x0600, 0x0605, 0x0500, 0x0605, 0x0606, 0x0600, 0x0606, 0x0600, 0x0606,
  0x0600, 0x0605, 0x0500, 0x0605, 0x0606, 0x0600, 0x0605, 0x0500, 0x0605, 0x0606, 0x0600, 0x0605,
  0x0500, 0x0605, 0x0606, 0x0600, 0x0605, 0x0500, 0x0605, 0x0606, 0x0600, 0x0606, 0x0600, 0x0606,
  0x0600, 0x0605, 0x0500, 0x0605, 0x0606, 0x0600, 0x0605, 0x0500, 0x0605, 0x0606, 0x0600, 0x0605,
  0x0500, 0x0605, 0x0606, 0x0600, 0x0606, 0x0600, 0x0606, 0x0606, 0x0600, 0x0606, 0x0600, 0x0605,
  0x0500, 0x0605, 0x0606, 0x0600, 0x0605, 0x0500, 0x0605, 0x0606, 0x0600, 0x0605, 0x0500, 0x0605,
  0x0606, 0x0600, 0x0605, 0x0500, 0x0605, 0x0606, 0x0600, 0x0605, 0x0500, 0x0605, 0x0606, 0x0600,
  0x0605, 0x0500, 0x0605, 0x0606, 0x0600, 0x0606, 0x0600, 0x0606, 0x0600, 0x0606, 0x0600, 0x0606,
  0x0600, 0x0606, 0x0600, 0x0606, 0x0600, 0x0606, 0x0600, 0x0606, 0x0600, 0x0606, 0x0600, 0x0606,
  0x0600, 0x0606, 0x0600, 0x0606, 0x0600, 0x0605, 0x0500, 0x0605, 0x0606, 0x0600, 0x0605, 0x0500,
  0x0605, 0x0606, 0x0600, 0x0606, 0x0600, 0x0606, 0x0600, 0x0605, 0x0500, 0x0605, 0x0606, 0x0600,
  0x0605, 0x0500, 0x0605, 0x0606, 0x0600, 0x0606, 0x0600, 0x0606, 0x0600, 0x0605, 0x0500, 0x0605,
  0x0605, 0x0605, 0x0500, 0x0605, 0x0606, 0x0600, 0x0606, 0x0600, 0x0606, 0x0606, 0x0600, 0x0606,
  0x0606, 0x0600, 0x0606, 0x0606, 0x0600, 0x0606, 0x0606, 0x0600, 0x0606, 0x0606, 0x0600, 0x0606,
  0x0606, 0x0600, 0x0606, 0x0606, 0x0600, 0x0606, 0x0606, 0x0600, 0x0606, 0x0606, 0x0600, 0x0606,
  0x0606, 0x0600, 0x0606, 0x0600, 0x0606, 0x0600, 0x0606, 0x0606, 0x0600, 0x0606, 0x0606, 0x0600,
  0x0606, 0x0606, 0x0600, 0x0606, 0x0606, 0x0600, 0x0606, 0x0606, 0x0600, 0x0606, 0x0605, 0x0500,
  0x0605, 0x0606, 0x0600, 0x0606, 0x0600, 0x0606, 0x0600, 0x0606, 0x0600, 0x0606, 0x0600, 0x0605,
  0x0500, 0x0605, 0x0606, 0x0600, 0x0605, 0x0500, 0x0605, 0x0606, 0x0600, 0x0605, 0x0500, 0x0605,
  0x0606, 0x0600, 0x0605, 0x0500, 0x0605, 0x0606, 0x0600, 0x0605, 0x0500, 0x0605, 0x0606, 0x0600,
  0x0605, 0x0500, 0x0605, 0x0606, 0x0600, 0x0605, 0x0500, 0x0605, 0x0606, 0x0600, 0x0605, 0x0500,
  0x0605, 0x0606, 0x0600, 0x0606, 0x0600, 0x0606, 0x0606, 0x0600, 0x0606, 0x0606, 0x0600, 0x0606,
  0x0606, 0x0600, 0x0606, 0x0606, 0x0600, 0x0606, 0x0606, 0x0600, 0x0606, 0x0606, 0x0600, 0x0606,
  0x0600, 0x0606, 0x0600, 0x0606, 0x0600, 0x0606, 0x0600, 0x0606, 0x0600, 0x0606, 0x0600, 0x0606,
  0x0606, 0x0600, 0x0606, 0x0605, 0x0500, 0x0605, 0x0606, 0x0600, 0x0605, 0x0500, 0x0605, 0x0606,
  0x0600, 0x0606, 0x0600, 0x0606, 0x0600, 0x0606, 0x0600, 0x0606, 0x0600, 0x0605, 0x0500, 0x0605,
  0x0606, 0x0600, 0x0605, 0x0500, 0x0605, 0x0606, 0x0600, 0x0605, 0x0500, 0x0605, 0x0606, 0x0600,
  0x0605, 0x0500, 0x0605, 0x0606, 0x0600, 0x0605, 0x0500, 0x0605, 0x0606, 0x0600, 0x0606, 0x0600,
  0x0606, 0x0600, 0x0605, 0x0500, 0x0605, 0x0606, 0x0600, 0x0605, 0x0500, 0x0605, 0x0606, 0x0600,
  0x0606, 0x0600, 0x0606, 0x0600, 0x0606, 0x0600, 0x0606, 0x0605, 0x0500, 0x0605, 0x0606, 0x0600,
  0x0605, 0x0500, 0x0605, 0x0606, 0x0600, 0x0605, 0x0500, 0x0605, 0x0606, 0x0600, 0x0605, 0x0500,
  0x0605, 0x0606, 0x0600, 0x0605, 0x0500, 0x0605, 0x0606, 0x0600, 0x0605, 0x0500, 0x0605, 0x0606,
  0x0600, 0x0605, 0x0500, 0x0605, 0x0606, 0x0600, 0x0605, 0x0500, 0x0605, 0x0606, 0x0600, 0x0605,
  0x0500, 0x0605, 0x0606, 0x0600, 0x0605, 0x0500, 0x0605, 0x0606, 0x0600, 0x0605, 0x0500, 0x0605,
  0x0606, 0x0600, 0x0606, 0x0600, 0x0606, 0x0600, 0x0605, 0x0500, 0x0605, 0x0606, 0x0600, 0x0605,
  0x0500, 0x0605, 0x0606, 0x0600, 0x0605, 0x0500, 0x0605, 0x0606, 0x0600, 0x0606, 0x0600, 0x0606,
  0x0600, 0x0605, 0x0500, 0x0605, 0x0606, 0x0600, 0x0605, 0x0500, 0x0605, 0x0606, 0x0600, 0x0606,
  0x0600, 0x0606, 0x0600, 0x0606, 0x0600, 0x0606, 0x0605, 0x0500, 0x0605, 0x0606, 0x0600, 0x0606,
  0x0600, 0x0606, 0x0600, 0x0605, 0x0500, 0x0605, 0x0606, 0x0600, 0x0605, 0x0500, 0x0605, 0x0606,
  0x0600, 0x0606, 0x0600, 0x0606, 0x0600, 0x0605, 0x0500, 0x0605, 0x0606, 0x0600, 0x0605, 0x0500,
  0x0605, 0x0606, 0x0600, 0x0606, 0x0600, 0x0606, 0x0600, 0x0606, 0x0600, 0x0606, 0x0600, 0x0606,
  0x0600, 0x0606, 0x0600, 0x0605, 0x0500, 0x0605, 0x0606, 0x0600, 0x0606, 0x0600, 0x0606, 0x0600,
  0x0606, 0x0600, 0x0606, 0x0600, 0x0605, 0x0500, 0x0605, 0x0606, 0x0600, 0x0606, 0x0600, 0x0606,
  0x0600, 0x0605, 0x0500, 0x0605, 0x0606, 0x0600, 0x0605, 0x0500, 0x0605, 0x0606, 0x0600, 0x0605,
  0x0500, 0x0605, 0x0606, 0x0600, 0x0606, 0x0600, 0x0606, 0x0600, 0x0605, 0x0500, 0x0605, 0x0606,
  0x0600, 0x0606, 0x0600, 0x0606, 0x0600, 0x0605, 0x0500, 0x0605, 0x0606, 0x0600, 0x0606, 0x0600,
  0x0606, 0x0600, 0x0605, 0x0500, 0x0605, 0x0606, 0x0600, 0x0606, 0x0600, 0x0606, 0x0600, 0x0605,
  0x0500, 0x0605, 0x0606, 0x0600, 0x0605, 0x0500, 0x0605, 0x0606, 0x0600, 0x0605, 0x0500, 0x0605,
  0x0606, 0x0600, 0x0605, 0x0500, 0x0605, 0x0606, 0x0600, 0x0605, 0x0500, 0x0605, 0x0606, 0x0600,
  0x0605, 0x0500, 0x0605, 0x0606, 0x0600, 0x0605, 0x0500, 0x0605, 0x0606, 0x0600, 0x0605, 0x0500,
  0x0605, 0x0606, 0x0600, 0x0605, 0x0500, 0x0605, 0x0606, 0x0600, 0x0606, 0x0600, 0x0606, 0x0600,
  0x0605, 0x0500, 0x0605, 0x0606, 0x0600, 0x0606, 0x0600, 0x0606, 0x0600, 0x0605, 0x0500, 0x0605,
  0x0606, 0x0600, 0x0605, 0x0500, 0x0605, 0x0606, 0x0600, 0x0605, 0x0500, 0x0605, 0x0606, 0x0600,
  0x0605, 0x0500, 0x0605, 0x0606, 0x0600, 0x0605, 0x0500, 0x0605, 0x0606, 0x0600, 0x0605, 0x0500,
  0x0605, 0x0606, 0x0600, 0x0605, 0x0500, 0x0605, 0x0606, 0x0600, 0x0605, 0x0500, 0x0605, 0x0606,
  0x0600, 0x0605, 0x0500, 0x0605, 0x0606, 0x0600, 0x0605, 0x0500, 0x0605, 0x0606, 0x0600, 0x0605,
  0x0500, 0x0605, 0x0606, 0x0600, 0x0605, 0x0500, 0x0605, 0x0606, 0x0600, 0x0605, 0x0500, 0x0605,
  0x0606, 0x0600, 0x0605, 0x0500, 0x0605, 0x0606, 0x0600, 0x0605, 0x0500, 0x0605, 0x0606, 0x0600,
  0x0605, 0x0500, 0x0605, 0x0606, 0x0600, 0x0605, 0x0500, 0x0605, 0x0606, 0x0600, 0x0605, 0x0500,
  0x0605, 0x0606, 0x0600, 0x0605, 0x0500, 0x0605, 0x0606, 0x0600, 0x0605, 0x0500, 0x0605, 0x0606,
  0x0600, 0x0605, 0x0500, 0x0605, 0x0606, 0x0600, 0x0606, 0x0600, 0x0606, 0x0600, 0x0606, 0x0600,
  0x0606, 0x0600, 0x0606, 0x0600, 0x0606, 0x0600, 0x0605, 0x0500, 0x0605, 0x0606, 0x0600, 0x0605,
  0x0500, 0x0605, 0x0606, 0x0600, 0x0606, 0x0600, 0x0606, 0x0600, 0x0606, 0x0600, 0x0606, 0x0600,
  0x0606, 0x0600, 0x0606, 0x0600, 0x0605, 0x0500, 0x0605, 0x0606, 0x0600, 0x0605, 0x0500, 0x0605,
  0x0606, 0x0600, 0x0605, 0x0500, 0x0605, 0x0606, 0x0600, 0x0605, 0x0500, 0x0605, 0x0606, 0x0600,
  0x0605, 0x0500, 0x0605, 0x0606, 0x0600, 0x0605, 0x0500, 0x0605, 0x0606, 0x0600, 0x0605, 0x0500,
  0x0605, 0x0606, 0x0600, 0x0605, 0x0500, 0x0605, 0x0606, 0x0600, 0x0605, 0x0500, 0x0605, 0x0606,
  0x0600, 0x0606, 0x0600, 0x0606, 0x0600, 0x0606, 0x0600, 0x0606, 0x0600, 0x0606, 0x0600, 0x0606,
  0x0600, 0x0606, 0x0600, 0x0606, 0x0600, 0x0606, 0x0600, 0x0606, 0x0600, 0x0605, 0x0500, 0x0605,
  0x0606, 0x0600, 0x0605, 0x0500, 0x0605, 0x0606, 0x0600, 0x0605, 0x0500, 0x0605, 0x0606, 0x0600,
  0x0605, 0x0500, 0x0605, 0x0606, 0x0600, 0x0605, 0x0500, 0x0605, 0x0606, 0x0600, 0x0605, 0x0500,
  0x0605, 0x0606, 0x0600, 0x0605, 0x0500, 0x0605, 0x0606, 0x0600, 0x0605, 0x0500, 0x0605, 0x0606,
  0x0600, 0x0605, 0x0500, 0x0605, 0x0606, 0x0600, 0x0605, 0x0500, 0x0605, 0x0606, 0x0600, 0x0605,
  0x0500, 0x0605, 0x0606, 0x0600, 0x0605, 0x0500, 0x0605, 0x0606, 0x0600, 0x0605, 0x0500, 0x0605,
  0x0606, 0x0600, 0x0605, 0x0500, 0x0605, 0x0606, 0x0600, 0x0606, 0x0600, 0x0606, 0x0600, 0x0605,
  0x0500, 0x0605, 0x0606, 0x0600, 0x0605, 0x0500, 0x0605, 0x0606, 0x0600, 0x0606, 0x0600, 0x0606,
  0x0600, 0x0605, 0x0500, 0x0605, 0x0606, 0x0600, 0x0605, 0x0500, 0x0605, 0x0606, 0x0600, 0x0606,
  0x0600, 0x0606, 0x0600, 0x0605, 0x0500, 0x0605, 0x0606, 0x0600, 0x0605, 0x0500, 0x0605, 0x0606,
  0x0600, 0x0605, 0x0500, 0x0605, 0x0606, 0x0600, 0x0606, 0x0600, 0x0606, 0x0600, 0x0606, 0x0600,
  0x0606, 0x0600, 0x0606, 0x0600, 0x0606, 0x0600, 0x0606, 0x0600, 0x0606, 0x0600, 0x0606, 0x0600,
  0x0606, 0x0600, 0x0606, 0x0600, 0x0606, 0x0600, 0x0605, 0x0500, 0x0605, 0x0606, 0x0600, 0x0605,
  0x0500, 0x0605, 0x0606, 0x0600, 0x0605, 0x0500, 0x0605, 0x0606, 0x0600, 0x0606, 0x0600, 0x0606,
  0x0600, 0x0605, 0x0500, 0x0605, 0x0606, 0x0600, 0x0605, 0x0500, 0x0605, 0x0606, 0x0600, 0x0606,
  0x0600, 0x0606, 0x0600, 0x0606, 0x0600, 0x0606, 0x0600, 0x0605, 0x0500, 0x0605, 0x0606, 0x0600,
  0x0605, 0x0500, 0x0605, 0x0606, 0x0600, 0x0605, 0x0500, 0x0605, 0x0606, 0x0600, 0x0605, 0x0500,
  0x0605, 0x0606, 0x0600, 0x0605, 0x0500, 0x0605, 0x0606, 0x0600, 0x0606, 0x0600, 0x0606, 0x0606,
  0x0600, 0x0606, 0x0605, 0x0500, 0x0605, 0x0606, 0x0600, 0x0606, 0x0600, 0x0606, 0x0600, 0x0605,
  0x0500, 0x0605, 0x0606, 0x0600, 0x0605, 0x0500, 0x0605, 0x0606, 0x0600, 0x0606, 0x0600, 0x0606,
  0x0600, 0x0606, 0x0600, 0x0606, 0x0600, 0x0605, 0x0500, 0x0605, 0x0606, 0x0600, 0x0606, 0x0600,
  0x0606, 0x0600, 0x0606, 0x0600, 0x0606, 0x0600, 0x0606, 0x0600, 0x0606, 0x0600, 0x0606, 0x0600,
  0x0606, 0x0600, 0x0606, 0x0600, 0x0606, 0x0600, 0x0606, 0x0600, 0x0606, 0x0600, 0x0606, 0x0600,
  0x0606, 0x0600, 0x0606, 0x0600, 0x0606, 0x0600, 0x0606, 0x0600, 0x0606, 0x0600, 0x0606, 0x0600,
  0x0606, 0x0606, 0x0600, 0x0606, 0x0606, 0x0600, 0x0606, 0x0600, 0x0606, 0x0600, 0x0606, 0x0600,
  0x0606, 0x0600, 0x0606, 0x0600, 0x0606, 0x0600, 0x0606, 0x0600, 0x0606, 0x0600, 0x0606, 0x0600,
  0x0606, 0x0600, 0x0606, 0x0600, 0x0606, 0x0600, 0x0606, 0x0606, 0x0600, 0x0606, 0x0600, 0x0606,
  0x0600, 0x0606, 0x0600, 0x0606, 0x0600, 0x0606, 0x0606, 0x0600, 0x0606, 0x0600, 0x0606, 0x0600,
  0x0606, 0x0600, 0x0606, 0x0600, 0x0606, 0x0600, 0x0606, 0x0600, 0x0606, 0x0606, 0x0600, 0x0606,
  0x0600, 0x0606, 0x0600, 0x0606, 0x0600, 0x0606, 0x0600, 0x0606, 0x0606, 0x0600, 0x0606, 0x0600,
  0x0606, 0x0600, 0x0606, 0x0600, 0x0606, 0x0600, 0x0606, 0x0600, 0x0606, 0x0600, 0x0606, 0x0600,
  0x0606, 0x0600, 0x0606, 0x0600, 0x0606, 0x0600, 0x0606, 0x0600, 0x0606, 0x0600, 0x0606, 0x0600,
  0x0606, 0x0600, 0x0606, 0x0600, 0x0606, 0x0600, 0x0606, 0x0606, 0x0600, 0x0606, 0x0606, 0x0600,
  0x0606, 0x0606, 0x0600, 0x0606, 0x0600, 0x0606, 0x0600, 0x0606, 0x0600, 0x0606, 0x0600, 0x0606,
  0x0600, 0x0606, 0x0600, 0x0606, 0x0600, 0x0606, 0x0600, 0x0606, 0x0600, 0x0605, 0x0500, 0x0605,
  0x0606, 0x0600, 0x0605, 0x0500, 0x0605, 0x0606, 0x0600, 0x0606, 0x0600, 0x0606, 0x0600, 0x0605,
  0x0500, 0x0605, 0x0606, 0x0600, 0x0605, 0x0500, 0x0605, 0x0606, 0x0600, 0x0606, 0x0600, 0x0606,
  0x0600, 0x0606, 0x0600, 0x0606, 0x0600, 0x0606, 0x0600, 0x0606, 0x0600, 0x0606, 0x0600, 0x0606,
  0x0600, 0x0606, 0x0600, 0x0606, 0x0600, 0x0605, 0x0500, 0x0605, 0x0606, 0x0600, 0x0605, 0x0500,
  0x0605, 0x0606, 0x0600, 0x0605, 0x0500, 0x0605, 0x0606, 0x0600, 0x0606, 0x0600, 0x0606, 0x0600,
  0x0606, 0x0600, 0x0606, 0x0600, 0x0606, 0x0600, 0x0606, 0x0600, 0x0606, 0x0600, 0x0606, 0x0600,
  0x0605, 0x0500, 0x0605, 0x0606, 0x0600, 0x0605, 0x0500, 0x0605, 0x0605, 0x0500, 0x0605, 0x0606,
  0x0600, 0x0606, 0x0600, 0x0605, 0x0500, 0x0605, 0x0606, 0x0600, 0x0606, 0x0600, 0x0606, 0x0600,
  0x0605, 0x0500, 0x0605, 0x0606, 0x0600, 0x0606, 0x0600, 0x0606, 0x0600, 0x0606, 0x0600, 0x0606,
  0x0600, 0x0605, 0x0500, 0x0605, 0x0606, 0x0600, 0x0605, 0x0500, 0x0605, 0x0606, 0x0600, 0x0605,
  0x0500, 0x0605, 0x0606, 0x0600, 0x0605, 0x0500, 0x0605, 0x0606, 0x0600, 0x0605, 0x0500, 0x0605,
  0x0606, 0x0600, 0x0605, 0x0500, 0x0605, 0x0606, 0x0600, 0x0605, 0x0500, 0x0605, 0x0606, 0x0600,
  0x0605, 0x0500, 0x0605, 0x0606, 0x0600, 0x0606, 0x0600, 0x0606, 0x0600, 0x0605, 0x0500, 0x0605,
  0x0606, 0x0600, 0x0605, 0x0500, 0x0605, 0x0606, 0x0600, 0x0605, 0x0500, 0x0605, 0x0606, 0x0600,
  0x0605, 0x0500, 0x0605, 0x0606, 0x0600, 0x0605, 0x0500, 0x0605, 0x0606, 0x0600, 0x0606, 0x0600,
  0x0606, 0x0600, 0x0606, 0x0600, 0x0606, 0x0600, 0x0606, 0x0600, 0x0606, 0x0600, 0x0606, 0x0600,
  0x0606, 0x0600, 0x0606, 0x0600, 0x0606, 0x0600, 0x0606, 0x0600, 0x0606, 0x0600, 0x0605, 0x0500,
  0x0605, 0x0606, 0x0600, 0x0605, 0x0500, 0x0605, 0x0606, 0x0600, 0x0606, 0x0600, 0x0606, 0x0600,
  0x0606, 0x0600, 0x0606, 0x0600, 0x0606, 0x0600, 0x0606, 0x0600, 0x0605, 0x0500, 0x0605, 0x0606,
  0x0600, 0x0605, 0x0500, 0x0605, 0x0606, 0x0600, 0x0606, 0x0600, 0x0606, 0x0600, 0x0606, 0x0600,
  0x0606, 0x0600, 0x0605, 0x0500, 0x0605, 0x0606, 0x0600, 0x0605, 0x0500, 0x0605, 0x0606, 0x0600,
  0x0605, 0x0500, 0x0605, 0x0606, 0x0600, 0x0605, 0x0500, 0x0605, 0x0606, 0x0600, 0x0605, 0x0500,
  0x0605, 0x0606, 0x0600, 0x0606, 0x0600, 0x0606, 0x0600, 0x0605, 0x0500, 0x0605, 0x0606, 0x0600,
  0x0605, 0x0500, 0x0605, 0x0606, 0x0600, 0x0605, 0x0500, 0x0605, 0x0606, 0x0600, 0x0605, 0x0500,
  0x0605, 0x0606, 0x0600, 0x0606, 0x0600, 0x0606, 0x0600, 0x0606, 0x0600, 0x0606, 0x0600, 0x0605,
  0x0500, 0x0605, 0x0606, 0x0600, 0x0606, 0x0600, 0x0606, 0x0600, 0x0605, 0x0500, 0x0605, 0x0606,
  0x0600, 0x0605, 0x0500, 0x0605, 0x0606, 0x0600, 0x0605, 0x0500, 0x0605, 0x0606, 0x0600, 0x0605,
  0x0500, 0x0605, 0x0606, 0x0600, 0x0605, 0x0500, 0x0605, 0x0606, 0x0600, 0x0605, 0x0500, 0x0605,
  0x0606, 0x0600, 0x0605, 0x0500, 0x0605, 0x0606, 0x0600, 0x0606, 0x0600, 0x0606, 0x0600, 0x0606,
  0x0600, 0x0606, 0x0600, 0x0606, 0x0600, 0x0606, 0x0600, 0x0606, 0x0600, 0x0606, 0x0600, 0x0606,
  0x0600, 0x0606, 0x0600, 0x0606, 0x0600, 0x0606, 0x0600, 0x0605, 0x0500, 0x0605, 0x0606, 0x0600,
  0x0605, 0x0500, 0x0605, 0x0606, 0x0600, 0x0605, 0x0500, 0x0605, 0x0606, 0x0600, 0x0505, 0x0500,
  0x0505, 0x0500, 0x0606, 0x0600, 0x0606, 0x0600, 0x0606, 0x0600, 0x0606, 0x0600, 0x0606, 0x0600,
  0x0606, 0x0600, 0x0606, 0x0600, 0x0606, 0x0600, 0x0606, 0x0600, 0x0606, 0x0600, 0x0605, 0x0500,
  0x0605, 0x0606, 0x0600, 0x0605, 0x0500, 0x0605, 0x0606, 0x0600, 0x0606, 0x0600, 0x0606, 0x0600,
  0x0606, 0x0600, 0x0606, 0x0600, 0x0606, 0x0600, 0x0606, 0x0600, 0x0606, 0x0600, 0x0606, 0x0600,
  0x0605, 0x0500, 0x0605, 0x0606, 0x0600, 0x0505, 0x0500, 0x0505, 0x0500, 0x0505, 0x0500, 0x0505,
  0x0500, 0x0505, 0x0500, 0x0505, 0x0500, 0x0505, 0x0500, 0x0505, 0x0500, 0x0505, 0x0500, 0x0505,
  0x0500, 0x0505, 0x0500, 0x0505, 0x0500, 0x0505, 0x0500, 0x0505, 0x0500, 0x0606, 0x0600, 0x0606,
  0x0600, 0x0605, 0x0500, 0x0605, 0x0606, 0x0600, 0x0605, 0x0500, 0x0605, 0x0606, 0x0600, 0x0605,
  0x0500, 0x0605, 0x0606, 0x0600, 0x0605, 0x0500, 0x0605, 0x0606, 0x0600, 0x0605, 0x0500, 0x0605,
  0x0606, 0x0600, 0x0606, 0x0600, 0x0606, 0x0600, 0x0605, 0x0500, 0x0605, 0x0606, 0x0600, 0x0605,
  0x0500, 0x0605, 0x0606, 0x0600, 0x0605, 0x0500, 0x0605, 0x0606, 0x0600, 0x0605, 0x0500, 0x0605,
  0x0606, 0x0600, 0x0605, 0x0500, 0x0605, 0x0606, 0x0600, 0x0605, 0x0500, 0x0605, 0x0606, 0x0600,
  0x0605, 0x0500, 0x0605, 0x0606, 0x0600, 0x0606, 0x0600, 0x0606, 0x0600, 0x0605, 0x0500, 0x0605,
  0x0606, 0x0600, 0x0605, 0x0500, 0x0605, 0x0606, 0x0600, 0x0606, 0x0600, 0x0606, 0x0600, 0x0606,
  0x0600, 0x0606, 0x0606, 0x0600, 0x0606, 0x0600, 0x0606, 0x0600, 0x0606, 0x0600, 0x0605, 0x0500,
  0x0605, 0x0606, 0x0600, 0x0605, 0x0500, 0x0605, 0x0606, 0x0600, 0x0605, 0x0500, 0x0605, 0x0606,
  0x0600, 0x0605, 0x0500, 0x0605, 0x0606, 0x0600, 0x0605, 0x0500, 0x0605, 0x0606, 0x0600, 0x0605,
  0x0500, 0x0605, 0x0606, 0x0600, 0x0605, 0x0500, 0x0605, 0x0606, 0x0600, 0x0605, 0x0500, 0x0605,
  0x0606, 0x0600, 0x0605, 0x0500, 0x0605, 0x0606, 0x0600, 0x0605, 0x0500, 0x0605, 0x0606, 0x0600,
  0x0605, 0x0500, 0x0605, 0x0606, 0x0600, 0x0605, 0x0500, 0x0605, 0x0606, 0x0600, 0x0605, 0x0500,
  0x0605, 0x0606, 0x0600, 0x0605, 0x0500, 0x0605, 0x0606, 0x0600, 0x0605, 0x0500, 0x0605, 0x0606,
  0x0600, 0x0605, 0x0500, 0x0605, 0x0606, 0x0600, 0x0605, 0x0500, 0x0605, 0x0606, 0x0600, 0x0605,
  0x0500, 0x0605, 0x0606, 0x0600, 0x0605, 0x0500, 0x0605, 0x0606, 0x0600, 0x0605, 0x0500, 0x0605,
  0x0606, 0x0600, 0x0605, 0x0500, 0x0605, 0x0606, 0x0600, 0x0605, 0x0500, 0x0605, 0x0606, 0x0600,
  0x0605, 0x0500, 0x0605, 0x0606, 0x0600, 0x0605, 0x0500, 0x0605, 0x0606, 0x0600, 0x0605, 0x0500,
  0x0605, 0x0606, 0x0600, 0x0605, 0x0500, 0x0605, 0x0606, 0x0600, 0x0605, 0x0500, 0x0605, 0x0606,
  0x0600, 0x0605, 0x0500, 0x0605, 0x0606, 0x0600, 0x0605, 0x0500, 0x0605, 0x0606, 0x0600, 0x0605,
  0x0500, 0x0605, 0x0606, 0x0600, 0x0605, 0x0500, 0x0605, 0x0606, 0x0600, 0x0605, 0x0500, 0x0605,
  0x0606, 0x0600, 0x0605, 0x0500, 0x0605, 0x0606, 0x0600, 0x0605, 0x0500, 0x0605, 0x0606, 0x0600,
  0x0605, 0x0500, 0x0605, 0x0606, 0x0600, 0x0605, 0x0500, 0x0605, 0x0606, 0x0600, 0x0605, 0x0500,
  0x0605, 0x0606, 0x0600, 0x0605, 0x0500, 0x0605, 0x0605, 0x0500, 0x0605, 0x0605, 0x0500, 0x0605,
  0x0605, 0x0500, 0x0605, 0x0605, 0x0500, 0x0605, 0x0605, 0x0500, 0x0605, 0x0606, 0x0600, 0x0606,
  0x0600, 0x0606, 0x0600, 0x0606, 0x0605, 0x0500, 0x0605, 0x0606, 0x0600, 0x0606, 0x0600, 0x0606,
  0x0600, 0x0606, 0x0600, 0x0606, 0x0600, 0x0605, 0x0500, 0x0605, 0x0606, 0x0600, 0x0606, 0x0600,
  0x0606, 0x0600, 0x0605, 0x0500, 0x0605, 0x0606, 0x0600, 0x0605, 0x0500, 0x0605, 0x0606, 0x0600,
  0x0505, 0x0500, 0x0505, 0x0500, 0x0505, 0x0500, 0x0505, 0x0500, 0x0605, 0x0500, 0x0605, 0x0606,
  0x0600, 0x0605, 0x0500, 0x0605, 0x0606, 0x0600, 0x0605, 0x0500, 0x0605, 0x0606, 0x0600, 0x0605,
  0x0500, 0x0605, 0x0606, 0x0600, 0x0505, 0x0500, 0x0505, 0x0500, 0x0505, 0x0500, 0x0505, 0x0500,
  0x0505, 0x0500, 0x0505, 0x0500, 0x0605, 0x0500, 0x0605, 0x0606, 0x0600, 0x0605, 0x0500, 0x0605,
  0x0606, 0x0600, 0x0605, 0x0500, 0x0605, 0x0606, 0x0600, 0x0505, 0x0500, 0x0505, 0x0500, 0x0505,
  0x0500, 0x0505, 0x0500, 0x0605, 0x0500, 0x0605, 0x0606, 0x0600, 0x0606, 0x0600, 0x0606, 0x0600,
  0x0605, 0x0500, 0x0605, 0x0606, 0x0600, 0x0505, 0x0500, 0x0505, 0x0500, 0x0505, 0x0500, 0x0505,
  0x0500, 0x0606, 0x0600, 0x0606, 0x0600, 0x0606, 0x0600, 0x0606, 0x0600, 0x0606, 0x0600, 0x0606,
  0x0600, 0x0606, 0x0600, 0x0606, 0x0600, 0x0605, 0x0500, 0x0605, 0x0606, 0x0600, 0x0605, 0x0500,
  0x0605, 0x0606, 0x0600, 0x0605, 0x0500, 0x0605, 0x0606, 0x0600, 0x0605, 0x0500, 0x0605, 0x0606,
  0x0600, 0x0606, 0x0600, 0x0606, 0x0600, 0x0605, 0x0500, 0x0605, 0x0606, 0x0600, 0x0605, 0x0500,
  0x0605, 0x0606, 0x0600, 0x0605, 0x0500, 0x0605, 0x0606, 0x0600, 0x0605, 0x0500, 0x0605, 0x0606,
  0x0600, 0x0605, 0x0500, 0x0605, 0x0606, 0x0600, 0x0605, 0x0500, 0x0605, 0x0606, 0x0600, 0x0605,
  0x0500, 0x0605, 0x0606, 0x0600, 0x0605, 0x0500, 0x0605, 0x0606, 0x0600, 0x0605, 0x0500, 0x0605,
  0x0606, 0x0600, 0x0605, 0x0500, 0x0605, 0x0606, 0x0600, 0x0605, 0x0500, 0x0605, 0x0606, 0x0600,
  0x0605, 0x0500, 0x0605, 0x0606, 0x0600, 0x0605, 0x0500, 0x0605, 0x0606, 0x0600, 0x0605, 0x0500,
  0x0605, 0x0606, 0x0600, 0x0605, 0x0500, 0x0605, 0x0606, 0x0600, 0x0605, 0x0500, 0x0605, 0x0606,
  0x0600, 0x0605, 0x0500, 0x0605, 0x0606, 0x0600, 0x0605, 0x0500, 0x0605, 0x0606, 0x0600, 0x0605,
  0x0500, 0x0605, 0x0606, 0x0600, 0x0605, 0x0500, 0x0605, 0x0606, 0x0600, 0x0605, 0x0500, 0x0605,
  0x0606, 0x0600, 0x0605, 0x0500, 0x0605, 0x0606, 0x0600, 0x0605, 0x0500, 0x0605, 0x0606, 0x0600,
  0x0605, 0x0500, 0x0605, 0x0606, 0x0600, 0x0605, 0x0500, 0x0605, 0x0606, 0x0600, 0x0605, 0x0500,
  0x0605, 0x0606, 0x0600, 0x0605, 0x0500, 0x0605, 0x0606, 0x0600, 0x0605, 0x0500, 0x0605, 0x0606,
  0x0600, 0x0605, 0x0500, 0x0605, 0x0606, 0x0600, 0x0605, 0x0500, 0x0605, 0x0606, 0x0600, 0x0605,
  0x0500, 0x0605, 0x0606, 0x0600, 0x0605, 0x0500, 0x0605, 0x0606, 0x0600, 0x0606, 0x0600, 0x0606,
  0x0600, 0x0605, 0x0500, 0x0605, 0x0605, 0x0500, 0x0605, 0x0605, 0x0500, 0x0605, 0x0605, 0x0500,
  0x0605, 0x0606, 0x0600, 0x0606, 0x0600, 0x0606, 0x0600, 0x0606, 0x0606, 0x0600, 0x0606, 0x0600,
  0x0606, 0x0600, 0x0606, 0x0606, 0x0600, 0x0606, 0x0600, 0x0605, 0x0500, 0x0605, 0x0606, 0x0600,
  0x0605, 0x0500, 0x0605, 0x0606, 0x0600, 0x0605, 0x0500, 0x0605, 0x0606, 0x0600, 0x0605, 0x0500,
  0x0605, 0x0606, 0x0600, 0x0605, 0x0500, 0x0605, 0x0606, 0x0600, 0x0605, 0x0500, 0x0605, 0x0606,
  0x0600, 0x0605, 0x0500, 0x0605, 0x0606, 0x0600, 0x0605, 0x0500, 0x0605, 0x0606, 0x0600, 0x0605,
  0x0500, 0x0605, 0x0606, 0x0600, 0x0605, 0x0500, 0x0605, 0x0606, 0x0600, 0x0605, 0x0500, 0x0605,
  0x0606, 0x0600, 0x0605, 0x0500, 0x0605, 0x0606, 0x0600, 0x0605, 0x0500, 0x0605, 0x0606, 0x0600,
  0x0605, 0x0500, 0x0605, 0x0606, 0x0600, 0x0605, 0x0500, 0x0605, 0x0606, 0x0600, 0x0606, 0x0600,
  0x0606, 0x0600, 0x0606, 0x0600, 0x0606, 0x0600, 0x0606, 0x0600, 0x0606, 0x0600, 0x0605, 0x0500,
  0x0605, 0x0606, 0x0600, 0x0605, 0x0500, 0x0605, 0x0606, 0x0600, 0x0605, 0x0500, 0x0605, 0x0606,
  0x0600, 0x0605, 0x0500, 0x0605, 0x0606, 0x0600, 0x0605, 0x0500, 0x0605, 0x0606, 0x0600, 0x0605,
  0x0500, 0x0605, 0x0606, 0x0600, 0x0605, 0x0500, 0x0605, 0x0606, 0x0600, 0x0605, 0x0500, 0x0605,
  0x0606, 0x0600, 0x0605, 0x0500, 0x0605, 0x0606, 0x0600, 0x0605, 0x0500, 0x0605, 0x0606, 0x0600,
  0x0605, 0x0500, 0x0605, 0x0606, 0x0600, 0x0605, 0x0500, 0x0605, 0x0606, 0x0600, 0x0605, 0x0500,
  0x0605, 0x0606, 0x0600, 0x0605, 0x0500, 0x0605, 0x0606, 0x0600, 0x0605, 0x0500, 0x0605, 0x0606,
  0x0600, 0x0605, 0x0500, 0x0605, 0x0606, 0x0600, 0x0605, 0x0500, 0x0605, 0x0606, 0x0600, 0x0605,
  0x0500, 0x0605, 0x0606, 0x0600, 0x0606, 0x0600, 0x0606, 0x0600, 0x0606, 0x0600, 0x0606, 0x0600,
  0x0606, 0x0600, 0x0606, 0x0600, 0x0606, 0x0600, 0x0606, 0x0600, 0x0606, 0x0600, 0x0606, 0x0600,
  0x0606, 0x0600, 0x0606, 0x0600, 0x0605, 0x0500, 0x0605, 0x0606, 0x0600, 0x0605, 0x0500, 0x0605,
  0x0606, 0x0600, 0x0605, 0x0500, 0x0605, 0x0606, 0x0600, 0x0606, 0x0600, 0x0606, 0x0600, 0x0605,
  0x0500, 0x0605, 0x0606, 0x0600, 0x0605, 0x0500, 0x0605, 0x0606, 0x0600, 0x0605, 0x0500, 0x0605,
  0x0606, 0x0600, 0x0605, 0x0500, 0x0605, 0x0606, 0x0600, 0x0605, 0x0500, 0x0605, 0x0606, 0x0600,
  0x0606, 0x0600, 0x0606, 0x0600, 0x0606, 0x0600, 0x0606, 0x0600, 0x0606, 0x0600, 0x0606, 0x0605,
  0x0500, 0x0605, 0x0606, 0x0600, 0x0605, 0x0500, 0x0605, 0x0606, 0x0600, 0x0605, 0x0500, 0x0605,
  0x0606, 0x0600, 0x0605, 0x0500, 0x0605, 0x0606, 0x0600, 0x0605, 0x0500, 0x0605, 0x0606, 0x0600,
  0x0605, 0x0500, 0x0605, 0x0606, 0x0600, 0x0605, 0x0500, 0x0605, 0x0606, 0x0600, 0x0606, 0x0600,
  0x0606, 0x0600, 0x0606, 0x0600, 0x0606, 0x0600, 0x0606, 0x0600, 0x0606, 0x0600, 0x0606, 0x0600,
  0x0606, 0x0600, 0x0606, 0x0600, 0x0606, 0x0600, 0x0606, 0x0600, 0x0606, 0x0600, 0x0606, 0x0600,
  0x0606, 0x0600, 0x0605, 0x0500, 0x0605, 0x0606, 0x0600, 0x0605, 0x0500, 0x0605, 0x0606, 0x0600,
  0x0606, 0x0600, 0x0606, 0x0600, 0x0606, 0x0600, 0x0606, 0x0600, 0x0605, 0x0500, 0x0605, 0x0606,
  0x0600, 0x0605, 0x0500, 0x0605, 0x0606, 0x0600, 0x0605, 0x0500, 0x0605, 0x0606, 0x0600, 0x0605,
  0x0500, 0x0605, 0x0606, 0x0600, 0x0605, 0x0500, 0x0605, 0x0606, 0x0600, 0x0606, 0x0600, 0x0606,
  0x0600, 0x0605, 0x0500, 0x0605, 0x0606, 0x0600, 0x0605, 0x0500, 0x0605, 0x0606, 0x0600, 0x0505,
  0x0500, 0x0505, 0x0500, 0x0606, 0x0600, 0x0606, 0x0600, 0x0606, 0x0600, 0x0606, 0x0600, 0x0605,
  0x0500, 0x0605, 0x0606, 0x0600, 0x0606, 0x0600, 0x0606, 0x0600, 0x0605, 0x0500, 0x0605, 0x0606,
  0x0600, 0x0605, 0x0500, 0x0605, 0x0606, 0x0600, 0x0605, 0x0500, 0x0605, 0x0606, 0x0600, 0x0605,
  0x0500, 0x0605, 0x0606, 0x0600, 0x0605, 0x0500, 0x0605, 0x0606, 0x0600, 0x0605, 0x0500, 0x0605,
  0x0606, 0x0600, 0x0605, 0x0500, 0x0605, 0x0606, 0x0600, 0x0605, 0x0500, 0x0605, 0x0606, 0x0600,
  0x0605, 0x0500, 0x0605, 0x0606, 0x0600, 0x0605, 0x0500, 0x0605, 0x0606, 0x0600, 0x0605, 0x0500,
  0x0605, 0x0606, 0x0600, 0x0606, 0x0600, 0x0606, 0x0600, 0x0606, 0x0600, 0x0606, 0x0600, 0x0606,
  0x0600, 0x0606, 0x0600, 0x0606, 0x0600, 0x0606, 0x0600, 0x0606, 0x0600, 0x0606, 0x0600, 0x0605,
  0x0500, 0x0605, 0x0606, 0x0600, 0x0605, 0x0500, 0x0605, 0x0606, 0x0600, 0x0605, 0x0500, 0x0605,
  0x0606, 0x0600, 0x0606, 0x0600, 0x0606, 0x0600, 0x0605, 0x0500, 0x0605, 0x0606, 0x0600, 0x0606,
  0x0600, 0x0606, 0x0600, 0x0606, 0x0600, 0x0606, 0x0600, 0x0606, 0x0600, 0x0606, 0x0600, 0x0606,
  0x0600, 0x0606, 0x0600, 0x0605, 0x0500, 0x0605, 0x0606, 0x0600, 0x0606, 0x0600, 0x0606, 0x0600,
  0x0605, 0x0500, 0x0605, 0x0606, 0x0600, 0x0606, 0x0600, 0x0606, 0x0600, 0x0606, 0x0600, 0x0606,
  0x0600, 0x0606, 0x0600, 0x0606, 0x0600, 0x0606, 0x0600, 0x0606, 0x0600, 0x0606, 0x0600, 0x0606,
  0x0600, 0x0606, 0x0600, 0x0606, 0x0600, 0x0605, 0x0500, 0x0605, 0x0606, 0x0600, 0x0605, 0x0500,
  0x0605, 0x0606, 0x0600, 0x0605, 0x0500, 0x0605, 0x0606, 0x0600, 0x0606, 0x0600, 0x0606, 0x0600,
  0x0606, 0x0600, 0x0606, 0x0600, 0x0606, 0x0600, 0x0606, 0x0600, 0x0606, 0x0600, 0x0606, 0x0600,
  0x0606, 0x0600, 0x0606, 0x0600, 0x0606, 0x0600, 0x0606, 0x0600, 0x0606, 0x0600, 0x0606, 0x0600,
  0x0606, 0x0600, 0x0606, 0x0600, 0x0606, 0x0600, 0x0606, 0x0600, 0x0606, 0x0600, 0x0606, 0x0600,
  0x0606, 0x0600, 0x0606, 0x0600, 0x0606, 0x0600, 0x0606, 0x0600, 0x0605, 0x0500, 0x0605, 0x0606,
  0x0600, 0x0605, 0x0500, 0x0605, 0x0606, 0x0600, 0x0605, 0x0500, 0x0605, 0x0606, 0x0600, 0x0605,
  0x0500, 0x0605, 0x0606, 0x0600, 0x0605, 0x0500, 0x0605, 0x0606, 0x0600, 0x0605, 0x0500, 0x0605,
  0x0606, 0x0600, 0x0605, 0x0500, 0x0605, 0x0606, 0x0600, 0x0605, 0x0500, 0x0605, 0x0606, 0x0600,
  0x0605, 0x0500, 0x0605, 0x0606, 0x0600, 0x0605, 0x0500, 0x0605, 0x0606, 0x0600, 0x0605, 0x0500,
  0x0605, 0x0606, 0x0600, 0x0605, 0x0500, 0x0605, 0x0606, 0x0600, 0x0606, 0x0600, 0x0606, 0x0600,
  0x0606, 0x0600, 0x0606, 0x0600, 0x0606, 0x0600, 0x0606, 0x0600, 0x0606, 0x0600, 0x0606, 0x0600,
  0x0606, 0x0600, 0x0606, 0x0600, 0x0605, 0x0500, 0x0605, 0x0606, 0x0600, 0x0606, 0x0600, 0x0606,
  0x0600, 0x0606, 0x0600, 0x0606, 0x0600, 0x0606, 0x0600, 0x0606, 0x0600, 0x0606, 0x0600, 0x0606,
  0x0600, 0x0606, 0x0600, 0x0606, 0x0600, 0x0606, 0x0600, 0x0606, 0x0600, 0x0606, 0x0600, 0x0606,
  0x0600, 0x0606, 0x0600, 0x0606, 0x0600, 0x0606, 0x0600, 0x0606, 0x0600, 0x0606, 0x0600, 0x0606,
  0x0600, 0x0606, 0x0600, 0x0606, 0x0600, 0x0606, 0x0600, 0x0606, 0x0600, 0x0606, 0x0600, 0x0606,
  0x0600, 0x0606, 0x0600, 0x0606, 0x0600, 0x0606, 0x0600, 0x0606, 0x0600, 0x0606, 0x0600, 0x0606,
  0x0600, 0x0606, 0x0600, 0x0606, 0x0600, 0x0606, 0x0600, 0x0606, 0x0600, 0x0606, 0x0600, 0x0606,
  0x0600, 0x0606, 0x0600, 0x0606, 0x0600, 0x0606, 0x0600, 0x0606, 0x0600, 0x0606, 0x0600, 0x0606,
  0x0600, 0x0606, 0x0600, 0x0606, 0x0600, 0x0606, 0x0600, 0x0606, 0x0600, 0x0606, 0x0600, 0x0606,
  0x0600, 0x0505, 0x0500, 0x0505, 0x0500, 0x0505, 0x0500, 0x0505, 0x0500, 0x0505, 0x0500, 0x0505,
  0x0500, 0x0505, 0x0500, 0x0505, 0x0500, 0x0505, 0x0500, 0x0505, 0x0500, 0x0605, 0x0500, 0x0605,
  0x0606, 0x0600, 0x0605, 0x0500, 0x0605, 0x0606, 0x0600, 0x0605, 0x0500, 0x0605, 0x0606, 0x0600,
  0x0605, 0x0500, 0x0605, 0x0606, 0x0600, 0x0605, 0x0500, 0x0605, 0x0606, 0x0600, 0x0605, 0x0500,
  0x0605, 0x0606, 0x0600, 0x0605, 0x0500, 0x0605, 0x0606, 0x0600, 0x0606, 0x0600, 0x0606, 0x0606,
  0x0600, 0x0606, 0x0600, 0x0505, 0x0500, 0x0505, 0x0500, 0x0606, 0x0600, 0x0606, 0x0600, 0x0606,
  0x0600, 0x0606, 0x0600, 0x0505, 0x0500, 0x0505, 0x0500, 0x0505, 0x0500, 0x0505, 0x0500, 0x0505,
  0x0500, 0x0505, 0x0500, 0x0606, 0x0600, 0x0606, 0x0606, 0x0600, 0x0606, 0x0600, 0x0606, 0x0600,
  0x0606, 0x0600, 0x0606, 0x0600, 0x0606, 0x0600, 0x0606, 0x0600, 0x0606, 0x0600, 0x0606, 0x0600,
  0x0606, 0x0600, 0x0606, 0x0600, 0x0606, 0x0600, 0x0606, 0x0600, 0x0606, 0x0600, 0x0606, 0x0600,
  0x0606, 0x0600, 0x0606, 0x0600, 0x0606, 0x0600, 0x0606, 0x0600, 0x0606, 0x0600, 0x0606, 0x0600,
  0x0606, 0x0600, 0x0606, 0x0600, 0x0606, 0x0600, 0x0606, 0x0600, 0x0606, 0x0600, 0x0605, 0x0500,
  0x0605, 0x0606, 0x0600, 0x0605, 0x0500, 0x0605, 0x0606, 0x0600, 0x0605, 0x0500, 0x0605, 0x0606,
  0x0600, 0x0605, 0x0500, 0x0605, 0x0606, 0x0600, 0x0605, 0x0500, 0x0605, 0x0606, 0x0600, 0x0606,
  0x0600, 0x0606, 0x0600, 0x0606, 0x0600, 0x0606, 0x0600, 0x0605, 0x0500, 0x0605, 0x0606, 0x0600,
  0x0605, 0x0500, 0x0605, 0x0606, 0x0600, 0x0605, 0x0500, 0x0605, 0x0606, 0x0600, 0x0605, 0x0500,
  0x0605, 0x0606, 0x0600, 0x0605, 0x0500, 0x0605, 0x0606, 0x0600, 0x0605, 0x0500, 0x0605, 0x0606,
  0x0600, 0x0605, 0x0500, 0x0605, 0x0606, 0x0600, 0x0605, 0x0500, 0x0605, 0x0606, 0x0600, 0x0605,
  0x0500, 0x0605, 0x0606, 0x0600, 0x0605, 0x0500, 0x0605, 0x0606, 0x0600, 0x0605, 0x0500, 0x0605,
  0x0606, 0x0600, 0x0605, 0x0500, 0x0605, 0x0606, 0x0600, 0x0605, 0x0500, 0x0605, 0x0606, 0x0600,
  0x0605, 0x0500, 0x0605, 0x0606, 0x0600, 0x0605, 0x0500, 0x0605, 0x0606, 0x0600, 0x0605, 0x0500,
  0x0605, 0x0606, 0x0600, 0x0605, 0x0500, 0x0605, 0x0606, 0x0600, 0x0605, 0x0500, 0x0605, 0x0606,
  0x0600, 0x0605, 0x0500, 0x0605, 0x0606, 0x0600, 0x0605, 0x0500, 0x0605, 0x0606, 0x0600, 0x0605,
  0x0500, 0x0605, 0x0606, 0x0600, 0x0605, 0x0500, 0x0605, 0x0606, 0x0600, 0x0605, 0x0500, 0x0605,
  0x0606, 0x0600, 0x0605, 0x0500, 0x0605, 0x0606, 0x0600, 0x0605, 0x0500, 0x0605, 0x0606, 0x0600,
  0x0605, 0x0500, 0x0605, 0x0606, 0x0600, 0x0605, 0x0500, 0x0605, 0x0606, 0x0600, 0x0605, 0x0500,
  0x0605, 0x0606, 0x0600, 0x0605, 0x0500, 0x0605, 0x0606, 0x0600, 0x0605, 0x0500, 0x0605, 0x0606,
  0x0600, 0x0605, 0x0500, 0x0605, 0x0606, 0x0600, 0x0605, 0x0500, 0x0605, 0x0606, 0x0600, 0x0605,
  0x0500, 0x0605, 0x0606, 0x0600, 0x0605, 0x0500, 0x0605, 0x0606, 0x0600, 0x0605, 0x0500, 0x0605,
  0x0606, 0x0600, 0x0605, 0x0500, 0x0605, 0x0606, 0x0600, 0x0605, 0x0500, 0x0605, 0x0606, 0x0600,
  0x0605, 0x0500, 0x0605, 0x0606, 0x0600, 0x0605, 0x0500, 0x0605, 0x0606, 0x0600, 0x0605, 0x0500,
  0x0605, 0x0606, 0x0600, 0x0605, 0x0500, 0x0605, 0x0606, 0x0600, 0x0605, 0x0500, 0x0605, 0x0606,
  0x0600, 0x0605, 0x0500, 0x0605, 0x0606, 0x0600, 0x0605, 0x0500, 0x0605, 0x0606, 0x0600, 0x0605,
  0x0500, 0x0605, 0x0606, 0x0600, 0x0605, 0x0500, 0x0605, 0x0606, 0x0600, 0x0605, 0x0500, 0x0605,
  0x0606, 0x0600, 0x0605, 0x0500, 0x0605, 0x0606, 0x0600, 0x0605, 0x0500, 0x0605, 0x0606, 0x0600,
  0x0605, 0x0500, 0x0605, 0x0606, 0x0600, 0x0605, 0x0500, 0x0605, 0x0606, 0x0600, 0x0605, 0x0500,
  0x0605, 0x0606, 0x0600, 0x0605, 0x0500, 0x0605, 0x0606, 0x0600, 0x0605, 0x0500, 0x0605, 0x0606,
  0x0600, 0x0605, 0x0500, 0x0605, 0x0606, 0x0600, 0x0605, 0x0500, 0x0605, 0x0606, 0x0600, 0x0605,
  0x0500, 0x0605, 0x0606, 0x0600, 0x0605, 0x0500, 0x0605, 0x0606, 0x0600, 0x0605, 0x0500, 0x0605,
  0x0605, 0x0500, 0x0605, 0x0605, 0x0500, 0x0605, 0x0605, 0x0500, 0x0605, 0x0606, 0x0600, 0x0606,
  0x0600, 0x0605, 0x0500, 0x0605, 0x0606, 0x0600, 0x0605, 0x0500, 0x0605, 0x0606, 0x0600, 0x0606,
  0x0600, 0x0606, 0x0600, 0x0606, 0x0600, 0x0606, 0x0600, 0x0606, 0x0600, 0x0606, 0x0600, 0x0606,
  0x0600, 0x0606, 0x0600, 0x0606, 0x0600, 0x0606, 0x0600, 0x0606, 0x0600, 0x0606, 0x0600, 0x0606,
  0x0600, 0x0606, 0x0600, 0x0606, 0x0600, 0x0606, 0x0600, 0x0605, 0x0500, 0x0605, 0x0606, 0x0600,
  0x0605, 0x0500, 0x0605, 0x0606, 0x0600, 0x0605, 0x0500, 0x0605, 0x0606, 0x0600, 0x0605, 0x0500,
  0x0605, 0x0606, 0x0600, 0x0605, 0x0500, 0x0605, 0x0606, 0x0600, 0x0605, 0x0500, 0x0605, 0x0606,
  0x0600, 0x0606, 0x0600, 0x0606, 0x0600, 0x0300, 0x0300, 0x0300, 0x0300, 0x0300, 0x0300, 0x0300,
  0x0300, 0x0300, 0x0300, 0x0300, 0x0300, 0x0300, 0x0300, 0x0403, 0x0300, 0x0300, 0x0300, 0x0300,
  0x0300, 0x0300, 0x0300, 0x0300, 0x0300, 0x0300, 0x0300, 0x0300, 0x0300, 0x0300, 0x0300, 0x0300,
  0x0300, 0x0300, 0x0300, 0x0300, 0x0300, 0x0300, 0x0300, 0x0300, 0x0300, 0x0300, 0x0300, 0x0300,
  0x0300, 0x0300, 0x0300, 0x0300, 0x0300, 0x0300, 0x0300, 0x0300, 0x0300, 0x0300, 0x0300, 0x0300,
  0x0300, 0x0300, 0x0300, 0x0300, 0x0300, 0x0300, 0x0300, 0x0300, 0x0300, 0x0300, 0x0300, 0x0300,
  0x0300, 0x0300, 0x0300, 0x0300, 0x0300, 0x0300, 0x0300, 0x0300, 0x0300, 0x0403, 0x0300, 0x0403,
  0x0300, 0x0403, 0x0300, 0x0403, 0x0300, 0x0403, 0x0300, 0x0403, 0x0300, 0x0403, 0x0300, 0x0403,
  0x0300, 0x0403, 0x0300, 0x0403, 0x0300, 0x0403, 0x0300, 0x0403, 0x0300, 0x0403, 0x0300, 0x0403,
  0x0300, 0x0403, 0x0300, 0x0403, 0x0300, 0x0403, 0x0300, 0x0403, 0x0300, 0x0403, 0x0300, 0x0403,
  0x0300, 0x0403, 0x0300, 0x0403, 0x0300, 0x0403, 0x0300, 0x0403, 0x0300, 0x0403, 0x0300, 0x0403,
  0x0300, 0x0403, 0x0300, 0x0403, 0x0300, 0x0403, 0x0300, 0x0403, 0x0300, 0x0403, 0x0300, 0x0403,
  0x0300, 0x0403, 0x0300, 0x0403, 0x0300, 0x0403, 0x0300, 0x0403, 0x0300, 0x0403, 0x0300, 0x0403,
  0x0300, 0x0403, 0x0300, 0x0403, 0x0300, 0x0403, 0x0300, 0x0403, 0x0300, 0x0403, 0x0300, 0x0403,
  0x0300, 0x0403, 0x0300, 0x0403, 0x0300, 0x0403, 0x0300, 0x0403, 0x0300, 0x0403, 0x0300, 0x0403,
  0x0300, 0x0403, 0x0300, 0x0403, 0x0300, 0x0403, 0x0300, 0x0403, 0x0300, 0x0403, 0x0300, 0x0403,
  0x0300, 0x0403, 0x0300, 0x0403, 0x0300, 0x0403, 0x0300, 0x0403, 0x0300, 0x0403, 0x0300, 0x0403,
  0x0300, 0x0403, 0x0300, 0x0403, 0x0300, 0x0403, 0x0300, 0x0403, 0x0300, 0x0403, 0x0300, 0x0403,
  0x0300, 0x0403, 0x0300, 0x0403, 0x0300, 0x0403, 0x0300, 0x0403, 0x0300, 0x0403, 0x0300, 0x0403,
  0x0300, 0x0403, 0x0300, 0x0403, 0x0300, 0x0403, 0x0300, 0x0403, 0x0300, 0x0403, 0x0300, 0x0403,
  0x0300, 0x0403, 0x0300, 0x0403, 0x0300, 0x0403, 0x0300, 0x0403, 0x0300, 0x0403, 0x0300, 0x0403,
  0x0300, 0x0403, 0x0300, 0x0403, 0x0300, 0x0403, 0x0300, 0x0403, 0x0300, 0x0403, 0x0300, 0x0403,
  0x0300, 0x0300, 0x0300, 0x0300, 0x0300, 0x0300, 0x0300, 0x0300, 0x0300, 0x0300, 0x0300, 0x0300,
  0x0300, 0x0300, 0x0300, 0x0300, 0x0300, 0x0300, 0x0300, 0x0300, 0x0300, 0x0300, 0x0403, 0x0300,
  0x0403, 0x0300, 0x0403, 0x0300, 0x0300, 0x0300, 0x0300, 0x0403, 0x0201, 0x0100, 0x0301, 0x0201,
  0x0201, 0x0100, 0x0301, 0x0201, 0x0201, 0x0201, 0x0100, 0x0301, 0x0201, 0x0201, 0x0201, 0x0100,
  0x0301, 0x0201, 0x0100, 0x0301, 0x0201, 0x0100, 0x0301, 0x0201, 0x0201, 0x0201, 0x0201, 0x0100,
  0x0301, 0x0201, 0x0100, 0x0301, 0x0201, 0x0100, 0x0301, 0x0201, 0x0100, 0x0301, 0x0201, 0x0100,
  0x0301, 0x0201, 0x0201, 0x0100, 0x0301, 0x0201, 0x0201, 0x0100, 0x0301, 0x0201, 0x0201, 0x0201,
  0x0201, 0x0100, 0x0301, 0x0201, 0x0201, 0x0100, 0x0301, 0x0201, 0x0201, 0x0100, 0x0301, 0x0201,
  0x0100, 0x0301, 0x0201, 0x0100, 0x0301, 0x0201, 0x0201, 0x0100, 0x0301, 0x0201, 0x0201, 0x0201,
  0x0201, 0x0100, 0x0301, 0x0201, 0x0201, 0x0201, 0x0100, 0x0301, 0x0201, 0x0100, 0x0301, 0x0201,
  0x0201, 0x0201, 0x0201, 0x0100, 0x0301, 0x0201, 0x0201, 0x0201, 0x0201, 0x0100, 0x0301, 0x0201,
  0x0201, 0x0100, 0x0301, 0x0201, 0x0201, 0x0100, 0x0301, 0x0201, 0x0201, 0x0100, 0x0301, 0x0201,
  0x0201, 0x0100, 0x0301, 0x0201, 0x0201, 0x0100, 0x0301, 0x0201, 0x0201, 0x0201, 0x0100, 0x0301,
  0x0201, 0x0201, 0x0201, 0x0201, 0x0100, 0x0301, 0x0201, 0x0100, 0x0301, 0x0201, 0x0201, 0x0100,
  0x0301, 0x0201, 0x0201, 0x0100, 0x0301, 0x0201, 0x0100, 0x0301, 0x0201, 0x0201, 0x0201, 0x0100,
  0x0301, 0x0201, 0x0201, 0x0100, 0x0301, 0x0201, 0x0201, 0x0100, 0x0301, 0x0201, 0x0201, 0x0201,
  0x0100, 0x0301, 0x0201, 0x0100, 0x0301, 0x0201, 0x0100, 0x0301, 0x0201, 0x0100, 0x0301, 0x0201,
  0x0100, 0x0301, 0x0201, 0x0201, 0x0201, 0x0100, 0x0301, 0x0201, 0x0201, 0x0100, 0x0301, 0x0201,
  0x0201, 0x0100, 0x0301, 0x0201, 0x0201, 0x0201, 0x0100, 0x0301, 0x0201, 0x0100, 0x0301, 0x0201,
  0x0201, 0x0100, 0x0301, 0x0201, 0x0201, 0x0100, 0x0301, 0x0201, 0x0201, 0x0100, 0x0301, 0x0201,
  0x0201, 0x0201, 0x0100, 0x0301, 0x0201, 0x0100, 0x0301, 0x0201, 0x0100, 0x0301, 0x0201, 0x0100,
  0x0301, 0x0201, 0x0201, 0x0100, 0x0301, 0x0201, 0x0201, 0x0201, 0x0201, 0x0100, 0x0301, 0x0201,
  0x0201, 0x0100, 0x0301, 0x0201, 0x0201, 0x0100, 0x0301, 0x0201, 0x0201, 0x0100, 0x0301, 0x0201,
  0x0100, 0x0301, 0x0201, 0x0201, 0x0100, 0x0301, 0x0201, 0x0100, 0x0301, 0x0201, 0x0201, 0x0100,
  0x0301, 0x0201, 0x0201, 0x0100, 0x0301, 0x0201, 0x0201, 0x0100, 0x0301, 0x0201, 0x0201, 0x0201,
  0x0201, 0x0100, 0x0301, 0x0201, 0x0201, 0x0100, 0x0301, 0x0201, 0x0100, 0x0301, 0x0201, 0x0100,
  0x0301, 0x0201, 0x0100, 0x0301, 0x0201, 0x0201, 0x0201, 0x0100, 0x0301, 0x0201, 0x0201, 0x0100,
  0x0301, 0x0201, 0x0201, 0x0100, 0x0301, 0x0201, 0x0201, 0x0201, 0x0201, 0x0100, 0x0301, 0x0201,
  0x0201, 0x0100, 0x0301, 0x0201, 0x0100, 0x0301, 0x0201, 0x0100, 0x0301, 0x0201, 0x0100, 0x0301,
  0x0201, 0x0201, 0x0201, 0x0100, 0x0301, 0x0201, 0x0201, 0x0100, 0x0301, 0x0201, 0x0201, 0x0201,
  0x0100, 0x0301, 0x0201, 0x0201, 0x0201, 0x0100, 0x0301, 0x0201, 0x0201, 0x0201, 0x0100, 0x0301,
  0x0201, 0x0201, 0x0201, 0x0201, 0x0201, 0x0100, 0x0301, 0x0201, 0x0201, 0x0100, 0x0301, 0x0201,
  0x0201, 0x0100, 0x0301, 0x0201, 0x0201, 0x0100, 0x0301, 0x0201, 0x0201, 0x0100, 0x0301, 0x0201,
  0x0201, 0x0100, 0x0301, 0x0201, 0x0201, 0x0201, 0x0100, 0x0301, 0x0201, 0x0201, 0x0201, 0x0201,
  0x0201, 0x0201, 0x0100, 0x0301, 0x0201, 0x0201, 0x0201, 0x0100, 0x0301, 0x0201, 0x0201, 0x0100,
  0x0301, 0x0201, 0x0201, 0x0100, 0x0301, 0x0201, 0x0201, 0x0100, 0x0301, 0x0201, 0x0201, 0x0201,
  0x0201, 0x0100, 0x0301, 0x0201, 0x0201, 0x0201, 0x0201, 0x0100, 0x0301, 0x0201, 0x0201, 0x0100,
  0x0301, 0x0201, 0x0201, 0x0100, 0x0301, 0x0201, 0x0201, 0x0100, 0x0301, 0x0201, 0x0100, 0x0301,
  0x0201, 0x0100, 0x0301, 0x0201, 0x0201, 0x0100, 0x0301, 0x0201, 0x0201, 0x0100, 0x0301, 0x0201,
  0x0201, 0x0100, 0x0301, 0x0201, 0x0201, 0x0201, 0x0100, 0x0301, 0x0201, 0x0100, 0x0301, 0x0201,
  0x0201, 0x0100, 0x0301, 0x0201, 0x0201, 0x0201, 0x0201, 0x0100, 0x0301, 0x0201, 0x0201, 0x0100,
  0x0301, 0x0201, 0x0201, 0x0100, 0x0301, 0x0201, 0x0201, 0x0201, 0x0201, 0x0100, 0x0301, 0x0201,
  0x0201, 0x0100, 0x0301, 0x0201, 0x0201, 0x0100, 0x0301, 0x0201, 0x0201, 0x0201, 0x0201, 0x0100,
  0x0301, 0x0201, 0x0201, 0x0100, 0x0301, 0x0201, 0x0100, 0x0301, 0x0201, 0x0201, 0x0201, 0x0100,
  0x0301, 0x0201, 0x0201, 0x0100, 0x0301, 0x0201, 0x0201, 0x0100, 0x0301, 0x0201, 0x0201, 0x0100,
  0x0301, 0x0201, 0x0100, 0x0301, 0x0201, 0x0100, 0x0301, 0x0201, 0x0201, 0x0100, 0x0301, 0x0201,
  0x0201, 0x0100, 0x0301, 0x0201, 0x0201, 0x0100, 0x0301, 0x0201, 0x0201, 0x0201, 0x0100, 0x0301,
  0x0201, 0x0100, 0x0301, 0x0201, 0x0201, 0x0100, 0x0301, 0x0201, 0x0201, 0x0201, 0x0201, 0x0100,
  0x0301, 0x0201, 0x0201, 0x0100, 0x0301, 0x0201, 0x0100, 0x0301, 0x0201, 0x0201, 0x0201, 0x0100,
  0x0301, 0x0201, 0x0201, 0x0100, 0x0301, 0x0201, 0x0201, 0x0100, 0x0301, 0x0201, 0x0201, 0x0201,
  0x0201, 0x0100, 0x0301, 0x0201, 0x0201, 0x0100, 0x0301, 0x0201, 0x0201, 0x0100, 0x0301, 0x0201,
  0x0201, 0x0201, 0x0201, 0x0100, 0x0301, 0x0201, 0x0201, 0x0100, 0x0301, 0x0201, 0x0201, 0x0100,
  0x0301, 0x0201, 0x0201, 0x0100, 0x0301, 0x0201, 0x0100, 0x0301, 0x0201, 0x0100, 0x0301, 0x0201,
  0x0201, 0x0100, 0x0301, 0x0201, 0x0201, 0x0100, 0x0301, 0x0201, 0x0201, 0x0201, 0x0100, 0x0301,
  0x0201, 0x0201, 0x0100, 0x0301, 0x0201, 0x0201, 0x0100, 0x0301, 0x0201, 0x0201, 0x0100, 0x0301,
  0x0201, 0x0100, 0x0301, 0x0201, 0x0100, 0x0301, 0x0201, 0x0201, 0x0100, 0x0301, 0x0201, 0x0201,
  0x0100, 0x0301, 0x0201, 0x0201, 0x0100, 0x0301, 0x0201, 0x0201, 0x0201, 0x0100, 0x0301, 0x0201,
  0x0100, 0x0301, 0x0201, 0x0201, 0x0201, 0x0100, 0x0301, 0x0201, 0x0201, 0x0201, 0x0201, 0x0301,
  0x0301, 0x0301, 0x0301, 0x0301, 0x0301, 0x0301, 0x0301, 0x0201, 0x0100, 0x0401, 0x0201, 0x0201,
  0x0301, 0x0301, 0x0301, 0x0301, 0x0301, 0x0301, 0x0201, 0x0100, 0x0401, 0x0201, 0x0201, 0x0301,
  0x0301, 0x0301, 0x0301, 0x0301, 0x0301, 0x0301, 0x0301, 0x0201, 0x0100, 0x0401, 0x0201, 0x0201,
  0x0301, 0x0301, 0x0301, 0x0301, 0x0301, 0x0301, 0x0201, 0x0100, 0x0401, 0x0201, 0x0301, 0x0301,
  0x0301, 0x0301, 0x0201, 0x0100, 0x0401, 0x0201, 0x0301, 0x0301, 0x0301, 0x0201, 0x0201, 0x0201,
  0x0201, 0x0100, 0x0301, 0x0201, 0x0201, 0x0100, 0x0401, 0x0201, 0x0201, 0x0301, 0x0301, 0x0301,
  0x0301, 0x0301, 0x0301, 0x0301, 0x0301, 0x0201, 0x0100, 0x0401, 0x0201, 0x0201, 0x0301, 0x0301,
  0x0301, 0x0301, 0x0301, 0x0301, 0x0201, 0x0100, 0x0401, 0x0201, 0x0201, 0x0301, 0x0301, 0x0301,
  0x0301, 0x0301, 0x0301, 0x0301, 0x0301, 0x0201, 0x0100, 0x0401, 0x0201, 0x0201, 0x0301, 0x0301,
  0x0301, 0x0301, 0x0301, 0x0301, 0x0201, 0x0201, 0x0301, 0x0301, 0x0301, 0x0301, 0x0201, 0x0100,
  0x0401, 0x0201, 0x0301, 0x0301, 0x0301, 0x0201, 0x0100, 0x0301, 0x0201, 0x0201, 0x0201, 0x0100,
  0x0301, 0x0201, 0x0201, 0x0100, 0x0401, 0x0201, 0x0201, 0x0301, 0x0301, 0x0301, 0x0301, 0x0301,
  0x0301, 0x0301, 0x0301, 0x0201, 0x0100, 0x0401, 0x0201, 0x0201, 0x0301, 0x0301, 0x0301, 0x0301,
  0x0301, 0x0301, 0x0201, 0x0201, 0x0201, 0x0301, 0x0301, 0x0301, 0x0301, 0x0301, 0x0301, 0x0301,
  0x0301, 0x0201, 0x0100, 0x0401, 0x0201, 0x0201, 0x0301, 0x0301, 0x0301, 0x0301, 0x0301, 0x0301,
  0x0201, 0x0100, 0x0401, 0x0201, 0x0301, 0x0301, 0x0301, 0x0301, 0x0201, 0x0100, 0x0401, 0x0201,
  0x0301, 0x0301, 0x0301, 0x0201, 0x0100, 0x0301, 0x0201, 0x0201, 0x0201, 0x0100, 0x0301, 0x0201,
  0x0201, 0x0201, 0x0201, 0x0301, 0x0301, 0x0301, 0x0301, 0x0301, 0x0301, 0x0301, 0x0301, 0x0201,
  0x0100, 0x0401, 0x0201, 0x0201, 0x0301, 0x0301, 0x0301, 0x0301, 0x0301, 0x0301, 0x0201, 0x0100,
  0x0401, 0x0201, 0x0201, 0x0301, 0x0301, 0x0301, 0x0301, 0x0301, 0x0301, 0x0301, 0x0301, 0x0201,
  0x0100, 0x0401, 0x0201, 0x0201, 0x0301, 0x0301, 0x0301, 0x0301, 0x0301, 0x0301, 0x0201, 0x0100,
  0x0401, 0x0201, 0x0301, 0x0301, 0x0301, 0x0301, 0x0201, 0x0100, 0x0401, 0x0201, 0x0301, 0x0301,
  0x0301, 0x0201, 0x0201, 0x0201, 0x0201, 0x0100, 0x0301, 0x0201, 0x0201, 0x0100, 0x0401, 0x0201,
  0x0201, 0x0301, 0x0301, 0x0301, 0x0301, 0x0301, 0x0301, 0x0301, 0x0301, 0x0201, 0x0100, 0x0401,
  0x0201, 0x0201, 0x0301, 0x0301, 0x0301, 0x0301, 0x0301, 0x0301, 0x0201, 0x0100, 0x0401, 0x0201,
  0x0201, 0x0301, 0x0301, 0x0301, 0x0301, 0x0301, 0x0301, 0x0301, 0x0301, 0x0201, 0x0100, 0x0401,
  0x0201, 0x0201, 0x0301, 0x0301, 0x0301, 0x0301, 0x0301, 0x0301, 0x0201, 0x0201, 0x0301, 0x0301,
  0x0301, 0x0301, 0x0201, 0x0100, 0x0401, 0x0201, 0x0301, 0x0301, 0x0301, 0x0201, 0x0100, 0x0301,
  0x0201, 0x0201, 0x0201, 0x0100, 0x0301, 0x0201, 0x0201, 0x0100, 0x0401, 0x0201, 0x0201, 0x0301,
  0x0301, 0x0301, 0x0301, 0x0301, 0x0301, 0x0301, 0x0301, 0x0201, 0x0100, 0x0401, 0x0201, 0x0201,
  0x0301, 0x0301, 0x0301, 0x0301, 0x0301, 0x0301, 0x0201, 0x0201, 0x0201, 0x0301, 0x0301, 0x0301,
  0x0301, 0x0301, 0x0301, 0x0301, 0x0301, 0x0201, 0x0100, 0x0401, 0x0201, 0x0201, 0x0301, 0x0301,
  0x0301, 0x0301, 0x0301, 0x0301, 0x0201, 0x0100, 0x0401, 0x0201, 0x0301, 0x0301, 0x0301, 0x0301,
  0x0201, 0x0100, 0x0401, 0x0201, 0x0301, 0x0301, 0x0301, 0x0201, 0x0201, 0x0201, 0x0201, 0x0100,
  0x0301, 0x0201, 0x0201, 0x0201, 0x0201, 0x0100, 0x0301, 0x0201, 0x0201, 0x0100, 0x0301, 0x0201,
  0x0201, 0x0201, 0x0100, 0x0301, 0x0201, 0x0201, 0x0201, 0x0201, 0x0100, 0x0301, 0x0201, 0x0201,
  0x0201, 0x0201, 0x0100, 0x0301, 0x0201, 0x0100, 0x0301, 0x0201, 0x0201, 0x0201, 0x0100, 0x0301,
  0x0201, 0x0201, 0x0201, 0x0100, 0x0301, 0x0201, 0x0201, 0x0201, 0x0201, 0x0100, 0x0301, 0x0201,
  0x0203, 0x0300, 0x0203, 0x0203, 0x0300, 0x0203, 0x0201, 0x0201, 0x0201, 0x0100, 0x0301, 0x0201,
  0x0201, 0x0100, 0x0301, 0x0201, 0x0201, 0x0100, 0x0301, 0x0201, 0x0203, 0x0300, 0x0203, 0x0300,
  0x0203, 0x0300, 0x0203, 0x0300, 0x0203, 0x0203, 0x0300, 0x0203, 0x0300, 0x0203, 0x0300, 0x0203,
  0x0202, 0x0200, 0x0302, 0x0202, 0x0200, 0x0302, 0x0202, 0x0200, 0x0302, 0x0302, 0x0200, 0x0402,
  0x0302, 0x0200, 0x0402, 0x0302, 0x0200, 0x0402, 0x0202, 0x0200, 0x0302, 0x0302, 0x0200, 0x0402,
  0x0302, 0x0200, 0x0402, 0x0302, 0x0200, 0x0402, 0x0202, 0x0200, 0x0302, 0x0202, 0x0200, 0x0302,
  0x0302, 0x0200, 0x0402, 0x0302, 0x0200, 0x0402, 0x0302, 0x0200, 0x0402, 0x0202, 0x0200, 0x0302,
  0x0302, 0x0200, 0x0402, 0x0302, 0x0200, 0x0402, 0x0202, 0x0302, 0x0202, 0x0302, 0x0302, 0x0200,
  0x0502, 0x0402, 0x0302, 0x0200, 0x0502, 0x0402, 0x0302, 0x0200, 0x0502, 0x0402, 0x0202, 0x0302,
  0x0202, 0x0200, 0x0302, 0x0202, 0x0200, 0x0302, 0x0302, 0x0200, 0x0402, 0x0302, 0x0200, 0x0402,
  0x0202, 0x0302, 0x0302, 0x0200, 0x0502, 0x0402,
};
constexpr uint32_t NFC_VECTOR_COUNT{ 7722U };
